atk,kind,remote_only,u_marg,u_marg_sd,u_solo,u_loo,u_greedy,n_cnt
none,true,True,0.6443915459678025,0.4536419638483242,0.9825163021715859,0.03576698480098983,0.9825163021715877,14
none,true,True,0.6136634999441708,0.6843928449607464,1.370288258590394,-0.005393120766374437,-0.00539312076637577,20
none,true,True,0.9573049697403877,0.0,0.9573049697403881,0.9573049697403881,0.9573049697403881,17
none,true,True,0.6355709224874437,0.44249731533214914,0.9484637748156484,0.009785217831034032,0.009785217831033921,9
none,true,True,0.6609132657869723,0.5114481266040557,1.0689077291459714,0.01977910907997149,1.0689077291459714,18
none,true,True,0.33892258067218567,0.4600966826073456,0.9895975492183631,0.013585096399097552,0.989597549218364,12
none,true,False,-3.7598562219690597,5.960464477539063e-08,-3.759856221969061,-3.759856221969061,-3.759856221969061,16
none,honest_fp,False,0.0,0.0,0.0,0.0,0.0,10
none,honest_fp,False,-2.897998502257302,0.0,-2.8979985022573036,-2.897998502257302,-2.897998502257302,16
none,true,True,0.9654990410257577,0.0,0.9654990410257565,0.9654990410257582,0.9654990410257578,16
none,true,True,0.3878636696831878,0.46851940563343647,0.9288632796092422,-0.01788603776135389,-0.017886037761354,21
none,true,True,0.4087891840480448,0.4598566994208659,0.9719963182388138,0.033317761254199496,0.9719963182388138,15
none,true,True,0.637484547890208,0.5114481266040556,1.045479011249208,-0.0036496088167918828,-0.003649608816792549,18
none,true,True,0.2237388529546847,0.41400740519191104,0.970101316875299,-0.0059111359439647515,-0.005911135943965862,17
none,true,True,0.9684778938045161,0.0,0.9684778938045167,0.9684778938045167,0.9684778938045167,8
none,honest_fp,False,-2.3153034981772733,5.1619136559035694e-08,-2.3153034981772738,-2.3153034981772738,-2.3153034981772738,18
none,honest_fp,False,0.0,0.0,0.0,0.0,0.0,16
none,true,True,0.952974392707266,0.0,0.9529743927072634,0.9529743927072669,0.9529743927072659,16
none,true,True,0.8833228806178574,0.6739434856144445,1.4335954323605655,0.057914053003795374,1.4335954323605655,15
none,true,False,3.6553477988154564,4.2146848510894035e-08,3.6553477988154572,3.655347798815459,3.6553477988154572,20
none,honest_fp,False,-0.9999999999999999,0.0,-1.0,-1.0,-1.0,13
none,true,True,0.5546089774205233,0.4587541461526947,0.9423269959158205,0.011803751527107664,0.9423269959158214,12
none,true,True,0.9330617441583122,0.0,0.9330617441583122,0.9330617441583122,0.9330617441583113,20
none,true,True,0.5173825218259815,0.46773619269523004,0.9851187145212101,0.049646329130752065,0.985118714521211,16
none,true,True,1.322181716290917,2.1073424255447017e-08,1.3221817162909169,1.3221817162909169,1.3221817162909169,14
none,true,False,-6.065857129816846,0.0,-6.065857129816845,-6.065857129816844,-6.065857129816845,15
none,true,True,0.8816887490361514,1.0536712127723509e-08,0.8816887490361509,0.8816887490361509,0.8816887490361515,15
none,true,True,1.081976326253222,0.0,1.081976326253221,1.0819763262532227,1.0819763262532218,14
none,true,True,0.3061589478833894,0.4196348326285443,0.9238446967095246,0.0210732176559425,0.9238446967095255,19
none,true,True,0.46557356150002155,0.450488085018905,0.9160616465189264,0.0150854764811168,0.9160616465189264,16
none,true,False,-0.030191086040399804,0.017809023428483985,-0.058349624509055786,-0.018927670652937323,-0.0583496245090549,14
none,true,True,0.3971738222299042,0.4616124550907842,0.9205931471985558,-0.009930097190158804,-0.009930097190158249,16
none,true,True,0.4338476163709867,0.4677361926952299,0.9015838090662154,-0.03388857632424269,-0.03388857632424336,16
none,true,True,0.8887773034485394,0.0,0.8887773034485384,0.8887773034485402,0.8887773034485391,13
none,true,True,0.3654846402419202,0.4467560198128311,0.8813540568439677,-0.0214174222096144,-0.02141742220961529,14
none,true,True,0.3663509457725806,0.4413863773999377,0.9069366477952663,0.0059604777574566725,0.005960477757456228,20
none,honest_fp,False,0.0,0.0,0.0,0.0,0.0,16
none,true,False,0.05108181207677898,0.0,0.05108181207677909,0.05108181207677909,0.051081812076778754,13
none,true,False,-0.12393717396508858,0.0185836872661892,-0.15021847653583364,-0.11079652267971518,-0.1502184765358332,12
none,true,False,-0.0060583961497916675,8.231806349783991e-11,-0.006058396149791534,-0.006058396149791534,-0.006058396149791645,15
none,honest_fp,False,-2.5240468048988722,0.0,-2.5240468048988713,-2.5240468048988705,-2.5240468048988713,18
none,true,True,0.6315469369059586,0.42962402652742737,0.9353369994241731,0.023966811869531313,0.9353369994241714,9
none,true,True,0.926993894318089,0.0,0.9269938943180893,0.9269938943180893,0.9269938943180893,14
none,true,False,0.024717459239463106,0.004912754147142854,0.02012199852844887,0.029969414337765343,0.020121998528447982,15
none,true,True,-0.502297842267275,0.6589424682944177,-1.3863619336879651,-0.011151124811336288,-0.0111511248113354,14
none,true,False,-3.3253405161659013,4.2146848510894035e-08,-3.3253405161659018,-3.3253405161659,-3.325340516165901,16
none,true,True,0.8933385020467253,0.0,0.8933385020467242,0.8933385020467224,0.8933385020467242,10
none,true,True,0.2873252008815304,0.4130561723119098,0.9404243539298367,0.026085539662206614,0.9404243539298385,14
none,true,True,1.1404241341020824,0.0,1.1404241341020835,1.1404241341020818,1.1404241341020835,12
none,true,True,0.34072001954660325,0.4374902386161128,0.9194652057448742,0.010008484576163212,0.9194652057448742,11
none,true,True,0.6905837991231684,0.4371706297130742,0.9767791565905508,0.022794631699275314,0.976779156590549,10
none,true,True,0.3184543329141763,0.4355297885020101,0.9081644542730611,-0.0032057332815789152,-0.003205733281578027,17
none,true,False,-0.03676210509021674,0.00489322025607573,-0.0422328916509489,-0.03238547584163065,-0.03238547584163065,18
none,true,True,0.31023994198224664,0.4398387484737859,0.8920919146980104,-0.022246899569617895,-0.022246899569617895,11
none,true,True,0.24779479216728742,0.4108506674631137,0.8974067358592244,-0.012049985309486644,-0.012049985309486644,14
none,true,True,0.3041301182023993,0.455021617919453,0.924220059381728,-0.029764465509547477,-0.02976446550954659,20
none,honest_fp,False,-2.4576114098612143,0.0,-2.457611409861215,-2.4576114098612134,-2.4576114098612143,14
none,true,True,2.067634572193915,0.658942468294417,1.1835704807732252,2.558781289649856,1.1835704807732252,14
none,true,False,-0.0993455223103345,0.0,-0.099345522310335,-0.099345522310335,-0.09934552231033411,18
none,honest_fp,False,-1.0,0.0,-1.0,-1.0,-1.0,15
none,honest_fp,False,-1.9999999999999991,4.2146848510894035e-08,-2.0,-2.0,-1.9999999999999991,17
none,true,True,0.945473043106722,1.0536712127723509e-08,0.9454730431067215,0.9454730431067224,0.9454730431067215,13
none,true,False,1.4686354784133595,0.47219007991993145,0.9678022671327566,1.913820555107229,0.9678022671327566,17
none,true,True,0.5692290001325725,0.5697250716218458,1.1389540717544184,-0.0004960714892732199,-0.000496071489273886,14
none,true,True,0.888743711913141,0.0,0.8887437119131416,0.8887437119131416,0.8887437119131409,18
none,true,True,1.5612143586553184,0.4661258238917248,0.9594485075986965,1.9222738692892918,0.9594485075986965,16
none,true,False,-0.03888802148026581,0.023058542444662725,-0.060236083546994834,-0.01398194906908401,-0.06023608354699328,13
none,honest_fp,False,-2.0,0.0,-2.0,-2.0,-2.0,17
none,true,True,0.8916599652095653,1.0536712127723509e-08,0.8916599652095654,0.8916599652095654,0.8916599652095651,15
none,true,True,-0.4223047829856433,0.47168616951052306,-1.0,-0.037174638309404706,-0.03717463830940515,15
none,true,True,0.8993252909372313,1.4901161193847656e-08,0.8993252909372309,0.8993252909372318,0.8993252909372309,16
none,true,True,0.9166688888823529,0.0,0.9166688888823531,0.9166688888823531,0.9166688888823531,17
none,honest_fp,False,0.0,0.0,0.0,0.0,0.0,15
none,true,False,-0.5269908560127643,0.4730091439872357,-1.0,-0.053981712025527706,-0.053981712025528594,16
none,true,True,0.6145923892681475,0.5680369936250813,1.1404924553806213,0.001042312136929624,1.1404924553806213,13
none,true,False,0.08299588477259846,1.3170890159654386e-09,0.0829958847725969,0.08299588477259867,0.08299588477259823,17
none,true,False,-1.2207386639103008,0.022548799045185353,-1.2490050794245793,-1.2027509449466693,-1.2490050794245793,18
none,true,False,-0.11707232589676436,1.862645149230957e-09,-0.11707232589676586,-0.11707232589676408,-0.1170723258967643,19
none,true,False,-0.028060242839653866,3.2927225399135965e-10,-0.028060242839654137,-0.02806024283965325,-0.028060242839653915,18
none,honest_fp,False,-2.0,0.0,-2.0,-2.0,-2.0,13
none,true,False,-0.09274432370176822,0.0,-0.09274432370176822,-0.09274432370176822,-0.09274432370176822,14
none,true,True,0.4723872124777203,0.5425121812738369,1.0988263202719226,0.002557881632069048,1.0988263202719226,21
none,true,False,0.04414950354238928,0.015072122507260756,0.05582431943491262,0.024691477054849642,0.05582431943491262,16
none,honest_fp,False,0.0,0.0,0.0,0.0,0.0,16
none,true,True,0.7040307024472848,0.5252851607970574,1.0955551448186611,-0.0007132938211915629,-0.0007132938211915629,14
none,true,False,0.0011223812863764863,0.015548762169951089,0.01743006062831487,-0.013702781751748994,-0.013702781751748994,21
none,true,True,0.9773027935906012,0.0,0.9773027935906011,0.9773027935906011,0.9773027935906011,17
none,true,True,0.1609402546565164,0.4204317589335346,1.050951029588246,-0.07926678394958131,-0.08992964027575745,11
none,true,True,0.12904691425140302,0.3660529835836188,1.0937615257978273,-0.03302334445146293,1.0937615257978273,16
none,true,False,-0.024814238340410213,0.0,-0.024814238340409744,-0.02481423834041152,-0.024814238340409744,19
none,honest_fp,False,-2.0,0.0,-2.0,-2.0,-2.0,15
none,true,True,0.16747712712908638,0.39385687886461734,1.048069172303217,-0.004412542021325905,-0.015075398347503821,12
none,true,False,-1.9407184613174955,5.960464477539063e-08,-1.9407184613174966,-1.9407184613174966,-1.9407184613174966,19
none,true,True,0.46532247439517227,0.4368183021645145,0.8739285811381485,-0.0016559333110883756,-0.0016559333110865992,15
none,true,True,0.4686221791777375,0.4368183021645144,0.8772282859207134,0.001643771471478317,0.8772282859207134,15
none,honest_fp,False,0.0,0.0,0.0,0.0,0.0,19
none,true,True,0.020411009537059027,0.023323943006744775,1.0315524965563743,0.018126443545543935,-0.028848726414733683,15
none,true,False,-0.022006044226236792,0.012436840914622067,-0.030800218773503474,-0.004417695131701649,-0.030800218773504362,15
none,true,True,0.013366399932672468,0.01975170692418687,1.0478184765689953,0.009401431737309451,1.0478184765689953,16
none,true,False,-3.8947378724142836,7.300048299977713e-08,-3.894737872414284,-3.894737872414286,-3.894737872414284,19
none,true,False,2.463443156704357,0.0,2.463443156704357,2.4634431567043524,2.463443156704357,20
none,true,True,0.2227882902522311,0.9374531290854695,0.9521454012030626,-1.4904737367581689,0.9521454012030626,15
none,honest_fp,False,-1.0000000000000002,0.0,-1.0,-1.0,-1.0,22
none,honest_fp,False,-1.7567751024871145,2.9802322387695312e-08,-1.756775102487115,-1.756775102487115,-1.756775102487115,15
none,true,True,-2.9056527265750205,0.0,-2.9056527265750205,-2.9056527265750205,-2.9056527265750205,13
none,true,True,0.011354934805936745,0.015549288219175113,1.0057508926650423,0.0037728188632382142,-0.007659818035625321,12
none,true,False,-0.04071954259607636,0.013172978704948053,-0.05321652747903549,-0.02683400383723189,-0.05321652747903549,19
none,true,True,-0.8795365157942291,0.5911523728795061,-1.0,-1.55893606532317,-1.0,14
none,true,True,-0.005498520579827938,0.011182703105919425,0.9943143300728421,-0.013158690469762035,-0.010111062862998565,19
none,true,True,0.5004523312766326,1.0155866107477731,0.8874492962810105,-0.5746115816368533,-0.015675516313683246,17
none,honest_fp,False,0.0,0.0,0.0,0.0,0.0,13
none,true,True,0.9767710187538228,0.0,0.9767710187538228,0.9767710187538228,0.9767710187538228,15
none,honest_fp,False,-1.0,0.0,-1.0,-1.0,-1.0,16
none,true,True,-1.3878951086788947,0.42886679076787476,-1.0556963210018147,-1.9415597548073613,-1.9415597548073613,16
none,true,True,-1.5259379405324829,0.42942653022494265,-1.0,-1.8765632342208054,-1.8765632342208054,20
none,honest_fp,False,0.0,0.0,0.0,0.0,0.0,12
none,honest_fp,False,0.0,0.0,0.0,0.0,0.0,18
none,honest_fp,False,0.0,0.0,0.0,0.0,0.0,16
none,true,True,0.4487132771647405,0.4429317169027735,0.891644994067514,0.0057815602619673,0.891644994067514,20
none,true,True,0.4675003915844294,0.4373065733728977,0.8765632342208054,0.0,0.8765632342208054,15
none,honest_fp,False,0.0,0.0,0.0,0.0,0.0,18
none,true,False,0.03690379812420187,0.015633440779472353,0.011644387730845196,0.024983385884546294,0.011644387730845196,18
none,true,True,0.6607410035335928,0.4553665313662976,0.9827337657880975,0.016755479024581632,0.9827337657880975,18
none,true,True,0.33639108714822313,0.4591873263541594,0.9581336661854394,-0.0027412286902581684,-0.0027412286902581684,17
none,true,False,-0.002951040385523148,0.00042890447546369714,-0.0026477591224409736,-0.00355760291168572,-0.0035576029116874963,15
none,true,True,-0.013672919390276402,0.026879749040287334,-0.05256200602167027,-0.019989865593624145,-0.029328955057671635,11
none,honest_fp,False,-3.21807096489389,0.0,-3.21807096489389,-3.21807096489389,-3.21807096489389,15
none,true,True,0.5156224455545383,0.4809891797459748,0.9547034849924998,-0.01127480177101603,-0.01127480177101603,22
none,true,True,0.3647068005619962,0.46518155820529733,0.9652536098593067,0.0043787149836092,0.9652536098593085,16
none,true,False,0.0038713604871919963,0.0004542913719431161,0.004302339124203414,0.0033924953349586673,0.004302339124203414,19
none,true,True,-0.03297853353396574,0.02110470787293678,-0.08491346915408116,-0.02783797214651429,-0.03717706161056,16
none,honest_fp,False,-3.131666696791455,0.0,-3.131666696791454,-3.131666696791454,-3.131666696791454,18
none,honest_fp,False,0.0,0.0,0.0,0.0,0.0,17
none,true,False,0.7678429334016734,0.579996880245922,1.217106585010617,0.019070180720103025,0.019070180720103025,16
none,honest_fp,False,0.0,0.0,0.0,0.0,0.0,20
none,honest_fp,False,-3.170260019944239,7.300048299977713e-08,-3.170260019944241,-3.170260019944241,-3.170260019944241,18
none,honest_fp,False,0.0,0.0,0.0,0.0,0.0,14
none,true,True,0.5318359489019195,0.437744059729823,0.8980789055306069,0.008631725146653224,0.8980789055306069,17
none,true,True,0.4889350979830867,0.45772367286687454,0.946658770849961,0.031211425116211444,0.031211425116211444,18
none,true,False,1.3619852081229862,0.4792906532768545,0.9392905833602381,1.9054497256750906,0.9392905833602381,16
none,true,True,0.6735474224387918,0.5990182021452568,1.2725656245840504,0.07452922029353459,1.2725656245840504,20
none,honest_fp,False,-1.4414110201713437,0.0,-1.4414110201713441,-1.4414110201713441,-1.4414110201713441,15
none,honest_fp,False,0.5551484986682778,0.4541336278473118,0.9556567124267925,0.04020936669304476,0.9556567124267925,16
none,true,True,0.5473053098943316,0.43060176461977556,0.8808480025383147,-0.008599177845638906,-0.008599177845640682,16
none,true,False,-0.5453368742047754,0.48224306910791315,-1.0,-0.03384085768514922,-0.03384085768514744,17
none,honest_fp,False,-1.0,0.0,-1.0,-1.0,-1.0,20
none,honest_fp,False,-0.9999999999999999,0.0,-1.0,-1.0,-1.0,14
none,true,False,0.1150005396634973,0.2689608133646391,0.9649775368621896,0.021318301634778436,0.9649775368621896,11
none,true,False,-0.01074805456850605,0.01252192584276337,-0.02999107685358915,-0.004108731279035993,-0.02999107685358915,20
none,true,False,-0.019978925252969737,0.0,-0.019978925252969404,-0.019978925252969404,-0.019978925252969404,16
none,true,False,0.04957104842989413,0.2129211443550198,0.9252804062310425,0.0007044011073062961,-0.017791870889674044,18
none,true,True,-0.011168772515008283,0.013150982439503365,-0.02776858466924459,0.0008524640591609511,-0.02776858466924459,14
none,true,False,0.03433069366941182,0.23551889827738734,0.8828755189477775,-0.02116305661722606,-0.0396593286142064,14
none,true,True,0.0023150042426065033,0.004635723696237287,-0.00558512497593,0.0007856908162704457,-0.00558512497593,17
none,true,False,0.19076651952984025,0.3626310297001415,0.9454367109680195,0.01406936286160132,0.9454367109680195,16
none,true,False,-0.008362270192235973,0.0066359133916746365,0.009665029895693067,-0.001258307385231916,-0.020703409208865153,12
none,true,False,-0.005952116801559122,0.0026724046127985287,0.030281171804620755,-0.0017412332899322536,0.030281171804620755,12
none,honest_fp,False,-1.329613686688237,0.0,-1.329613686688237,-1.329613686688237,-1.329613686688237,19
none,true,False,0.9391465882554921,1.0536712127723509e-08,0.9391465882554915,0.9391465882554915,0.9391465882554932,14
none,true,False,0.22490462935943392,0.3883725882585277,0.9336857397227476,0.010400807403168955,-0.002626445114005449,13
none,true,False,-0.011878968573834747,0.006126574284970891,0.015125075551276623,-0.0051549017327783275,-0.022561664949236615,12
none,honest_fp,False,0.0,0.0,0.0,0.0,0.0,16
none,true,False,0.1495885035010564,0.3617862656009571,0.8731072037795347,-0.025974009801631226,-0.03900126231880563,15
none,true,False,-0.020270486773972564,0.004854616828666442,0.011775685159351568,-0.012791072920229851,-0.0312413832568037,17
none,true,False,-0.012685210205859066,0.0052280856380337035,0.01585383698483156,-0.006377031504435138,-0.024064162287238844,23
none,true,False,0.23394147550654845,0.5005803182012253,1.8144946769477812,0.04125208156743554,1.8144946769477848,11
none,true,False,0.03605575171355564,0.0,0.036055751713554685,0.03605575171355646,0.03605575171355557,13
none,honest_fp,False,-2.0000000000000004,0.0,-2.0,-2.0,-1.9999999999999991,15
none,true,True,0.9561276868967042,0.0,0.9561276868967035,0.9561276868967052,0.9561276868967044,14
none,true,True,1.9364462007933219,4.2146848510894035e-08,1.9364462007933199,1.9364462007933234,1.9364462007933199,11
none,true,False,0.12111415040909712,0.43616760725082926,1.6931317990862915,0.004415890788779464,-0.016936533062426484,14
none,true,True,0.5451989379572783,0.47188451934829795,0.975968597598186,0.028275346388186406,0.9759685975981869,22
none,honest_fp,False,-1.0,0.0,-1.0,-1.0,-1.0,17
none,true,True,-2.0000000000000004,0.0,-2.0,-2.0,-1.9999999999999991,16
none,true,True,-2.901161412568186,4.2146848510894035e-08,-2.901161412568186,-2.901161412568186,-2.901161412568185,16
none,true,False,0.12249710214140865,0.45910390714172616,1.707835864206471,-0.028819596426789218,-0.05017202027799428,13
none,true,True,0.5986943463151645,0.44674688294354586,0.9145920967184971,-0.03310115449150253,-0.033101154491503415,18
none,true,True,-2.0,0.0,-2.0,-2.0000000000000018,-2.0000000000000004,16
none,true,False,0.030555128799034024,0.00042092632952449294,0.030134202469508153,0.0309760551285585,0.030134202469509486,14
none,honest_fp,False,0.0,0.0,0.0,0.0,0.0,17
none,true,True,1.948139284880164,6.664001874625056e-08,1.948139284880165,1.9481392848801633,1.9481392848801642,19
none,true,True,0.9407094038563528,1.0536712127723509e-08,0.9407094038563528,0.9407094038563528,0.9407094038563528,18
none,true,True,0.7784799670363794,0.9299261367069913,1.9639078463536048,0.04898588745654742,1.9639078463536048,21
none,true,True,0.44433884435260323,0.4533051058291826,0.9511493599434964,0.03889043187988683,0.9511493599434973,18
none,true,True,-2.0,2.9802322387695312e-08,-2.0,-2.0000000000000018,-2.0000000000000004,15
none,true,True,0.9263627714390392,0.9558030371146833,1.9401449849727754,0.025223026075718025,0.025223026075719357,17
none,true,False,-0.07576151799107489,0.0004199898960418314,-0.07621050607590085,-0.07536865341685228,-0.07536865341685184,15
none,true,True,0.9284088358265526,1.4901161193847656e-08,0.9284088358265521,0.9284088358265521,0.9284088358265525,13
none,true,True,0.419286834030459,0.45612946403180515,0.8754162980622642,-0.03684263000134713,-0.0368426300013458,16
none,honest_fp,False,0.0,0.0,0.0,0.0,0.0,19
none,honest_fp,False,-2.5528658198751133,0.0,-2.5528658198751124,-2.552865819875114,-2.552865819875113,14
none,honest_fp,False,0.0,0.0,0.0,0.0,0.0,12
none,true,False,-0.006902269900916617,0.050178250984850244,0.04861222993508463,0.012577957014524799,0.01950987131477211,18
none,true,False,2.245164673908029,0.0,2.245164673908029,2.245164673908029,2.245164673908029,16
none,honest_fp,False,-2.533522523445485,7.884953353001448e-08,-2.5335225234454857,-2.5335225234454857,-2.5335225234454852,16
none,true,True,0.9487201226270469,0.0,0.9487201226270479,0.9487201226270479,0.948720122627047,16
none,true,True,-2.0,0.0,-2.0,-2.0,-1.9999999999999996,14
none,true,False,0.01987608210027278,0.045896133867757295,0.06765517041335478,0.047237076193322736,0.0676551704133539,17
none,true,True,0.9381410743689719,0.0,0.9381410743689731,0.9381410743689731,0.9381410743689718,17
none,true,True,1.2581753425796385,0.4526515773024097,0.9260198932165764,1.875035462825327,0.9260198932165751,20
none,true,True,1.8791195198251607,4.712160915387242e-08,1.8791195198251618,1.8791195198251618,1.879119519825161,19
none,true,False,-2.5168013962148965,0.0506607650137266,-2.433188034765898,-2.548778167896412,-2.548778167896414,15
none,true,True,-0.6678445506369369,0.4526515773024103,-1.0,-0.05098443039124767,-0.050984430391248114,20
none,honest_fp,False,0.0,0.0,0.0,0.0,0.0,12
none,honest_fp,False,-1.2833861462824776,0.0,-1.2833861462824778,-1.2833861462824778,-1.2833861462824783,20
none,true,False,-2.872370921686687,0.0,-2.872370921686686,-2.8723709216866844,-2.872370921686686,16
none,true,False,-0.021117951744810137,0.009251653848844183,-0.03082116816168501,-0.01229684591128688,-0.03082116816168501,21
none,true,True,-2.0000000000000004,0.0,-2.0,-2.0,-2.0,15
none,true,False,0.4537902341413765,0.760441720273793,1.925998352101578,0.0356753098256366,1.925998352101578,19
none,true,False,-0.028053781076479822,3.2927225399135965e-10,-0.028053781076479822,-0.028053781076479822,-0.028053781076479822,14
none,honest_fp,False,0.0,0.0,0.0,0.0,0.0,19
none,true,True,0.9466487823916169,1.0536712127723509e-08,0.9466487823916179,0.9466487823916179,0.9466487823916179,16
none,true,False,0.45304662062307105,0.8062009969938776,1.7879740825120525,-0.01341150874067587,-0.07134862005141418,15
none,true,True,0.9576502333613267,0.0,0.9576502333613277,0.9576502333613259,0.9576502333613259,16
none,true,True,1.2605505095149792,0.46207382666852287,0.9338149732688503,1.9140215820072388,0.9338149732688485,15
none,honest_fp,False,0.0,0.0,0.0,0.0,0.0,13
none,true,False,-1.8275769965377269,0.008732449253512096,-1.833751770621193,-1.8152274483707949,-1.833751770621193,15
none,true,False,0.38423676005834273,0.748810256296537,1.7833394285717628,0.00017583626167549937,-0.0577612750490637,18
none,true,True,-0.5643526183384933,0.4870685798074621,-1.0,-0.019793391261611504,-0.019793391261609727,18
none,honest_fp,False,0.0,0.0,0.0,0.0,0.0,17
none,honest_fp,False,-1.0000000000000002,0.0,-1.0,-1.0,-1.0,15
none,true,True,0.2922825549874139,0.4338984341001746,0.9780612748276578,0.009286353760529664,0.009286353760527888,14
none,true,True,0.5846451046144306,0.4801098663553519,0.9863338381385702,0.010804056722802713,0.9863338381385702,17
none,true,True,0.3765483879400995,0.47856312361300407,0.9764590117719916,-0.005212918134740008,-0.005212918134740008,18
none,true,True,2.2786394346818577,5.1619136559035694e-08,2.2786394346818586,2.2786394346818586,2.2786394346818586,14
none,true,True,0.21381103918606262,0.3950117537570549,0.9784203844019519,0.005262671157156618,0.9784203844019537,19
none,true,True,0.5184123981850638,0.48708884756842596,0.9805054525399015,0.004975671124133996,0.004975671124133996,19
none,true,True,0.3546062312588817,0.4682276684343297,0.9926929856982571,0.01102105579152557,0.9926929856982571,20
none,true,True,0.21331577255859896,0.38399185576072115,0.9568968518795327,0.018481254551502957,0.009794366091638196,19
none,honest_fp,False,0.0,0.0,0.0,0.0,0.0,15
none,true,True,0.38803233703537643,0.6846293656693215,0.910593414152066,-0.0013725163144790997,-0.025158682281141154,14
none,true,True,0.15758570267408684,0.33861496442856115,0.9633348721979562,0.011655290363357551,-0.0014863056704097488,20
none,true,True,0.21648839411109494,0.382803649379272,0.9152038653450933,-0.003689916263892812,0.007265471506677557,13
none,true,True,-0.2331162594256557,0.36180121638504903,-1.0,-0.05258329695914554,-0.0763694629258076,11
none,true,True,0.25871779838886033,0.4321735444224312,0.9188204923907222,-0.018618847594780163,-0.03176044362854746,10
none,true,True,0.1280986359063893,0.34232685149515224,0.867543346290141,-0.03830917717990623,-0.03830917717990445,17
none,honest_fp,False,0.0,0.0,0.0,0.0,0.0,15
none,honest_fp,False,0.0,0.0,0.0,0.0,0.0,14
none,true,True,0.4805245042962637,0.698710713095507,0.9937678554110647,0.044064934586153015,0.9937678554110647,13
none,true,True,0.19575150155125598,0.3737177197995161,0.9735864865044501,0.008292080654880962,0.9735864865044501,16
none,true,True,0.2091362913317304,0.33888170871772316,0.9666935165368216,0.04753953859195548,0.9666935165368216,18
none,honest_fp,False,0.0,0.0,0.0,0.0,0.0,15
none,true,True,0.9311037521805439,0.4913586276811898,0.9359283162653025,1.0458906915863757,0.9359283162653007,17
none,true,True,0.1887109793338028,0.38067212770716513,0.9496299761231963,-0.002763602599815229,-0.013695017250967112,20
none,true,True,0.18747733112102347,0.3687980266651588,0.9243309304708607,-0.004135989597683576,-0.019539106963449626,20
none,honest_fp,False,0.0,0.0,0.0,0.0,0.0,18
none,true,True,-0.6786545474071006,0.4544511375404881,-1.0,-0.0366264324410821,-0.0366264324410821,15
none,true,True,0.1833039650428821,0.3904100311852397,0.91362647814457,-0.019609373405051755,-0.030540788056203638,18
none,true,True,0.270105139636184,0.42992236930626937,0.8779984346036365,-0.028031059484744603,-0.04343417685050888,12
none,true,True,0.48378278322115875,0.426935830853702,0.9107185148330608,0.05647883482049032,0.05730732259521609,18
none,true,True,0.30694307491843603,0.4311519096191044,0.9885211677701307,0.022880173371452983,0.9885211677701307,14
none,true,True,0.27987324087895826,0.4051223838433747,0.9812528445322144,0.029818365817563475,0.9812528445322126,16
none,true,True,0.7197538888093347,0.7306415334377654,0.9050677333363168,-0.010732209900892187,-0.021142477459122233,14
none,true,True,0.5405190299466939,0.4331449744766347,0.9327014925345267,0.02299336552862563,0.02299336552862563,17
none,true,True,-0.3347516812051171,0.44855084927232697,-1.0,-0.03205409191592423,-0.04246435947415428,16
none,true,True,0.4834111595946618,0.4458373293208104,0.8821801897019803,-0.015050128039483468,-0.015050128039485244,18
none,true,True,-0.014022420700867122,0.018102867282657503,0.0,0.0,0.0,16
none,true,True,0.6195369182167383,0.7124160190700748,0.9781124360020428,0.042635920383943926,0.9781124360020428,18
none,true,True,0.7501287392517325,0.37802560331117474,0.9571818894997648,0.05995157175829924,0.957181889499763,13
none,true,True,0.5195324220832871,0.4475629263059847,0.9669078612124409,0.09459285607552026,0.9669078612124391,20
none,true,False,1.3949762334482392,0.0,1.39497623344824,1.39497623344824,1.3949762334482383,19
none,true,False,4.581683446265165,8.429369702178807e-08,4.581683446265169,4.581683446265165,4.581683446265169,23
none,true,True,3.18884434361045,1.0537840070120426,2.25949420423345,4.383723094238025,2.259494204233448,16
none,honest_fp,False,-2.781145857509593,2.9802322387695312e-08,-2.7811458575095926,-2.7811458575095926,-2.7811458575095926,11
none,honest_fp,False,0.0,0.0,0.0,0.0,0.0,13
none,true,True,-1.1382241952356555,0.0,-1.1382241952356544,-1.1382241952356553,-1.1382241952356553,17
none,true,True,-1.46720822849563,1.0178400423898188,-2.2258614034972624,-0.10163251349269053,-0.10163251349268965,14
none,true,True,0.948908805119267,1.0536712127723509e-08,0.9489088051192667,0.9489088051192667,0.9489088051192676,15
none,true,True,1.0379681838092638,1.4901161193847656e-08,1.037968183809264,1.037968183809264,1.0379681838092631,18
none,true,False,0.023498483067355337,3.2927225399135965e-10,0.023498483067355025,0.023498483067355025,0.02349848306735547,17
none,true,False,-1.436468615233764,0.0,-1.436468615233764,-1.436468615233764,-1.436468615233764,17
none,true,False,-0.011544073181345187,0.0023272655528353316,-0.009992562812787043,-0.015034971510598183,-0.015034971510598072,13
none,true,True,2.338476945522822,8.429369702178807e-08,2.3384769455228227,2.338476945522822,2.3384769455228227,20
none,true,True,2.2245575897751633,2.287216970360026,4.669695381861537,0.08506202169958677,4.669695381861537,15
none,true,False,-0.09916978852547675,0.03172050114625406,-0.13089028967172922,-0.0674492873792234,-0.13089028967173055,10
none,true,True,0.9280689815935652,0.0,0.9280689815935652,0.9280689815935643,0.9280689815935648,15
none,honest_fp,False,0.0,0.0,0.0,0.0,0.0,20
none,honest_fp,False,0.0,0.0,0.0,0.0,0.0,14
none,honest_fp,False,-1.0,0.0,-1.0,-1.0,-1.0,19
none,honest_fp,False,0.0,0.0,0.0,0.0,0.0,22
none,true,True,0.9234135764798077,0.0,0.9234135764798079,0.923413576479807,0.9234135764798075,18
none,true,False,0.017341658545329625,0.002516838623813258,0.019714556756063928,0.014672148058253676,0.019714556756063595,17
none,true,True,1.9500268777649397,2.274337448137301,4.528883142856037,-0.05575021730591434,-0.05575021730591412,16
none,true,False,-0.05395923270846555,0.02990637528420253,-0.09625323423680321,-0.0328122319442965,-0.0962532342368041,15
none,true,True,0.9671455115836982,1.4901161193847656e-08,0.9671455115836984,0.9671455115836984,0.9671455115836984,18
none,honest_fp,False,-1.0,0.0,-1.0,-1.0,-1.0,16
none,true,False,0.008615785631239074,0.0,0.008615785631238992,0.008615785631238992,0.008615785631238992,22
none,true,False,-1.654863444481002,0.025612027226627646,-1.6130391791586653,-1.6705475439768769,-1.6705475439768778,11
none,true,False,-0.15344527361118626,0.0,-0.15344527361118487,-0.15344527361118487,-0.15344527361118576,18
none,true,True,-0.007688114471941769,0.008595573289030847,0.0,-0.01729825756186898,-0.01729825756186898,18
none,honest_fp,False,-1.0000000000000002,0.0,-1.0,-1.0,-1.0000000000000009,17
none,honest_fp,False,-1.9999999999999998,0.0,-2.0,-2.0,-2.000000000000001,15
none,true,True,0.9030681967922125,0.0,0.9030681967922121,0.9030681967922121,0.9030681967922121,17
none,true,False,0.02267584805275049,0.02561202722662611,0.06450011337508776,0.006991748556874455,0.06450011337508688,11
none,true,True,4.442596884425761,0.0,4.442596884425761,4.442596884425759,4.442596884425761,18
none,true,True,0.8869556334087257,0.008513388606305015,0.8940784453459649,0.8767801877840977,0.8940784453459649,17
none,true,True,-0.2,0.4,-1.0,0.0,-1.0,15
none,true,False,2.81374056356185,0.0,2.813740563561847,2.8137405635618506,2.813740563561849,15
none,true,True,0.09494058149631646,0.29637911071614365,0.8790086104748767,-0.011599638033686688,-0.022571804859101263,16
none,true,False,2.3025173159338435,4.2146848510894035e-08,2.3025173159338426,2.3025173159338443,2.3025173159338435,15
none,true,True,4.596466419290464,0.0,4.596466419290461,4.596466419290461,4.596466419290461,14
none,true,False,-2.669025162292996,0.0,-2.6690251622929964,-2.6690251622929964,-2.6690251622929946,22
none,honest_fp,False,-2.5491102598380384,0.0,-2.549110259838038,-2.5491102598380397,-2.549110259838039,17
none,true,True,-0.2,0.4,-1.0,0.0,-1.0,15
none,true,True,0.13225017461732147,0.32134224781661436,0.9191271923786282,0.003993852747658622,-0.006978314077755066,14
none,honest_fp,False,0.0,0.0,0.0,0.0,0.0,19
none,honest_fp,False,0.0,0.0,0.0,0.0,0.0,14
none,true,True,-0.21428571428571427,0.41032590332414487,-1.0,0.0,-1.0,14
none,true,True,0.916878821461566,1.8250120749944284e-08,0.9168788214615642,0.916878821461566,0.9168788214615651,14
none,true,True,0.164382319914401,0.34363861657000494,0.9326456743405203,0.010882597966135776,0.9326456743405211,12
none,true,True,0.922124070598242,0.0,0.9221240705982403,0.9221240705982421,0.9221240705982421,13
none,honest_fp,False,-1.9999999999999991,2.1073424255447017e-08,-2.0,-2.0,-2.0,13
none,true,False,0.011861779056317301,0.007199697944335803,0.020736550807734844,0.004767909555422278,0.020736550807734844,16
none,true,False,0.020865766154348188,0.0,0.020865766154348542,0.020865766154348542,0.020865766154348542,15
none,true,True,0.5332726210691423,0.9923299317672944,1.1625658645435362,-0.5939898214924098,0.010817374756451947,16
none,true,False,0.011671314381770048,0.004594464870940232,0.014993217731134045,0.013135656224772418,0.005121408379854309,16
none,true,True,-1.0410802078848418,0.6364732446003928,-1.1727886626376183,-1.77759585888648,-1.77759585888648,22
none,true,False,0.007970037572603013,0.004842846270706068,0.011157453568752196,0.008699460859739716,0.008699460859738828,18
none,true,True,0.00938045011950379,0.012271093826701726,0.022498801222496922,-0.00209810709561431,0.022498801222496922,15
none,true,False,0.005745932797424598,0.012271093826701614,0.01886428390041761,-0.005732624417693621,-0.005732624417693621,15
none,true,True,0.2766021271824699,0.9562135580105711,1.1765363203833612,-1.6677575626616274,1.1765363203833612,14
none,honest_fp,False,0.0,0.0,0.0,0.0,0.0,12
none,true,False,-2.145011282275748,0.0,-2.1450112822757488,-2.145011282275748,-2.1450112822757483,17
none,true,False,0.8489878039741166,1.0164578648199678,2.007928082090586,-0.042504717653936375,-0.042504717653936375,23
none,honest_fp,False,-1.0,0.0,-1.0,-1.0,-1.0,9
none,honest_fp,False,0.0,0.0,0.0,0.0,0.0,12
none,true,True,0.2830066968427368,0.5248510850447473,1.2649131664997353,0.002461991226452298,0.0024619912264516874,9
none,true,False,1.4307980426236548,0.96658329137778,2.114275642538496,0.06384284279397434,2.114275642538496,15
none,honest_fp,False,0.0,0.0,0.0,0.0,0.0,14
none,honest_fp,False,-2.0,0.0,-2.0,-1.9999999999999991,-2.0,16
none,true,False,-0.015448019623266944,0.0,-0.015448019623266696,-0.015448019623266696,-0.015448019623266973,17
none,true,True,0.2208497355011222,0.47048777436426065,1.2728923815621922,0.010441206288908766,1.272892381562192,12
none,true,True,1.2075072128748556,0.0,1.2075072128748556,1.207507212874856,1.2075072128748556,10
none,true,False,-3.1739772506778956,0.7416301225676103,-1.9781346102694375,-3.6339167277580735,-3.6339167277580735,18
none,true,False,0.29857780302902426,0.7653426815968463,2.0097878017160404,-0.031688908099221536,-0.03168890809922065,18
none,true,True,0.4881482682354855,0.5984142891452248,1.1898512214130585,-0.022181152257296333,-0.02218115225729589,19
none,true,False,0.6522967944182911,0.9638426530435313,2.124280720711658,0.013125629981743714,2.124280720711658,10
none,honest_fp,False,0.0,0.0,0.0,0.0,0.0,15
none,honest_fp,False,-2.0,0.0,-2.0,-2.0,-2.0,17
none,honest_fp,False,-2.9462573335693776,0.0,-2.9462573335693776,-2.9462573335693776,-2.9462573335693776,19
none,honest_fp,False,0.0,0.0,0.0,0.0,0.0,12
none,true,False,0.7062845092077202,0.8163115925410332,1.67215741107609,0.01637529358745482,1.6721574110760917,12
none,true,False,0.39146397730401233,0.8013172338552079,2.1219153729168507,0.024773043753995694,0.00014330888304625589,17
none,true,True,0.781860970310966,0.5896589074859411,1.2480272678764868,0.03599489420613189,1.2480272678764872,13
none,true,False,-0.6681323764222105,0.8691025458822472,-1.84464830286114,-0.04053397005643866,-1.8446483028611405,17
none,true,True,-0.592294589680096,0.6016113347886894,-1.2744577230094505,-0.06172326375726467,-0.06172326375726511,16
none,honest_fp,False,-1.0,0.0,-1.0,-1.0,-1.0000000000000004,13
none,true,False,-0.6961986807839157,0.8867420427521069,-1.8409122717784383,-0.013045731122684145,-1.8409122717784387,16
none,true,False,8.96974421241481e-05,0.007671364208682864,0.009485161413285148,-0.006173945205317111,-0.006173945205316889,20
none,honest_fp,False,-1.0,1.4901161193847656e-08,-1.0,-1.0,-1.0000000000000004,15
none,honest_fp,False,0.0,0.0,0.0,0.0,0.0,13
none,true,False,0.008956291607827183,0.0,0.008956291607827183,0.008956291607827183,0.008956291607827183,21
none,true,False,1.165338350401761,0.8461119793561023,-0.03112684861199133,1.7418962865646268,-0.03112684861199133,18
none,true,False,0.06935690410387907,0.007749248075587626,0.07606794979756559,0.06040884317896378,0.07606794979756559,14
none,true,True,1.9139168278586,0.6050182463541648,1.2671251162574344,2.4798595755096215,1.2671251162574344,15
none,honest_fp,False,-2.0,0.0,-2.0,-2.0,-2.0000000000000004,16
none,honest_fp,False,-1.0,0.0,-1.0,-1.0,-1.0000000000000004,17
none,true,False,2.096913668500015,1.976627798176122,2.405774414318235,0.07002246923160471,2.405774414318235,18
none,true,False,-0.03384007514792251,4.656612873077393e-10,-0.03384007514792131,-0.03384007514792242,-0.03384007514792242,17
none,true,False,0.013201831840778147,0.0,0.013201831840779832,0.013201831840778278,0.013201831840778278,12
none,true,False,0.6041175689411605,0.9874362855883055,2.369659701521323,0.045165419238197835,0.04516541923819761,21
none,honest_fp,False,0.0,0.0,0.0,0.0,0.0,15
none,true,False,-0.6140159257273573,0.9686648866173875,-2.3596929525025967,-0.071417596534048,-0.1778295620208734,17
none,true,True,0.5327413909047847,0.478881094448511,0.987047886960239,0.027956395287614955,0.9870478869602377,19
none,true,True,1.1970721618842728,0.9276304648411041,1.9055616322311781,-0.017481215853278886,-0.017481215853278886,19
none,true,False,0.5939444904181393,1.0056326207781543,2.392760781392857,0.007884694742053666,2.392760781392856,21
none,true,False,2.5749899946337504,1.8938749719837333,2.2352493855090128,0.010958233491317193,-0.09545373199550822,14
none,true,True,0.46573318882495574,0.4795457458363115,0.9452789346612676,-0.013812557011355642,-0.013812557011355642,20
none,true,True,1.2338826693391651,0.9276304648411039,1.9423721396860705,0.019329291601613008,1.9423721396860705,19
none,true,False,0.7147263434148219,1.058369753899098,2.3540033137336405,0.045334198188114794,0.0022311329410353853,17
none,true,True,0.9486802299139568,0.0,0.9486802299139576,0.9486802299139565,0.9486802299139567,14
none,true,False,0.07362088415557524,0.030262924194128835,0.10745586200357238,0.046552901877176645,0.10745586200357327,18
none,true,False,0.038262763824632104,0.0,0.03826276382463156,0.03826276382463156,0.03826276382463245,18
none,true,False,0.011392787530525429,1.6463612699567982e-10,0.011392787530525084,0.011392787530525084,0.011392787530525084,18
none,true,True,0.8876835996789547,1.8250120749944284e-08,0.8876835996789545,0.8876835996789563,0.8876835996789545,19
none,true,True,1.3115905145374473,0.4713631542989008,0.9355727970372971,1.902475499180543,0.935572797037298,18
none,honest_fp,False,-1.1888719229321385,2.9802322387695312e-08,-1.1888719229321385,-1.1888719229321394,-1.1888719229321394,19
none,true,False,0.04309040755286642,0.030139148934359646,0.06919167617846433,0.008288716052068601,0.00828871605206949,14
none,true,True,0.9381407068337881,1.4901161193847656e-08,0.9381407068337886,0.9381407068337886,0.9381407068337868,18
none,true,True,1.916061663973853,0.0,1.9160616639738528,1.9160616639738528,1.9160616639738528,14
none,true,True,2.4154248122662687,4.2146848510894035e-08,2.41542481226627,2.4154248122662683,2.41542481226627,18
none,true,True,-0.5928830727817914,0.4773869128787935,-1.0,-0.03309729785675586,-0.03309729785675586,19
none,honest_fp,False,0.0,0.0,0.0,0.0,0.0,13
none,true,False,-0.0003863563562922712,0.006082334023571244,0.009230658145918724,-0.0042331621571758404,0.009230658145918724,21
none,true,False,-0.009488362170861353,0.0,-0.009488362170861464,-0.009488362170861464,-0.009488362170861464,16
none,true,True,0.12277080227320503,0.3133376597590383,0.9515121619961757,0.003215826742648531,-0.012251680050200164,16
none,true,True,0.051802674524447624,0.26034275681754826,0.8952829626206409,-0.022454596425479423,-0.04371637918848137,23
none,true,True,-2.4771020375135406,5.1619136559035694e-08,-2.477102037513541,-2.477102037513541,-2.477102037513541,11
none,true,True,0.923465408737971,0.02402445362257424,0.9453966340393372,0.8971479383763317,0.9453966340393372,11
none,true,False,-0.0731962362237292,0.0,-0.07319623622372973,-0.07319623622372973,-0.07319623622372973,20
none,true,False,-0.010379160814037622,0.006662863093982268,-0.002685549212269933,-0.01614936951536272,-0.016149369515364498,14
none,true,True,0.12396587015617527,0.30229174056643693,0.978758689652155,0.012805019460925493,0.978758689652155,18
none,true,True,0.166354599731096,0.3543907667782133,0.958653233261705,0.005328740639864549,-0.003187948453264866,12
none,true,True,-0.027570683236003517,0.02387691208207281,0.0,-0.04824869566300549,-0.04824869566300549,14
none,honest_fp,False,0.0,0.0,0.0,0.0,0.0,18
none,true,False,0.015513977566515576,0.012977277884146377,0.03386661995295981,0.006337656373293754,0.006337656373292866,9
none,true,False,0.013226494729549731,0.008848402359821773,0.004378092369726971,0.022074897089371603,0.004378092369728748,18
none,true,False,0.017227657524460687,0.0,0.017227657524459872,0.01722765752446076,0.01722765752446076,12
none,honest_fp,False,0.0,0.0,0.0,0.0,0.0,17
none,honest_fp,False,0.0,0.0,0.0,0.0,0.0,22
none,honest_fp,False,-1.3923765362819454,2.5809568279517847e-08,-1.3923765362819456,-1.3923765362819438,-1.3923765362819447,13
none,true,True,0.4996782973007077,0.4389675541734478,0.9135408763365973,0.034082895885331865,0.03408289588533098,17
none,true,True,1.3809854805717126,1.147913152217733,2.3413985289650157,0.008966840009851929,2.3413985289650157,17
none,true,True,0.8999120385676299,0.0014097663866774548,0.8980920379885564,0.9010040389150742,0.8980920379885564,16
none,true,False,0.03814756548172552,0.011011585431866594,0.060170736345458664,0.03264177276579261,0.06017073634545955,15
none,true,False,-0.06649426262109603,0.00883308043947817,-0.07482217072445785,-0.057125366004814104,-0.057125366004814104,17
none,true,True,0.5591958527054585,0.4362800821509668,0.9439587191528869,0.06450073870162054,0.9439587191528878,16
none,true,True,1.8765568638565657,2.1073424255447017e-08,1.8765568638565657,1.8765568638565675,1.8765568638565648,17
none,true,True,1.5468268835124699,1.0995188426097255,2.3243041131641906,-0.00812757579097223,-0.00812757579097223,15
none,true,True,0.0015680004988932311,0.0014516863783287416,0.0,0.002912000926516889,0.0029120009265160007,13
none,honest_fp,False,-1.0,1.4901161193847656e-08,-1.0,-1.0,-1.0,12
none,true,False,1.9885118389446135,0.0,1.9885118389446141,1.9885118389446141,1.9885118389446141,12
none,true,False,0.009678321241037994,0.012055621832595047,-0.0023773005915579404,0.021733943073632744,-0.002377300591557052,12
none,true,False,-2.157868389011899,1.5203318268936687,0.09714812988654487,-3.1828758976020985,0.09714812988654398,16
none,true,True,0.5913120702340806,0.5769445993957556,1.1994650761754109,0.04397436488688378,1.1994650761754109,19
none,true,False,0.004192969820508254,0.017701560667093146,-0.008880499150533794,0.028160996267418525,-0.008880499150532906,17
none,true,True,0.9491826258787083,0.0,0.9491826258787075,0.9491826258787093,0.9491826258787084,13
none,true,True,0.9680436534025663,1.8250120749944284e-08,0.9680436534025656,0.9680436534025674,0.9680436534025674,15
none,true,True,0.9822693395241522,0.0,0.9822693395241515,0.9822693395241515,0.9822693395241515,21
none,true,False,-2.0,0.0,-2.0,-2.0,-2.0,18
none,true,False,-0.04636888563521795,0.012005701859025662,-0.057328541846667136,-0.03321729818147645,-0.057328541846667136,11
none,true,False,-2.145697092861196,1.5716478628494115,-0.03711021804706682,-3.317134245535712,-3.317134245535712,14
none,true,True,0.6520213945359168,0.5660725290364977,1.114217679051329,-0.041273032237199914,-0.041273032237199914,15
none,true,False,-0.025661928844622286,0.018057655730459185,-0.040066954840492386,-0.003025459422541843,-0.0400669548404915,18
none,true,False,1.9775171976520731,0.0,1.9775171976520731,1.9775171976520722,1.9775171976520731,12
none,true,False,0.0346705296026936,0.005867024391696312,0.025069490323764043,0.033754948874143764,0.04328092458182642,12
none,true,False,0.019548764102293337,0.010915422318198234,0.03680756217636372,0.012645244872664385,0.012645244872664385,14
none,true,True,0.5093166697239696,0.5564548554716588,1.131452111346194,0.011608316426189091,1.131452111346194,18
none,true,True,0.8891389537743646,0.0,0.8891389537743652,0.8891389537743644,0.8891389537743644,20
none,true,False,0.0006534224934822483,0.010133752920344054,0.0015154837768438512,-0.016775994733084332,-0.016775994733084332,13
none,true,True,0.9671457791675394,1.8250120749944284e-08,0.9671457791675397,0.9671457791675389,0.9671457791675397,17
none,true,True,0.9866741700161643,0.0,0.9866741700161636,0.9866741700161645,0.9866741700161636,19
none,true,True,0.9944223424796161,0.0,0.9944223424796164,0.9944223424796155,0.9944223424796164,15
none,true,True,1.960966032015385,0.0,1.960966032015385,1.960966032015384,1.960966032015385,18
none,true,False,-2.0,0.0,-2.0,-2.0,-2.0,17
none,true,False,0.03132455186658091,0.012297504023159916,0.030095273689996205,0.021403117980979935,0.030095273689996205,18
none,true,False,0.039718703466921745,0.010462590299652099,0.05784044144469647,0.033678124140997134,0.057840441444697355,16
none,true,True,0.6289399101279182,0.5541789569549118,1.108872965093635,-0.010970829826370654,-0.010970829826370654,14
none,honest_fp,False,0.0,0.0,0.0,0.0,0.0,17
none,true,False,0.6584920424626243,0.7561184327625194,1.6886660284652901,0.0813695895033959,0.08280123319363852,20
none,true,False,2.6964372422129594,0.0,2.6964372422129568,2.6964372422129603,2.6964372422129568,13
none,true,True,0.6144671119004014,0.5324431018390697,1.0755763641628207,-0.00034522444949125486,-0.0003452244494894785,21
none,honest_fp,False,0.0,0.0,0.0,0.0,0.0,18
none,honest_fp,False,-3.132011269478039,0.0,-3.132011269478042,-3.1320112694780384,-3.1320112694780384,13
none,true,False,0.6707797454500057,0.7916086325939863,1.6613635810864533,-0.026014134910152364,-0.026014134910150588,18
none,true,True,0.9853106709351551,0.0,0.9853106709351529,0.9853106709351511,0.9853106709351547,18
none,true,True,0.9685150164835796,0.0,0.968515016483579,0.9685150164835772,0.968515016483579,15
none,true,True,0.9797358590041477,0.0,0.9797358590041476,0.9797358590041458,0.9797358590041494,14
none,true,True,0.995185003459482,0.0,0.9951850034594827,0.9951850034594809,0.9951850034594809,16
none,honest_fp,False,-1.2508296579388143,1.4901161193847656e-08,-1.2508296579388158,-1.250829657938814,-1.250829657938814,12
none,true,False,0.5623040708275322,0.7665041953361974,1.7196213289645943,-0.007540557494740696,1.719621328964596,23
none,true,False,-2.7955910671329818,0.0,-2.7955910671329818,-2.7955910671329818,-2.7955910671329818,12
none,true,True,0.6532936245090715,0.5270917790689678,1.0836622599539965,0.007740671341684546,1.0836622599539965,20
none,true,False,0.2749559133225272,0.5839212651468156,1.8133528298860249,0.034618168737514665,0.03461816873751378,16
none,true,False,1.6547059023824588,2.4436339450962543,0.054971970358581146,5.387418410438173,0.054971970358581146,10
none,true,True,1.0647197589369717,0.0,1.0647197589369721,1.0647197589369721,1.0647197589369721,23
none,honest_fp,False,-3.635162351271049,0.0,-3.6351623512710454,-3.635162351271048,-3.635162351271049,15
none,true,False,0.22108142156096644,0.5458797977226338,1.8549119655448685,0.010766190853740198,1.8549119655448667,20
none,true,True,0.9858870671240518,0.0,0.985887067124052,0.985887067124052,0.9858870671240503,14
none,true,True,0.9734612657436476,1.0536712127723509e-08,0.9734612657436479,0.9734612657436479,0.973461265743647,19
none,true,True,0.983722927529884,1.0536712127723509e-08,0.9837229275298842,0.9837229275298842,0.9837229275298842,10
none,true,True,1.9425500875225008,0.0,1.942550087522502,1.942550087522502,1.942550087522502,15
none,true,True,0.9764690605499973,1.4901161193847656e-08,0.9764690605499986,0.9764690605499986,0.9764690605499977,15
none,true,False,0.32835624296494015,0.6159460487763477,1.7715447749939006,0.0761056469551118,0.019155816680298976,13
none,true,False,-1.8206823855946284,2.5137393587295636,-5.375646678981024,-0.043200238901430765,-0.04320023890143165,21
none,true,False,-0.003474154336806586,0.05117451875199355,-0.07280449706688596,0.05179810352779768,-0.032943647966660716,15
none,true,True,0.5172282715369508,0.45647363423822135,0.9198001769543485,-0.0003641782854169051,-0.0003641782854173492,16
none,true,False,0.038410969948559255,0.047406466666204995,-0.02135431414001321,0.06577782100623786,-0.018963930488220537,18
none,true,True,0.49669883111868607,0.460082177619883,0.9567810087385689,0.03661665349880305,0.9567810087385689,18
none,honest_fp,False,0.0,0.0,0.0,0.0,0.0,13
none,true,False,0.03501290732198306,0.017961216369570713,0.01677968844288369,0.038282124871415135,0.016779688442884133,16
none,true,False,0.010391208891405672,1.6463612699567982e-10,0.010391208891405768,0.010391208891405768,0.010391208891405768,14
none,honest_fp,False,-1.754538490719412,0.0,-1.754538490719412,-1.7545384907194115,-1.754538490719412,19
none,true,True,0.9230933457895358,2.5809568279517847e-08,0.9230933457895363,0.9230933457895363,0.9230933457895363,24
none,true,True,0.14775412602585752,0.36052783243324726,0.8981422330021465,-0.020021303576961635,-0.03547841504944227,16
none,true,True,0.47619051902283094,0.4333761164094867,0.8774188383561023,0.008090813134013608,0.8774188383561032,13
none,true,True,0.5382765275042849,0.4450237630040429,0.8781690408409704,-0.044396352501462566,-0.044396352501462566,19
none,true,True,0.20964284013251497,0.38780805764130727,0.951627200106131,0.003514647674749405,-0.011942463797732117,14
none,true,True,0.43903191826187543,0.43466401261104465,0.8736959308729197,0.0043679056508310055,0.0043679056508310055,14
none,true,True,0.6433737030709717,0.4349014971469789,0.9508955008517823,0.02833010750934939,0.9508955008517823,18
none,true,False,-0.03150898973591566,0.0,-0.031508989735915094,-0.03150898973591598,-0.031508989735915094,14
none,true,False,0.03608106234310071,0.0,0.03608106234310071,0.03608106234310071,0.03608106234310071,17
none,true,True,0.3157499569836631,0.4336131076799792,0.9778563508653422,0.018414332062629768,0.9778563508653422,10
none,true,False,-0.05144072978939699,0.0,-0.05144072978939729,-0.051440729789396844,-0.051440729789396844,17
none,true,False,-0.021967690276839758,0.009279156085407084,-0.04320166895639588,-0.013225555119390275,-0.043201668956395434,15
none,true,True,0.2809315899785463,0.397298803731187,0.9495028419126768,0.03326310933109555,0.9495028419126768,23
none,true,True,0.42374379603018464,0.46374797342734,0.9422297925358336,0.00895499882566586,0.942229792535834,27
none,true,True,0.9229676053933161,0.0,0.9229676053933162,0.9229676053933167,0.9229676053933162,17
none,honest_fp,False,-2.0,0.0,-2.0,-1.9999999999999998,-2.0,13
none,true,False,-0.016235083222450375,0.008228209322194332,-0.0343732076195975,-0.009339925896346024,-0.034373207619596835,14
none,true,True,0.46695225698319626,0.45491779231175133,0.9217796789497275,-0.009597610841488802,0.030259221036202266,12
none,true,True,0.8515227789190767,0.24868913232759626,0.9233131476660126,-0.009961646044155614,-0.009961646044155614,13
none,honest_fp,False,0.0,0.0,0.0,0.0,0.0,15
none,honest_fp,False,0.0,0.0,0.0,0.0,0.0,11
none,true,False,-0.00675446253668696,0.006837257446306386,-0.024379542547481314,-0.001340878186440353,-0.024379542547481314,19
none,true,True,0.33075150097642064,0.44109070748332696,0.9278000372091286,-0.01564127440175822,-0.015641274401758443,17
none,true,False,-0.003289369681250731,0.0039000025506924834,-0.01091273785717739,-0.0003312298132867042,-0.010912737857177168,20
none,true,True,0.9221667956913067,0.0,0.9221667956913064,0.9221667956913064,0.9221667956913069,17
none,true,True,0.9197802755350158,1.4901161193847656e-08,0.919780275535016,0.9197802755350155,0.9197802755350157,18
none,true,True,0.911613515603234,0.0,0.9116135156032339,0.9116135156032339,0.9116135156032341,13
none,honest_fp,False,-1.0,0.0,-1.0,-1.0,-1.0,16
none,true,False,-0.008050039247374604,0.004194618685415224,-0.014879033034850941,-0.0038183444054480375,-0.014879033034851052,15
none,true,True,0.9429466839726279,0.0,0.9429466839726275,0.942946683972627,0.9429466839726275,20
none,honest_fp,False,-1.0,0.0,-1.0,-1.0,-1.0,16
none,honest_fp,False,-1.0,0.0,-1.0,-1.0,-1.0,13
none,honest_fp,False,0.0,0.0,0.0,0.0,5.551115123125783e-17,16
none,true,False,-0.01585144182697268,0.0,-0.015851441826972845,-0.015851441826972845,-0.01585144182697268,16
none,true,False,-0.002093282167602764,0.004433876708683075,-0.010174487250433017,0.001980059022367975,-0.010174487250433129,18
none,honest_fp,False,-1.4704630713899947,0.0,-1.4704630713899949,-1.4704630713899949,-1.4704630713899949,14
none,true,False,0.027408720936605624,0.023500351011063403,0.04227164793828564,-0.009748596567594525,-0.009748596567594747,14
none,true,True,1.4341758006082215,1.4541321050134737,3.004817986245274,0.08791107006217613,3.004817986245274,13
none,true,True,0.9203679427963015,0.0,0.9203679427963012,0.9203679427963021,0.9203679427963014,16
none,true,True,0.9696910079124095,0.0,0.9696910079124095,0.9696910079124095,0.9696910079124095,16
none,true,True,0.953093093594329,0.0,0.9530930935943287,0.9530930935943287,0.9530930935943287,18
none,honest_fp,False,0.0,0.0,0.0,0.0,0.0,20
none,honest_fp,False,-2.1131466657445577,0.0,-2.1131466657445586,-2.1131466657445577,-2.1131466657445577,17
none,true,False,0.03833340372088182,0.025980615581782013,0.06558210322396185,0.013561858718081687,0.0655821032239623,21
none,true,True,1.1886078995200917,1.4434945656509077,2.8554118516247193,-0.0614950645583785,-0.06149506455837872,14
none,honest_fp,False,0.0,0.0,0.0,0.0,0.0,18
none,true,False,1.6010387504144024,2.9802322387695312e-08,1.6010387504144035,1.6010387504144017,1.6010387504144035,13
none,true,True,0.2830679439912584,0.4297592568492148,0.9952633721290667,0.010854456443466276,0.9952633721290667,15
none,true,False,0.7744093735731238,0.8283032775734098,0.8962215195514105,0.003355398271015275,-0.02714692411344899,19
none,true,True,0.9053434081423527,0.0,0.9053434081423521,0.9053434081423521,0.905343408142353,16
none,true,True,0.23057972049378309,0.39062998620349426,0.9593194808743029,0.02972658355169777,-0.01658999580875964,18
none,true,True,2.8848013211688075,0.0,2.8848013211688066,2.8848013211688066,2.8848013211688066,15
none,true,True,0.24126145432787402,0.4146605384576774,0.8960434643624406,0.0008070521937675323,-0.04550952716668899,14
none,true,False,-0.244071001801415,0.4042742055638535,-1.0,-0.014768474930921371,-0.045270797315385636,18
none,honest_fp,False,-1.0,0.0,-1.0,-1.0,-1.0,15
none,true,True,-3.0234390032001066,0.0,-3.0234390032001066,-3.0234390032001066,-3.0234390032001066,16
none,true,False,1.091589378315122,0.7829073475836783,0.9461558122810629,0.023955851644799964,0.946155812281062,14
none,honest_fp,False,-2.460050993767763,0.0,-2.460050993767762,-2.460050993767764,-2.460050993767764,17
none,true,True,1.4021628148188194,0.47108085726073384,0.931081957558086,1.8732436720795524,0.9310819575580864,12
none,honest_fp,False,0.0,0.0,0.0,0.0,0.0,18
none,honest_fp,False,-1.2145159532544048,0.0,-1.2145159532544056,-1.2145159532544048,-1.2145159532544048,18
none,honest_fp,False,-1.7300289545001786,2.1073424255447017e-08,-1.7300289545001792,-1.7300289545001784,-1.7300289545001788,14
none,true,True,0.9373050756654019,0.0,0.9373050756654013,0.9373050756654022,0.9373050756654022,21
none,true,True,0.3635354835681925,0.4436355325687642,0.9196620548928554,0.009636756361588894,0.00963675636158845,18
none,true,True,0.0,0.0,0.0,0.0,0.0,13
none,true,True,-0.39036594942728686,0.45024458542059126,-1.0,-0.057838285478533535,-0.057838285478534424,17
none,honest_fp,False,0.0,0.0,0.0,0.0,0.0,16
none,honest_fp,False,0.0,0.0,0.0,0.0,0.0,17
none,true,False,0.0013647895178496702,0.0,0.0013647895178490188,0.001364789517849907,0.001364789517849907,15
none,true,True,-1.0,0.0,-1.0,-1.0,-1.0,16
none,true,True,0.5965601279756819,0.4377637503074631,0.9274784183506881,0.01745311981942077,0.9274784183506886,11
none,true,True,2.8842346816801974,0.0,2.884234681680196,2.884234681680197,2.884234681680196,15
none,true,True,-1.0000000000000013,0.0,-1.0,-1.0000000000000018,-1.0,16
none,true,False,-0.05431812400712194,0.009703230365060428,-0.04461489364206095,-0.06402135437218348,-0.0640213543721817,16
none,true,True,-3.0717447764035697,0.0,-3.0717447764035697,-3.0717447764035715,-3.0717447764035697,10
none,true,False,0.046794778634558956,0.009603707422759854,0.05511183323318214,0.03570537250306138,0.05511183323318214,14
none,true,True,0.9333488876269717,1.4901161193847656e-08,0.9333488876269724,0.9333488876269715,0.9333488876269715,15
none,true,True,0.9945200407575742,1.4901161193847656e-08,0.9945200407575747,0.9945200407575729,0.9945200407575747,20
none,true,True,0.3654700843369845,0.46378712466020255,0.9439142579621507,-0.006386884422049821,-0.006386884422050154,23
none,true,False,0.2596014920561678,0.7292672358893968,2.2559853845506463,-0.0038049350213604782,-0.0038049350213607003,17
none,true,True,0.561336134889905,0.462755079486736,0.939174075097764,-0.005420775421881796,-0.005420775421882129,15
none,true,True,0.551231065028565,0.4800750378643532,0.9746174519748987,0.0068771389547097606,0.9746174519748969,16
none,true,True,0.7868610337877313,0.3665260265177402,0.9596430596757681,0.009341917291568524,0.9596430596757677,11
none,true,True,2.482984514969345,0.0,2.4829845149693455,2.4829845149693446,2.4829845149693437,14
none,true,False,0.37667886916506615,0.8197592256319683,2.2986775416406235,0.03732246681422957,0.010228611794710352,13
none,true,False,1.9491950427933664,1.354372771518946,2.9068812137888322,0.03382270080243499,0.03382270080243477,12
none,true,True,0.512962781989478,0.4714795936068242,0.9574780057634289,0.012883155243783584,0.9574780057634287,17
none,true,True,0.4300845440214361,0.48144472691835727,0.9623417161825394,-0.005398596837647762,-0.005398596837647984,20
none,honest_fp,False,-2.0,0.0,-1.9999999999999964,-1.9999999999999998,-2.0,11
none,true,False,-0.029786627098749827,0.0,-0.029786627098749463,-0.029786627098749463,-0.029786627098749907,11
none,true,False,0.3985398247619811,0.8555033492206886,2.3113643946557314,-0.0012628854483978103,2.3113643946557314,12
none,true,False,1.4732876982355414,1.4365292564931984,2.9098169547287416,0.036758441742342995,2.9098169547287416,16
none,true,False,2.460016126454409,0.0,2.460016126454409,2.460016126454409,2.460016126454409,20
none,true,False,0.000814300032761256,0.0,0.0008143000327613947,0.0008143000327613947,0.0008143000327611727,16
none,true,True,2.2484166932136223,5.1619136559035694e-08,2.248416693213624,2.248416693213623,2.248416693213623,19
none,honest_fp,False,0.0,0.0,0.0,0.0,0.0,20
none,honest_fp,False,0.0,0.0,0.0,0.0,0.0,19
none,true,True,-0.15357513193324465,0.3609168766430041,-1.0,0.0,0.0005872141446374712,13
none,true,False,-0.027443540032821234,0.026722265334165548,0.0027536205943281544,-0.002105967626921057,-0.057629808140506,16
none,true,True,-0.6708484714833837,0.4654905557040335,-1.0,-0.012545414450151782,-0.01254541445015045,21
none,true,True,0.49273821784613014,0.4632847174346089,0.956022935280739,0.029453500411520395,0.956022935280739,16
none,true,True,0.980753013157802,0.8760945981527423,0.8668103510525533,0.0,0.8668103510525542,17
none,true,True,2.3981985869176783,0.0,2.398198586917676,2.398198586917676,2.3981985869176787,19
none,true,False,0.00883319666502788,0.028922436777275486,0.09288730127482125,-0.006881097833879579,0.09288730127482125,15
none,true,False,1.2177189184590373,1.422136935350469,2.9174976699810546,0.027873792393624086,2.9174976699810546,17
none,true,True,1.2315164495793596,0.46549055570403464,0.9023649210627429,1.8898195066125894,0.9023649210627429,21
none,true,True,0.4671681290876887,0.4632847174346087,0.9304528465222965,0.0038834116530779283,0.0038834116530797047,16
none,honest_fp,False,-2.0000000000000004,0.0,-2.0,-2.0000000000000018,-2.0,14
none,honest_fp,False,-1.0,0.0,-1.0,-1.0,-1.0,13
none,true,False,-1.7481332771478932,0.0,-1.7481332771478932,-1.7481332771478932,-1.7481332771478932,16
none,true,True,-0.9896344632582581,0.8814836558115262,-1.0,-1.8673975651971944,-1.8673975651971917,19
none,true,False,0.006671529227970105,0.04605980354773863,0.0692782197456907,0.02071488852646297,-0.03480895198712286,13
none,true,False,1.4196831706300224,1.444811938793715,2.8644951094237374,-0.025128768163693138,-0.025128768163693138,14
none,true,False,-2.8981125445124962,0.0,-2.898112544512495,-2.8981125445124984,-2.898112544512496,17
none,true,True,-2.4202010757979906,0.0,-2.4202010757979906,-2.4202010757979924,-2.4202010757979906,12
none,honest_fp,False,-2.732443791056527,2.9802322387695312e-08,-2.732443791056527,-2.7324437910565287,-2.732443791056527,11
none,true,True,0.41632536490529654,0.4388454669338227,0.8789091036889598,0.0,0.8789091036889589,19
none,true,False,0.0626866658847917,0.024089250491710627,0.08677591637650295,0.038597415393081036,0.08677591637650206,12
none,true,True,-0.6249999999999999,0.484122918275927,-1.0,0.0,-1.0,16
none,true,True,0.3902434764924368,0.4660761709659621,0.9797883818454292,0.021777910646816778,0.9797883818454283,13
none,honest_fp,False,-1.088811433223176,1.4901161193847656e-08,-1.0888114332231762,-1.0888114332231744,-1.0888114332231762,16
none,honest_fp,False,0.0,0.0,0.0,0.0,0.0,16
none,true,True,-0.4545454545454545,0.4979295977319691,-1.0,0.0,-1.0,22
none,true,True,3.445629857366493,1.1608424057807618,2.546445196334444,4.9442709590865785,2.546445196334444,16
none,true,True,0.28548251406930014,0.4440497379453094,0.9441147130183456,-0.013895758180266782,-0.013895758180266782,16
none,true,False,-1.6672413219176199,2.1073424255447017e-08,-1.6672413219176185,-1.6672413219176185,-1.6672413219176203,13
none,true,True,-1.2704335703658332,0.4056503555487507,-1.0,-1.878909103688958,-1.878909103688959,13
none,true,True,2.408900669917969,4.2146848510894035e-08,2.408900669917971,2.408900669917969,2.408900669917969,16
none,true,False,0.022219803151696294,0.02207816276260312,0.05594475384009101,0.007766252856670874,0.007766252856669986,20
none,true,True,2.4474515611090726,0.0,2.447451561109073,2.447451561109073,2.447451561109073,14
none,true,False,-3.014782535352029,5.960464477539063e-08,-3.0147825353520297,-3.0147825353520297,-3.0147825353520297,15
none,true,True,-1.5746526522410484,1.1800970389931111,-2.5619926721978104,-0.1641669094456777,-0.1641669094456777,17
none,true,True,0.3720574483734312,0.42961493594481154,0.8681340462046734,0.0,0.8681340462046734,21
none,true,False,-0.054451069779365986,0.00804096955916651,-0.06310815901852251,-0.04027139583853767,-0.05888927014017753,13
none,true,True,1.1943506110316384,1.2028922818238996,2.3972428928555374,-0.008541670792261868,-0.00854167079226098,16
none,true,True,0.2820124988841716,0.4243668472338822,0.9114502529700665,-0.004095571154872246,-0.004095571154871358,16
none,true,True,0.5835209237859853,0.42980564150901557,0.8874394074892429,-0.024316043620533634,-0.024316043620532746,12
none,true,True,1.1697564917995444,1.179716359537691,2.4309263292173355,0.06623288405897831,0.0662328840589792,15
none,true,False,0.011513671923537198,0.013432592504064872,0.017751443936553812,0.006985272220671135,-0.011632602080967835,15
none,true,True,2.905452297128816,4.2146848510894035e-08,2.905452297128818,2.905452297128816,2.905452297128818,15
none,true,True,0.3119337194059498,0.4315924404838462,0.9222976021559077,0.006751778030970712,0.9222976021559068,15
none,true,True,3.8265530275533544,1.2408641350439669,2.6434354964523408,5.127982311764471,2.643435496452339,21
none,true,True,0.5198336531999713,0.45486353581017397,0.9453195303845341,0.033564079274757574,0.9453195303845359,15
none,honest_fp,False,-1.0,0.0,-1.0,-1.0,-1.0,14
none,true,False,-1.5928244785518326,2.1073424255447017e-08,-1.592824478551833,-1.5928244785518313,-1.5928244785518322,16
none,true,True,-1.310047873644526,0.4159728730490551,-1.0,-1.8681340462046734,-1.8681340462046734,14
none,true,True,1.1146088577153905,1.1730732717737924,2.4447489206169664,0.08005547545860914,2.4447489206169664,16
none,true,False,0.01921681947821463,0.014395448926114338,0.029221436208874962,0.016399112584529973,0.02922143620887674,16
none,true,True,1.216440263966927,1.202892281823899,2.419332545790823,0.013547982143027326,2.419332545790823,16
none,true,True,-1.7998894468377689,1.1873266909242195,-2.676788322830287,-0.19224150751815472,-0.19224150751815472,17
none,true,False,0.00044970701158770035,0.006340831145546326,-0.006328926615275066,0.0063810114350921765,-0.006328926615275066,15
none,true,False,-0.03884796684935606,0.0,-0.03884796684935665,-0.03884796684935665,-0.038847966849354876,15
none,true,True,1.2202697775091098,1.2843236730848517,2.5740657974496504,0.0018533595626237798,2.5740657974496504,19
none,honest_fp,False,0.0,0.0,0.0,0.0,0.0,15
none,true,True,0.2560536834481896,0.39232566025210286,0.9355816601178368,0.029544357891641226,0.029544357891641226,20
none,honest_fp,False,0.0,0.0,0.0,0.0,0.0,18
none,true,True,1.4537422678219825,2.1073424255447017e-08,1.4537422678219816,1.4537422678219816,1.4537422678219816,18
none,true,True,0.9338541011700471,0.0,0.9338541011700467,0.9338541011700467,0.933854101170045,19
none,true,False,-0.04033576666854642,0.006255233592039302,-0.04781220081582305,-0.03510226276545403,-0.04781220081582127,17
none,true,True,0.36938606049775696,0.4341344995560637,0.9518386119288831,0.045801309702687476,0.9518386119288849,14
none,true,True,1.811222434578417,0.0,1.8112224345784167,1.8112224345784167,1.8112224345784185,14
none,true,True,1.6519286747562123,1.2324946850755396,2.5705759740015797,-0.0016364638854486913,-0.0016364638854486913,14
none,true,False,-0.03190451259233207,0.017455875680853224,-0.05255858323469198,-0.01715160499064794,-0.05255858323469198,12
none,true,False,-0.007902489524750412,0.00011955736372898063,-0.007794345820274273,-0.008034665163556554,-0.008034665163554777,20
none,honest_fp,False,0.0,0.0,0.0,0.0,0.0,15
none,honest_fp,False,0.0,0.0,0.0,0.0,0.0,17
none,honest_fp,False,0.0,0.0,0.0,0.0,0.0,13
none,true,True,1.890033902284836,2.1073424255447017e-08,1.890033902284836,1.890033902284836,1.890033902284836,12
none,honest_fp,False,0.0,0.0,0.0,0.0,0.0,12
none,honest_fp,False,-1.0228219353602408,1.4901161193847656e-08,-1.0228219353602395,-1.0228219353602412,-1.0228219353602395,17
none,honest_fp,False,-1.7401471408503468,2.1073424255447017e-08,-1.7401471408503486,-1.7401471408503468,-1.7401471408503486,17
none,true,False,-0.03343610369236786,0.016965516478187306,-0.05619773256353966,-0.02079075431949562,-0.05619773256353966,14
none,true,True,-0.9999999999999998,0.0,-1.0,-1.0,-1.0,14
none,true,True,-1.0,0.0,-1.0,-1.0,-1.0,18
none,true,False,0.04582299861940656,0.00011484491612910098,0.04590781721115178,0.045667497867871276,0.04590781721115178,17
none,true,False,-0.013330231414362603,0.006704802041926759,-0.008775215392027746,-0.02319943279609049,-0.008775215392027746,19
none,honest_fp,False,0.0,0.0,0.0,0.0,0.0,14
none,true,True,0.974868551990979,0.0,0.9748685519909781,0.9748685519909781,0.9748685519909781,23
none,true,True,1.705281575766322,4.712160915387242e-08,1.7052815757663211,1.7052815757663211,1.7052815757663229,17
none,true,False,-0.027901608182470384,0.006879913215748268,-0.022853132091048778,-0.03727734949511152,-0.022853132091048778,20
none,true,True,-1.0,0.0,-1.0,-1.0,-1.0,15
none,true,False,0.018893234872796098,0.0,0.01889323487279526,0.01889323487279526,0.018893234872797038,17
none,true,False,2.429238323184328,0.0,2.429238323184327,2.429238323184327,2.429238323184327,19
none,true,False,0.20405212038310228,0.832872947245996,-0.004807587144279424,-0.0017333462492672425,-0.0048075871442776474,16
none,true,False,0.036844715888200597,6.585445079827193e-10,0.036844715888200597,0.036844715888200597,0.03684471588819882,13
none,honest_fp,False,0.0,0.0,0.0,0.0,0.0,12
none,honest_fp,False,0.0,0.0,0.0,0.0,0.0,14
none,honest_fp,False,-3.013364063814652,5.960464477539063e-08,-3.0133640638146524,-3.013364063814656,-3.0133640638146524,13
none,true,True,-2.0145297625386585,0.0,-2.0145297625386576,-2.0145297625386576,-2.0145297625386593,17
none,true,True,-2.0000000000000004,0.0,-2.0,-2.0,-2.0,13
none,true,True,0.9500096050541785,0.0,0.9500096050541789,0.9500096050541771,0.9500096050541789,15
none,true,False,-0.9756960262095683,1.5156085223036553,-3.51174397334972,-0.048944453950319655,-3.5117439733497218,19
none,true,False,-2.4277640741998945,0.9210886545495358,-2.7759028621114883,0.009207441181260378,-2.7759028621114883,8
none,honest_fp,False,-2.0,2.9802322387695312e-08,-2.0,-2.0,-2.0,17
none,honest_fp,False,-3.348736543260629,7.300048299977713e-08,-3.348736543260628,-3.3487365432606317,-3.34873654326063,14
none,honest_fp,False,-1.0,0.0,-1.0,-1.0,-1.0,17
none,true,False,1.4643531427741077,0.0,1.4643531427741063,1.4643531427741046,1.4643531427741063,14
none,true,True,-1.8702601275889705,2.9802322387695312e-08,-1.8702601275889705,-1.8702601275889705,-1.8702601275889705,19
none,true,False,0.20052044747114972,0.8339710465475219,-0.007998678734216114,-0.0010827990973361068,-0.007998678734216114,16
none,true,False,-0.9846837071235319,1.3284129492905956,-2.7950054042638186,-0.009895100971071713,-2.7950054042638186,20
none,true,True,1.1526909959025127,1.1254885191051676,2.355888833399403,0.09989288809273233,2.355888833399403,15
none,true,False,-1.0748280606679885,1.4129719731865777,-0.03127909931871464,-2.98800115647499,-2.98800115647499,17
none,true,True,0.3329140324127136,0.4238257987700719,0.9615492819388578,0.047170737173555466,0.9615492819388569,16
none,honest_fp,False,0.0,0.0,0.0,0.0,0.0,13
none,honest_fp,False,0.0,0.0,0.0,0.0,0.0,18
none,true,True,-1.0,1.4901161193847656e-08,-1.0,-1.0,-1.0,11
none,true,True,1.1280902650060693,1.1254885191051673,2.331288102502959,0.07529215719628723,0.07529215719629168,15
none,true,False,-6.644804417919536,8.429369702178807e-08,-6.644804417919536,-6.644804417919536,-6.644804417919536,11
none,true,False,-0.10310779279957796,0.0,-0.10310779279957849,-0.10310779279958027,-0.1031077927995776,15
none,true,False,-1.2093347921776414,1.4598163930845618,0.03560081083552724,-2.921121246320748,0.03560081083552635,19
none,true,False,-0.028886304091328086,4.656612873077393e-10,-0.028886304091328086,-0.028886304091329862,-0.028886304091328086,15
none,true,True,0.9754601447413092,0.0,0.9754601447413096,0.9754601447413087,0.9754601447413096,12
none,true,True,-1.9999999999999998,0.0,-2.0,-2.0,-2.0,15
none,true,True,0.2724052300418426,0.4310421797166873,0.8819909265520431,-0.03238761821326008,-0.03238761821325742,15
none,true,True,-1.4404046388274538,1.2765609068999104,-2.5821954249262458,-0.013166156203963553,-0.013166156203963553,18
none,true,True,-2.0,0.0,-2.0,-1.9999999999999991,-2.0,14
none,true,True,0.8917454949401542,0.0,0.8917454949401549,0.8917454949401549,0.8917454949401549,20
none,honest_fp,False,0.0,0.0,0.0,0.0,0.0,18
none,true,True,0.30607485835879794,0.3974997374551992,0.9345771281974837,0.05467395042332335,0.9345771281974846,14
none,true,True,3.3256958498362366,1.2437259467100967,2.362309874065378,4.931339142787662,2.362309874065378,16
none,true,False,-0.1432218792046997,1.862645149230957e-09,-0.14322187920470064,-0.14322187920469887,-0.14322187920469975,15
none,true,True,0.2692798512706135,0.39749973745519923,0.8977821211092998,0.017878943335139397,0.017878943335139397,14
none,true,True,1.8786197141376277,5.960464477539063e-08,1.8786197141376295,1.8786197141376295,1.8786197141376295,18
none,true,False,-2.1856073415661603,0.0,-2.1856073415661594,-2.1856073415661585,-2.1856073415661594,20
none,true,False,0.07767807176065558,0.0,0.07767807176065489,0.07767807176065666,0.07767807176065578,14
none,honest_fp,False,0.0,0.0,0.0,0.0,0.0,17
none,true,True,0.5277877545345141,0.4449623546820175,0.9202076656259575,0.02324786884551422,0.9202076656259579,16
none,true,False,2.0122641876806435,4.2146848510894035e-08,2.0122641876806426,2.0122641876806444,2.0122641876806444,16
none,true,True,0.4711255249202122,0.4441849485529856,0.8866224983819819,-0.003728159036096912,-0.003728159036096912,15
none,honest_fp,False,-1.3246826500910704,0.0,-1.32468265009107,-1.3246826500910718,-1.3246826500910704,12
none,honest_fp,False,-4.844617339330328,1.1920928955078125e-07,-4.8446173393303305,-4.8446173393303305,-4.8446173393303305,13
none,honest_fp,False,0.0,0.0,0.0,0.0,0.0,12
none,true,True,1.0541645284130599,1.240921825601552,2.487057628521736,-0.020505296668448025,-0.020505296668448025,21
none,true,False,2.988677527053921,0.0,2.9886775270539214,2.9886775270539214,2.9886775270539214,14
none,true,True,0.4049028662770155,0.4424187986218786,0.8995421203981699,0.009191462980091103,0.8995421203981708,18
none,honest_fp,False,-1.4079538406616607,0.0,-1.4079538406616603,-1.4079538406616603,-1.4079538406616599,17
none,true,True,0.46038840191814145,0.4477033092389369,0.8824871298148214,-0.01447266696562366,-0.014472666965623215,17
none,true,True,1.4608829199155375,1.243947730668541,2.5579416996862445,0.050378774496058654,2.557941699686241,16
none,honest_fp,False,-3.4254479982461294,9.424321830774485e-08,-3.425447998246131,-3.425447998246131,-3.4254479982461308,16
none,true,True,0.5134276273942572,0.4666204806976081,0.9561026839603795,0.021566453431898225,0.9561026839603795,19
none,true,True,0.5390353115446337,0.4292964223721813,0.88149538590379,0.0008837661231009264,0.0008837661231000382,18
none,honest_fp,False,0.0,0.0,0.0,0.0,0.0,13
none,honest_fp,False,-2.0,0.0,-2.0,-2.0,-2.0,16
none,true,True,1.4195806453086262,1.303065202293196,2.5480682132820407,-0.08506944532259553,-0.08506944532259464,14
none,true,False,-0.07370852654211696,0.0,-0.07370852654211824,-0.07370852654211646,-0.07370852654211646,18
none,true,False,-2.121093562418295,2.9802322387695312e-08,-2.121093562418295,-2.121093562418295,-2.121093562418295,24
none,true,False,-2.254775677496808,5.1619136559035694e-08,-2.2547756774968093,-2.2547756774968093,-2.2547756774968084,12
none,honest_fp,False,0.0,0.0,0.0,0.0,0.0,15
none,true,True,0.5024041495053772,0.46437478642179997,0.917753585295813,-0.01678264523266826,-0.01678264523266826,18
none,true,True,1.320141018805089,1.3084166219454674,2.782995273585442,0.14985761498080663,2.782995273585442,18
none,true,True,0.46590614936205055,0.4398063136321132,0.8852450159242835,0.0046333961435944815,0.8852450159242853,21
none,honest_fp,False,0.0,0.0,0.0,0.0,0.0,16
none,honest_fp,False,-2.0,4.2146848510894035e-08,-2.0,-2.0,-2.0,9
none,honest_fp,False,-2.0,2.9802322387695312e-08,-2.0,-2.0,-2.0,15
none,true,False,-1.27539060649779,1.2289970524717355,-2.5043876589695238,-0.046393554026055384,-0.04639355402605494,18
none,true,False,-0.042126837186073504,0.05434692977791997,-0.09647376696399235,0.01222009259184631,-0.09647376696399323,22
none,true,False,0.05157652095835624,0.011777427244315726,0.060699276874039754,0.03637192776555409,0.06069927687403709,16
none,true,False,3.465827938403291,1.2041662695761088,2.4826302964259046,4.940624401369373,2.482630296425902,15
none,true,True,2.3431520176424447,2.4029695121451087,4.938655736707794,0.1184345441578607,4.938655736707794,13
none,true,True,1.8992632207600235,0.0,1.8992632207600249,1.899263220760023,1.899263220760023,13
none,true,True,0.4374743586328996,0.4795340585673788,0.9501178307609912,-0.011088679479181351,-0.011088679479180463,15
none,true,False,-0.06977785349296532,0.04459990610803758,-0.09306939482635812,0.01562446472947876,-0.09306939482635945,14
none,true,False,3.417082366897553,5.960464477539063e-08,3.4170823668975547,3.417082366897553,3.4170823668975547,20
none,true,False,0.003469190869069827,0.012149875713095365,0.01621208802113472,-0.008115261087350945,-0.008115261087350056,21
none,true,False,-5.463230448680734,5.960464477539063e-08,-5.463230448680733,-5.463230448680735,-5.463230448680733,18
none,true,False,-2.5776075885944785,0.0,-2.5776075885944785,-2.5776075885944785,-2.5776075885944776,9
none,true,True,1.5008888395354236,2.2722740613807764,4.714369634568714,-0.10585155798122159,-0.10585155798122026,18
none,true,True,0.45944288444681736,0.4795340585673788,0.9720863565749092,0.010879846334736598,0.9720863565749092,15
none,honest_fp,False,-2.0,0.0,-2.0,-2.0,-2.0,11
none,true,False,0.04814658433858366,4.681694262594363,5.303597920296738,-6.383442240057004,5.303597920296738,17
none,true,True,-0.4450849522609609,0.46427523856550224,-1.0,-0.056644418843633915,-0.056644418843633915,17
none,true,False,-0.0432029899340467,0.004469792628859716,-0.03990182929971908,-0.049255117763648215,-0.0492551177636491,17
none,true,False,-3.023005421377484,2.74867113550085,-5.374281339881762,-6.609735927317036,-6.609735927317038,13
none,true,False,0.009997092636961025,1.1641532182693481e-10,0.009997092636959692,0.009997092636961469,0.00999709263696058,10
none,true,True,1.8782420729419815,0.0,1.8782420729419815,1.8782420729419833,1.8782420729419815,17
none,true,False,-2.634360690290861,0.0,-2.6343606902908583,-2.6343606902908583,-2.63436069029086,17
none,honest_fp,False,-1.0,1.4901161193847656e-08,-1.0,-1.0,-1.0,14
none,true,False,3.0051549867936966,5.057514532065393,5.215432913386193,-1.1712669923024013,0.0641875951328732,17
none,true,True,1.4207685903325866,0.47028022368232775,0.9853737067219548,1.9287292878783227,0.9853737067219557,13
none,true,False,0.01126173900175551,0.004617980170252219,0.015199965723409647,0.005846677259480515,0.015199965723409647,19
none,honest_fp,False,0.0,0.0,0.0,0.0,0.0,15
none,true,False,2.0438281078159646,2.336313667579678,4.692958800268988,-0.016606875203054372,-0.01660687520305404,16
none,true,True,1.8836003937120616,4.2146848510894035e-08,1.8836003937120616,1.8836003937120616,1.8836003937120624,16
none,true,True,-0.6023483589563616,0.45916856400048206,-1.0,-0.07214617089817743,-0.07214617089817765,14
none,true,False,-6.024790677240752,1.1920928955078125e-07,-6.024790677240752,-6.024790677240752,-6.024790677240752,12
none,honest_fp,False,-2.2772280792051247,0.0,-2.2772280792051234,-2.277228079205125,-2.277228079205125,10
none,honest_fp,False,0.0,0.0,0.0,0.0,0.0,16
none,honest_fp,False,0.0,0.0,0.0,0.0,0.0,13
none,true,True,5.410309075644282,1.4600096599955427e-07,5.4103090756442835,5.4103090756442835,5.4103090756442835,17
none,true,False,1.1360447702531087,1.1898642705352562,2.451489215858233,0.059772042030733274,2.451489215858233,20
none,true,False,-3.577868715412483,0.0,-3.5778687154124817,-3.5778687154124835,-3.577868715412483,12
none,true,False,-0.20246411032588027,0.001739320051921898,-0.20388425920141628,-0.2003338870125777,-0.20033388701257782,15
none,true,False,1.3715127350525633,1.1864791590655888,2.417888998602095,0.02617182477459501,0.026171824774594454,16
none,true,False,2.079613827726685,2.3363136675796787,4.728744520179708,0.019178844707665732,4.72874452017971,16
none,true,True,1.547330663095574,0.45455368743740204,0.9906183656344805,1.918472194736303,0.9906183656344811,20
none,true,False,0.03264528855170706,0.001761262851258924,0.031092000719091573,0.0346423729079266,0.03109200071909113,16
none,honest_fp,False,0.0,0.0,0.0,0.0,0.0,16
none,honest_fp,False,0.0,0.0,0.0,0.0,0.0,20
none,true,False,-3.7101021149055216,0.0,-3.7101021149055207,-3.7101021149055224,-3.7101021149055216,17
none,true,True,0.41718582246567887,0.45443704050697864,0.8716228629726572,-0.03725121804130005,-0.03725121804130005,18
none,true,True,5.183838806617445,0.0,5.183838806617443,5.183838806617443,5.183838806617443,15
none,true,True,2.3138526013839824,2.4020947945707003,4.881799953337323,0.06689866842480718,4.881799953337324,15
none,true,False,-2.961966119281823,0.0,-2.961966119281822,-2.961966119281823,-2.961966119281822,22
none,true,True,2.037524993521065,2.3885683851007258,4.745906966284354,-0.06899431862816208,-0.06899431862816119,16
none,true,True,1.9505624005424747,4.712160915387242e-08,1.9505624005424753,1.9505624005424735,1.9505624005424753,18
none,true,True,0.5726382068230829,0.45087277339411913,0.9702706172666886,0.06139653625273134,0.9702706172666895,16
none,true,True,0.2931490220567609,0.4953163344434931,1.150783943299901,0.0038053890669664803,-0.0137324386390687,20
none,true,True,0.3294611401035027,0.8340917976024641,2.0485256282927136,-0.0516097849095325,-0.0516097849095325,21
none,honest_fp,False,0.0,0.0,0.0,0.0,0.0,15
none,true,True,0.3669064882029543,0.5354686933765016,1.1963727616959243,0.00420512802715356,1.1963727616959234,17
none,true,True,0.9650001580145121,1.8250120749944284e-08,0.9650001580145116,0.965000158014512,0.965000158014512,16
none,true,True,0.635844302783427,0.9701375851793511,2.243411989101766,0.011869096066381868,0.010038537959082383,15
none,true,True,1.2010913256205844,0.0,1.2010913256205829,1.2010913256205842,1.2010913256205846,18
none,true,False,-0.037067566546039266,0.0,-0.03706756654603893,-0.03706756654603893,-0.03706756654603938,16
none,true,True,0.32951171028859605,0.5180529716471383,1.1645433740912345,0.007360882336407304,-0.010176945369627877,18
none,true,True,1.3862029583909288,3.942476676500724e-08,1.3862029583909283,1.3862029583909297,1.3862029583909283,16
none,true,True,0.5307887287086175,0.8931014510263868,2.257101703904862,0.0673460920081066,2.257101703904862,19
none,true,True,-1.661544597508524,4.712160915387242e-08,-1.6615445975085237,-1.6615445975085246,-1.661544597508525,12
none,true,False,-0.01119914702937509,0.0015631548198250305,-0.009866084119929397,-0.013032108529863251,-0.013032108529863251,19
none,true,True,0.49174832318437195,0.5038288994874022,1.093939038061178,0.07021482277060809,1.0939390380611789,17
none,true,True,0.954990296964938,1.0536712127723509e-08,0.9549902969649384,0.9549902969649375,0.954990296964938,15
none,true,True,0.6939295701554783,0.6497460852532531,1.343675655408731,0.04418348490222446,1.343675655408731,18
none,true,True,1.1803340450640967,1.108977759659115,2.2893118047232113,0.07135628540498207,2.2893118047232113,20
none,true,False,2.8751203829946448e-05,0.0015434306359322074,0.0012599829188033596,-0.0019060414911296064,0.0012599829188042477,18
none,true,True,0.44028124346857983,0.510723369621509,0.9862674916235505,-0.037456723667019354,-0.037456723667019354,15
none,true,True,0.6275715317163333,0.6497460852532534,1.2773176169695866,-0.022174553536919994,-0.022174553536919994,18
none,true,True,1.614562463701056,1.0019701699981711,2.248264040649122,0.030308521330892013,0.030308521330892013,14
none,true,True,0.5449529761060738,0.4298615809407335,0.9294328624656778,0.06435311815656952,0.9294328624656769,18
none,true,False,-1.3376667065898766,0.0,-1.3376667065898769,-1.3376667065898769,-1.3376667065898764,19
none,honest_fp,False,-2.0,2.9802322387695312e-08,-2.0,-2.0,-2.0000000000000004,17
none,true,True,1.6256528509599244,0.5150911118147375,0.9947976534654348,2.0462229826229157,0.9947976534654339,15
none,true,True,0.5484651906816491,0.42575155401632275,0.9046744971618708,0.03959475285276248,0.03959475285276248,17
none,true,True,1.573961089809671,0.0,1.5739610898096714,1.5739610898096723,1.5739610898096714,15
none,true,True,0.9940162495204927,0.5654866463071356,1.3319591584519177,0.047776104512505135,1.3319591584519164,19
none,true,True,0.9765542684099751,1.164025668277459,2.4489432150725268,0.056311176745880154,2.4489432150725268,13
none,true,False,1.3769168756009655,1.4901161193847656e-08,1.3769168756009655,1.3769168756009647,1.3769168756009655,18
none,true,True,-0.6023405077191105,0.5235357911925893,-1.0802611118816028,-0.02883578272411924,-0.02883578272411924,11
none,true,True,1.0329518244202927,0.48955631658063653,1.2595723633507774,-0.024610690588635187,-0.024610690588635187,17
none,true,True,1.0030771448760314,1.1795835025283907,2.3987791672332417,0.006147128906595967,0.006147128906595967,12
none,honest_fp,False,-1.3946435387728668,0.0,-1.3946435387728666,-1.3946435387728675,-1.394643538772867,19
none,true,True,0.4608962129037739,0.46049874646034955,0.8916533469771508,-0.03139765460865673,-0.03139765460865629,15
none,true,True,0.0816439370437349,0.3368805316647715,1.1983668795733333,-0.014254820926182799,-0.03221561029214315,12
none,honest_fp,False,0.0,0.0,0.0,0.0,0.0,12
none,true,True,0.4797270782102306,0.46072632183695916,0.968401137873304,0.04535013628749773,0.9684011378733048,17
none,true,True,0.9897426062866651,1.0536712127723509e-08,0.989742606286665,0.989742606286665,0.989742606286665,14
none,true,True,0.7072219519239945,0.7549735731459704,1.5342540645886427,0.018028524703453286,1.5342540645886436,11
none,true,True,0.11494411955555747,0.31015626759875103,1.2749433715152492,0.02216074128888268,1.2749433715152492,15
none,true,True,1.1004794059698488,1.207494011808402,2.494773391494733,0.05475891682618572,2.494773391494733,14
none,true,False,0.032593753069538836,0.0,0.03259375306953771,0.0325937530695386,0.032593753069539044,15
none,true,False,0.023123250117267992,0.011348498778499836,0.03555490766687619,0.012763535492593903,0.03555490766687619,11
none,true,True,0.54579268717028,0.726510723515272,1.5205091056679017,0.004283565782711829,0.004283565782712051,14
none,true,True,0.07126928035057808,0.2893303910890478,1.2269432335558772,-0.002285138910668838,-0.020245928276629188,17
none,true,True,1.07662346927775,1.2074940118084019,2.470917454802634,0.030902980134086544,0.030902980134086766,14
none,true,False,-0.031101283630819838,0.011236298012447458,-0.017806316529155097,-0.040597688703437385,-0.040597688703437385,12
none,true,True,0.9864382594181855,0.0,0.9864382594181853,0.9864382594181844,0.9864382594181853,20
none,honest_fp,False,-2.0,0.0,-2.0,-2.0,-2.0,21
none,true,True,0.9430722422821947,0.0,0.9430722422821942,0.9430722422821942,0.9430722422821942,17
none,true,False,-0.06099073271541273,0.009682850552284926,-0.0671147051130605,-0.04568080172129285,-0.06711470511306139,14
none,honest_fp,False,0.0,0.0,0.0,0.0,0.0,18
none,true,False,-0.0010245404184380889,0.010702097978841389,-0.011177442025065432,0.010256461366703107,-0.011177442025065432,19
none,honest_fp,False,0.0,0.0,0.0,0.0,0.0,20
none,true,True,-1.0000000000000002,0.0,-1.0,-1.0,-1.0,16
none,true,True,1.9573549329937534,5.5755039852469285e-08,1.9573549329937538,1.9573549329937556,1.9573549329937538,16
none,true,True,0.8718786530420122,0.0,0.8718786530420122,0.871878653042014,0.8718786530420122,16
none,honest_fp,False,-2.3071912038079523,0.0,-2.3071912038079523,-2.3071912038079514,-2.307191203807952,16
none,true,True,0.3624149130825785,0.45455996370288937,0.9057179863582743,-0.017897238210409228,-0.017897238210409228,17
none,honest_fp,False,-2.0,2.9802322387695312e-08,-2.000000000000001,-2.0,-2.0000000000000004,20
none,honest_fp,False,-5.729064481947497,0.0,-5.729064481947497,-5.729064481947496,-5.729064481947496,15
none,honest_fp,False,-2.0,0.0,-2.000000000000001,-2.0,-2.0000000000000004,15
none,true,True,0.5226940641195917,0.4604392904254914,0.9489780139205228,0.025362789351838444,0.9489780139205224,13
none,true,True,-1.0,0.0,-1.0,-1.0,-1.0,17
none,true,True,1.9554528793664758,0.0,1.9554528793664758,1.9554528793664758,1.9554528793664758,16
none,true,True,-1.0,0.0,-1.0,-1.0,-1.0,15
none,honest_fp,False,0.0,0.0,0.0,0.0,0.0,15
none,honest_fp,False,0.0,0.0,0.0,0.0,0.0,19
none,honest_fp,False,0.0,0.0,0.0,0.0,0.0,16
none,honest_fp,False,-1.0,0.0,-1.0,-1.0,-1.0,16
none,true,True,0.0,0.0,0.0,0.0,0.0,11
none,true,True,1.9827471354073818,0.0,1.982747135407382,1.9827471354073811,1.982747135407382,14
none,true,True,-1.0,0.0,-1.0,-1.0,-1.0,9
none,honest_fp,False,0.0,0.0,0.0,0.0,0.0,17
none,honest_fp,False,0.0,0.0,0.0,0.0,0.0,15
none,true,False,0.03920401093887316,0.0,0.0392040109388736,0.03920401093887271,0.0392040109388736,16
none,true,False,-0.05784075753910941,0.0,-0.05784075753910933,-0.05784075753911022,-0.05784075753910978,12
none,honest_fp,False,-1.0591274024556157,0.0,-1.0591274024556157,-1.0591274024556157,-1.0591274024556157,17
none,true,False,2.2938517234130305,2.9802322387695312e-08,2.2938517234130313,2.2938517234130313,2.293851723413031,19
none,true,True,2.6242333302523884,7.884953353001448e-08,2.62423333025239,2.6242333302523897,2.62423333025239,20
none,true,False,0.01695117121153631,0.0,0.01695117121153622,0.01695117121153622,0.01695117121153633,15
none,true,False,-0.0291623269394767,0.0,-0.029162326939476735,-0.02916232693947718,-0.029162326939476957,13
none,honest_fp,False,0.0,0.0,0.0,0.0,0.0,10
none,true,True,0.6368163499018893,0.45972415309694054,0.961890416031979,-0.01333178235828969,-0.01333178235828969,18
none,true,False,-2.786631505722484,5.960464477539063e-08,-2.786631505722484,-2.7866315057224846,-2.7866315057224846,16
none,true,True,0.5505321742925946,0.4855919969437526,0.9938149917427168,0.018592793352448123,0.9938149917427166,22
none,honest_fp,False,0.0,0.0,0.0,0.0,0.0,17
none,honest_fp,False,0.0,0.0,0.0,0.0,0.0,17
none,true,False,0.06611312817494763,0.0,0.06611312817494763,0.06611312817494763,0.06611312817494763,20
none,true,False,0.014851873952071859,0.0,0.01485187395207177,0.014851873952073547,0.01485187395207177,20
none,true,True,0.26898224481553507,0.43356284474517826,0.9879608461114735,0.006546793168705989,0.9879608461114735,15
none,true,True,2.6414321845684374,0.0,2.641432184568437,2.6414321845684388,2.641432184568437,13
none,true,False,2.2414382416293597,4.2146848510894035e-08,2.2414382416293606,2.2414382416293606,2.2414382416293606,18
none,true,False,-1.8426589183810496,0.0,-1.8426589183810496,-1.8426589183810496,-1.8426589183810504,17
none,honest_fp,False,-4.021555539413775,5.960464477539063e-08,-4.021555539413775,-4.021555539413775,-4.021555539413776,15
none,true,True,0.2188095910886559,0.40745526349354905,0.9810747244193863,-0.001607325247496405,-0.0016073252474972932,18
none,true,True,0.23374041597707,0.41719448148108085,0.9858362230109758,-0.0010731773071288586,0.0047680074437712605,17
none,true,True,0.19662199932358485,0.38313115762175387,0.91280018092798,0.008206351083088315,-0.028413477287755562,18
none,true,False,-0.1293624693429035,0.0,-0.12936246934290363,-0.12936246934290363,-0.12936246934290274,12
none,true,False,-0.1402488020194202,0.0,-0.14024880201942036,-0.14024880201941947,-0.14024880201941947,11
none,true,True,0.22119241961227162,0.38595266051666954,0.9667321102145632,0.025372345118356954,-0.011247483252486923,19
none,true,True,0.32518667996070616,0.442209374035499,0.9881087311104659,0.011922807849805928,0.9881087311104659,13
none,honest_fp,False,-2.0,0.0,-2.0,-2.0,-2.0,19
none,honest_fp,False,0.0,0.0,0.0,0.0,0.0,15
none,true,False,-0.003535619219616743,4.1159031748919956e-11,-0.003535619219616759,-0.003535619219616759,-0.0035356192196165925,14
none,true,True,0.40954752407960704,0.4659214973847097,0.9558889076230503,0.012208336048011859,0.012208336048011803,19
none,true,False,2.609641570268778,2.9802322387695312e-08,2.609641570268778,2.6096415702687783,2.609641570268778,17
none,true,False,-0.027118917764749575,3.2927225399135965e-10,-0.027118917764749728,-0.027118917764749728,-0.02711891776474956,16
none,honest_fp,False,0.0,0.0,0.0,0.0,0.0,16
none,honest_fp,False,-2.0,0.0,-2.0,-2.0,-2.0,17
none,true,False,0.0056370139529634865,0.0,0.005637013952963343,0.005637013952963343,0.005637013952963343,14
none,true,True,0.5029061520195426,0.4718402857875193,0.9747464378070623,0.031065866232023343,0.9747464378070624,16
none,honest_fp,False,0.0,0.0,0.0,0.0,0.0,16
none,true,True,0.2547901845761781,0.43208048717555597,0.9777991283064935,-0.0034272953275049645,-0.003427295327506741,19
none,true,True,0.19618113068902748,0.38622280617060306,0.9686108511862059,0.0002602263221742618,0.006177479855690393,20
none,true,False,0.026337813731193767,0.006638659688783451,0.03045493569382529,0.015633296628351445,0.03045493569382529,18
none,true,True,0.5544409401504389,0.48757532990324975,0.990541572876662,0.009315149242661747,0.9905415728766602,9
none,true,True,0.24920349327584979,0.41698811389623563,0.9714473274244924,0.0072980055009104206,0.9714473274244888,16
none,true,True,1.9539468343723916,4.2146848510894035e-08,1.9539468343723918,1.9539468343723918,1.9539468343723918,17
none,honest_fp,False,0.0,0.0,0.0,0.0,0.0,23
none,true,False,0.14855919066979067,2.634178031930877e-09,0.14855919066978984,0.14855919066979162,0.14855919066979162,19
none,true,True,0.22823861905950912,0.409293601483295,0.9660957648839315,-0.002772539524391604,-0.0027725395243933804,17
none,true,False,0.01368554121889313,0.007385042691045149,0.020478792457236494,0.005657153391760872,0.005657153391762648,24
none,true,True,0.5140600815380492,0.4742422191305952,0.9883023006686447,0.03981786240745411,0.9883023006686447,18
none,true,False,0.029130328218389942,0.012263509819735407,0.016866818398654004,0.04139383803812535,0.016866818398654893,22
none,true,False,0.0014465396718101875,0.008898937211696186,0.011536986012492534,-0.006401585259832032,-0.006401585259832032,16
none,honest_fp,False,0.0,0.0,0.0,0.0,0.0,16
none,true,True,0.5477594367443294,0.46466058054205,0.9271532120488057,-0.021331226212384813,-0.021331226212384813,15
none,true,False,0.44365648363544874,0.4518524920749533,0.931712956146642,0.025322364340139458,0.931712956146642,13
none,honest_fp,False,0.0,0.0,0.0,0.0,0.0,17
none,true,False,-0.1291593154363735,1.862645149230957e-09,-0.1291593154363735,-0.1291593154363735,-0.1291593154363735,17
none,true,False,-0.012044304439829172,0.010846256182640361,-0.01858484301035368,0.005942176629115892,0.005942176629115892,15
none,true,False,0.38604504633788217,0.44854701614608194,0.9039825273701698,-0.0024080644363326797,-0.002408064436333568,14
none,true,False,1.8952588287059549,0.0,1.8952588287059555,1.8952588287059546,1.8952588287059537,19
none,true,False,1.4497119849026592,0.0,1.4497119849026596,1.4497119849026596,1.4497119849026596,19
none,true,True,5.3594657207035965,5.960464477539063e-08,5.359465720703598,5.359465720703598,5.359465720703598,15
none,true,False,0.011996608428585631,0.008949331694569053,0.02156384644049325,0.0036252751681677964,0.021563846440492362,15
none,honest_fp,False,-2.0,0.0,-1.9999999999999982,-2.0,-2.0,16
none,true,True,0.5374574633288274,0.4705564878857699,0.9811023746826315,0.03835693805579776,0.9811023746826322,17
none,true,False,-0.02704519634097366,0.02469592297931165,0.004837103131723808,-0.046174576024592184,-0.04617457602459252,16
none,true,False,0.019785157581470775,2.3283064365386963e-10,0.01978515758147026,0.019785157581471147,0.019785157581470703,12
none,true,False,0.020922354552336136,0.01157508845685407,0.03645196533339501,0.012294793007303184,0.012294793007303184,14
none,true,True,-2.0,0.0,-2.0,-1.9999999999999998,-2.0,16
none,true,True,0.48181836023594427,0.4705564878857701,0.9254632715897486,-0.017282165037085573,-0.017282165037085795,17
none,true,True,1.9603355069061366,0.0,1.9603355069061354,1.9603355069061372,1.9603355069061372,14
none,true,True,1.886609345042622,0.0,1.886609345042622,1.886609345042622,1.886609345042622,15
none,honest_fp,False,-0.9999999999999999,0.0,-1.0,-1.0,-1.0,14
none,true,False,-0.08805463662914076,1.3170890159654386e-09,-0.08805463662914192,-0.08805463662914015,-0.08805463662914059,16
none,true,False,0.11896449562863237,0.024377696502993495,0.15197205272977854,0.10096037357346166,0.15197205272977943,17
none,true,False,-0.015795155832399037,0.0,-0.0157951558324001,-0.015795155832398766,-0.015795155832398766,18
none,true,True,5.370035981701194,1.3328003749250113e-07,5.370035981701194,5.370035981701195,5.370035981701194,21
none,true,False,0.03754693117396024,0.011197149053579478,0.054154987148146816,0.029997814822056323,0.05415498714814837,16
none,true,True,0.47338621301380235,0.4570224290989593,0.9670268557382755,0.05026566210711092,0.9670268557382764,13
none,true,False,0.28185767890400243,0.4179012102781113,0.974835413222042,0.020110682637883848,0.9748354132220429,15
none,true,False,0.014369477315557155,0.0030655671092027887,0.016537160606656442,0.010034110733358581,0.01653716060665733,9
none,honest_fp,False,0.0,0.0,0.0,0.0,0.0,14
none,true,True,0.4469621164656382,0.4570224290989591,0.9406027591901118,0.023841565558946343,0.023841565558945454,13
none,true,False,0.28806202073106896,0.43288053602942816,0.9373525211552032,-0.006769367329666487,-0.003911313193694532,13
none,true,True,1.9443726859543782,2.9802322387695312e-08,1.9443726859543773,1.944372685954379,1.9443726859543773,18
none,true,True,1.936531907678778,3.650024149988857e-08,1.936531907678777,1.9365319076787788,1.9365319076787788,16
none,true,True,2.513267298418528,5.960464477539063e-08,2.513267298418528,2.51326729841853,2.513267298418528,23
none,true,False,0.10004782683292586,0.0,0.10004782683292568,0.10004782683292657,0.10004782683292657,19
none,true,False,0.2412998262483521,0.4164864233696858,0.9319059350532441,-0.014984362324065081,-0.012126308188093127,15
none,true,False,-0.026322542433540166,0.0,-0.026322542433540264,-0.026322542433539375,-0.026322542433540264,18
none,true,False,-0.010532690500361565,0.003065567109202546,-0.006197323918163633,-0.012700373791460606,-0.012700373791461494,18
none,honest_fp,False,0.0,0.0,0.0,0.0,0.0,17
none,true,True,0.12147009231792957,0.3374287080827855,0.9127643725191703,-0.021151253149630733,-0.03056197630231594,13
none,true,True,0.15915729493800632,0.35771361841533184,0.931699006382182,-0.016912507459975856,-0.016912507459976744,17
none,true,False,2.0615786148866486,1.9403116549079413,3.911593189318574,0.026562583011530805,3.911593189318574,21
none,true,True,0.18860209108882683,0.358268234262836,0.9895066413066793,0.023347942429513324,0.9895066413066811,12
none,true,False,-1.4358396624261327,0.0,-1.4358396624261331,-1.4358396624261331,-1.4358396624261331,18
none,true,True,0.2609340198126326,0.40238869669522703,0.9578283821900353,0.018537919855573293,0.9578283821900344,12
none,true,False,3.0523895262603458,1.594128692974888,3.884896084754712,-0.00013452155233117935,-0.00013452155233117935,14
none,honest_fp,False,-2.0,0.0,-2.0,-2.0,-2.0,17
none,honest_fp,False,-3.1337714699768777,4.2146848510894035e-08,-3.133771469976878,-3.133771469976878,-3.133771469976878,16
none,honest_fp,False,-2.0,0.0,-2.0,-2.0,-2.0,15
none,true,True,0.19134479691304485,0.38049197003706847,0.9520317776936071,-0.002182355007844805,-0.01159307816052868,10
none,true,True,0.9060493051606731,1.0536712127723509e-08,0.9060493051606731,0.9060493051606731,0.9060493051606735,8
none,true,False,0.11163733919842367,1.862645149230957e-09,0.111637339198424,0.111637339198424,0.11163733919842356,16
none,true,True,1.891520140189364,2.1073424255447017e-08,1.891520140189364,1.8915201401893658,1.891520140189364,21
none,true,True,0.2022226833220082,0.3720842908664917,0.946265430909424,0.004929453049044241,0.024115533776167375,15
none,true,False,0.0,0.0,0.0,0.0,0.0,15
none,honest_fp,False,0.0,0.0,0.0,0.0,0.0,21
none,true,True,0.08496468832161067,0.3141089625717513,0.9158450635465538,-0.026153798339633383,-0.041488150521030054,16
none,true,True,-0.2204295098844785,0.3898542568260762,-1.0,-0.018080223956635777,-0.03737504491685284,20
none,honest_fp,False,0.0,0.0,0.0,0.0,0.0,20
none,honest_fp,False,-1.0,0.0,-1.0,-0.9999999999999996,-1.0,10
none,honest_fp,False,0.0,0.0,0.0,0.0,0.0,14
none,honest_fp,False,0.0,0.0,0.0,0.0,0.0,16
none,true,True,0.1540186581379233,0.3417243864660329,0.9906597375983548,0.011599149380820961,0.9906597375983548,14
none,true,True,0.7854704438690088,0.8093526379628365,0.9395871762765626,0.013302586681332329,0.9395871762765626,17
none,true,True,0.5850633025151443,0.4820382582955921,0.9883654444911727,0.008917385406530975,0.9883654444911736,17
none,true,False,2.855212713794504,7.300048299977713e-08,2.8552127137945043,2.8552127137945043,2.8552127137945043,18
none,true,False,2.8224026459676126,1.003531330068821,1.8703692340609024,3.8802175480861774,1.8703692340609024,19
none,honest_fp,False,-1.1529887877918346,0.0,-1.1529887877918341,-1.1529887877918337,-1.1529887877918341,13
none,true,True,0.15217111472275727,0.3412719873861603,0.9874514844393776,0.01391518964141536,-0.0014191625399808672,14
none,true,True,0.7718272777159116,0.8128757368109576,0.9190130364558158,0.007456765904340301,-0.011838055055876318,17
none,true,False,0.04182507791470728,0.0,0.04182507791470691,0.0418250779147078,0.041825077914707354,18
none,true,True,0.6078801420465595,0.4741732526637501,0.9751731642032997,-0.0042748948813420284,-0.0042748948813424725,16
none,true,False,-1.1724154001072393,0.9891527904363853,-2.0,0.009848314025275862,0.009848314025275862,17
none,true,True,0.4492956855537495,0.47983349324144997,0.9622592668132963,0.00045255195164628503,0.00045255195164539685,15
none,true,False,0.0033536368784292947,0.0009545627168918089,0.004436009261161722,0.002511791691858889,0.004436009261162166,16
none,true,True,-0.9415676309520952,0.990073885485031,-2.0,-0.01390085633799032,-0.013900856337990763,15
none,honest_fp,False,-1.6795808136223083,0.0,-1.679580813622307,-1.6795808136223087,-1.6795808136223078,17
none,honest_fp,False,-1.2635321410251668,0.0,-1.2635321410251663,-1.2635321410251663,-1.2635321410251672,15
none,honest_fp,False,-2.0,0.0,-2.0,-2.0,-2.0,9
none,true,True,0.5294067156155373,0.4794784554619894,0.9733175070901456,0.011510792228495603,0.9733175070901456,13
none,true,True,0.5501531194365962,0.433560943887887,0.9423237488807192,0.07083346122711198,0.9423237488807197,20
none,true,True,1.1530379305485023,0.931701857294498,1.9325548691473688,0.04120053448976435,1.9325548691473688,17
none,true,False,0.16021065025028264,1.862645149230957e-09,0.16021065025028225,0.16021065025028314,0.16021065025028225,15
none,honest_fp,False,-0.9999999999999998,2.1073424255447017e-08,-1.0,-1.0,-1.0,19
none,true,True,0.6361055702060121,0.40394655955095293,0.9084462850977646,0.03695599744415645,0.03695599744415734,16
none,true,False,-0.09094191557369591,0.0009470093662299518,-0.08981002288587092,-0.09173424045517287,-0.09173424045517331,17
none,true,True,2.3145398638824237,1.2307061762760667,1.909437465847322,2.000079736992557,0.013980593330550573,16
none,true,True,0.9554507445592278,0.0,0.9554507445592275,0.9554507445592275,0.955450744559228,16
none,true,False,0.015385483563321145,0.0,0.015385483563321145,0.015385483563321145,0.015385483563321145,14
none,true,False,-2.0,0.0,-2.0,-2.0,-2.0,17
none,true,True,0.1434019111711259,0.3389751728785128,0.9013734404122236,-0.008192394677093873,-0.008192394677093429,12
none,true,True,0.5743357060676343,0.4852589904302821,0.9945823191950485,0.014006888564416009,0.9945823191950485,14
none,honest_fp,False,0.0,0.0,0.0,0.0,0.0,12
none,honest_fp,False,-2.0,0.0,-2.0,-2.0,-2.0,18
none,honest_fp,False,0.0,0.0,0.0,0.0,0.0,21
none,true,True,0.41289151216325065,0.47374642767021624,0.9318547221081843,-0.019577829457527507,-0.01957782945752773,11
none,true,False,1.0528589076259225,1.1395539441325784,2.271093316966221,-0.0130962005468378,-0.01309620054683791,15
none,true,True,0.48626297475459535,0.8133553834031975,1.94123731647856,0.03158349296585694,1.941237316478559,21
none,true,False,-0.0437664733996651,6.585445079827193e-10,-0.04376647339966411,-0.043766473399664996,-0.043766473399664996,18
none,true,False,2.816500651856527,0.0,2.8165006518565274,2.8165006518565265,2.8165006518565274,19
none,honest_fp,False,-2.0,0.0,-2.0,-2.0,-2.0,13
none,honest_fp,False,0.0,0.0,0.0,0.0,0.0,18
none,true,True,0.34221473471847197,0.44850960603582324,0.9765031024289481,0.02507055086323451,0.9765031024289468,15
none,true,True,0.1626951108629654,0.33897517287851286,0.9206666401040629,0.011100805014746307,0.9206666401040632,12
none,true,False,1.276432041932682,1.1387107668479606,2.3306733577079406,0.04648384019488194,2.330673357707939,13
none,true,True,1.063721986812166,0.9489146139703976,1.9124570194844779,0.002803195971775807,0.002803195971775585,9
none,true,True,0.5097360143163904,0.4891969737744192,0.9673378819440188,-0.013237548686613643,-0.013237548686613532,15
none,true,False,1.9257790701117514,0.0,1.9257790701117514,1.9257790701117514,1.925779070111751,18
none,honest_fp,False,0.0,0.0,0.0,0.0,0.0,14
none,true,False,-3.1644090556103563,0.0,-3.1644090556103563,-3.1644090556103563,-3.164409055610357,16
none,true,False,-0.015437275351168853,0.008215908816688227,-0.021712279360389886,-0.004680125621074893,-0.02171227936039044,19
none,true,True,0.33932775086738975,0.45880551609143155,1.014671184579333,0.027630781461876808,1.0146711845793321,19
none,true,True,0.6915146730323058,0.42322537896616086,0.95068622919809,0.00039052325688260225,0.0003905232568827133,11
none,true,False,-3.3366869397021004,4.2146848510894035e-08,-3.3366869397020995,-3.3366869397021013,-3.3366869397020995,8
none,true,False,-0.08185612231570766,0.0,-0.08185612231570794,-0.08185612231570971,-0.08185612231570777,19
none,true,True,0.3470483324140996,0.4619770518942226,0.8887644436344564,-0.046927021200705354,-0.04692702120070563,19
none,true,False,-0.4191897461049154,0.978149333492625,-0.10987176754368377,-3.5123695317172334,-0.10987176754368333,11
none,honest_fp,False,-0.9999999999999999,0.0,-1.0,-1.0,-1.0,12
none,honest_fp,False,0.0,0.0,0.0,0.0,0.0,18
none,true,True,0.5960503024198696,0.4630471878008708,0.9970609302063682,0.0613694653712038,0.9970609302063678,14
none,true,False,3.0322253326278,0.0,3.0322253326277995,3.0322253326277995,3.0322253326277995,19
none,true,False,-0.0006150803141083295,0.008344017176391754,-0.007427941809833527,0.009604211929481465,-0.007427941809834415,20
none,true,True,1.8901202464561349,0.0,1.8901202464561342,1.890120246456135,1.890120246456135,22
none,true,True,0.4244617516636226,0.48845832209219947,0.9884848391593115,0.0014444360418544022,0.001444436041856012,14
none,true,True,0.40141305641975655,0.46554791686277713,0.9715904799844806,0.02129477404327318,0.9715904799844808,20
none,true,False,-0.0344094315933542,4.656612873077393e-10,-0.03440943159335319,-0.03440943159335674,-0.03440943159335408,21
none,true,False,-1.991008445996852,1.6867149281154104,-0.0678575358118021,-3.4703552999853535,-0.06785753581180248,23
none,honest_fp,False,-3.2078925778622613,0.0,-3.2078925778622605,-3.207892577862264,-3.2078925778622613,10
none,honest_fp,False,-1.585797409057569,0.0,-1.5857974090575695,-1.5857974090575695,-1.5857974090575695,10
none,true,False,-0.5614712701094373,3.393887277223787,2.998067735934974,-3.7974158210589017,-3.7974158210589017,21
none,true,False,-0.03135302181384042,0.00977623261225617,-0.037944156496433123,-0.016852525512138783,-0.03794415649643268,16
none,true,True,0.23278685395877521,0.40047629804813795,0.9637151645800461,0.0020949559215583946,0.023269052223265252,13
none,true,True,0.25001384345491817,0.3866769591125266,0.9719968975035194,0.0011481145542457938,0.9719968975035194,18
none,true,False,-1.6009325216254808,1.865779522003085,-0.11255535250706572,-3.9398109302401334,-0.11255535250706483,18
none,true,False,-0.020281824355644476,0.016809616240807054,-0.005946535458832614,-0.039992846588761566,-0.005946535458832614,19
none,true,True,0.5132803973199721,0.46747574807691267,0.9083695147895696,-0.03984436713746753,-0.039844367137467085,12
none,true,True,0.2613905210742706,0.4057944865756497,0.9641090076679681,0.023988813442041845,0.964109007667969,12
none,true,True,0.2490582896733107,0.36243214383639777,0.9484603268008325,0.031425822340402476,0.02419896568913371,19
none,true,True,0.4558194384559274,0.47038839773964464,0.9891897470398856,0.04097586511284845,0.9891897470398865,16
none,honest_fp,False,-1.0,0.0,-1.0,-1.0,-1.0,14
none,true,False,0.20979861489433665,3.3444173253566896,3.007938903068286,-3.7875446539255915,3.007938903068286,17
none,true,False,-0.006189179102738888,0.010079365890165544,-0.013633284156020054,0.007458346828274287,-0.01363328415601961,17
none,true,True,0.1815303268161311,0.3793509077051183,0.9077234888641978,-0.02413313836191122,-0.024133138361910778,14
none,true,True,0.2656814350825339,0.41319833100321135,0.8848865880387553,-0.015858695166764747,-0.015858695166764747,13
none,true,False,-1.707799139430924,1.8896231451232968,-0.09632310670121136,-3.923578684434279,-0.09632310670121047,19
none,true,False,-0.03708145035641384,0.016937825927050815,-0.02176061034794685,-0.05580692147787403,-0.021760610347946407,20
none,true,False,3.315247406281353,7.300048299977713e-08,3.315247406281353,3.3152474062813546,3.315247406281353,17
none,honest_fp,False,0.0,0.0,0.0,0.0,0.0,16
none,honest_fp,False,-1.779910323958607,0.0,-1.7799103239586067,-1.7799103239586067,-1.7799103239586076,22
none,true,False,0.7372747959751056,0.6267098319012732,1.2978211104945903,0.036591902825748424,1.2978211104945903,18
none,true,True,3.292260707656969,0.9028341604580835,1.938009466969846,3.8941501479623573,1.938009466969846,13
none,true,True,0.1445942907960165,0.6731035202765081,0.9408804711767402,-0.10237920287023083,-0.10237920287023061,19
none,true,True,0.2236897242573364,0.3792771572916243,0.9580567491667598,0.027426279731879166,0.9580567491667599,19
none,true,False,-0.011859280023330254,0.008291122125407219,-0.005089607155881026,-0.022013789324504263,-0.022013789324504096,15
none,honest_fp,False,-2.6056650213007377,5.960464477539063e-08,-2.605665021300739,-2.605665021300738,-2.605665021300738,20
none,honest_fp,False,0.0,0.0,0.0,0.0,0.0,16
none,true,True,0.7416182974282296,0.4142527326888863,0.9807802604727947,0.03307347678517791,0.9807802604727951,12
none,true,True,0.24270315352052502,0.39482159850252047,0.9260111955808652,-0.004619273854015393,0.006082699987665474,16
none,true,True,0.9842904637840202,0.0,0.9842904637840197,0.9842904637840202,0.9842904637840202,16
none,honest_fp,False,0.0,0.0,0.0,0.0,0.0,21
none,true,False,0.019206548391076057,3.2927225399135965e-10,0.01920654839107616,0.019206548391075717,0.01920654839107616,21
none,true,False,0.7351166000328341,0.6207176837375086,1.2544462737788278,-0.0067829338900144975,-0.0067829338900143865,17
none,true,True,-0.6457487593128766,0.9028341604580822,-2.0000000000000018,-0.043859319007488295,-0.043859319007488184,13
none,true,True,0.11983159784388835,0.32800589583017625,0.9479444154059067,-0.04807740078599654,0.023361912995709944,15
none,true,False,-0.08042867243835929,0.0,-0.0804286724383596,-0.0804286724383596,-0.08042867243835938,14
none,true,False,0.08999936598257573,0.008321046355126841,0.10000001908221634,0.08307583691359355,0.10000001908221656,22
none,true,False,-0.07019532186077762,0.0,-0.07019532186077804,-0.07019532186077759,-0.0701953218607777,21
none,true,False,1.2918613234005945,2.5809568279517847e-08,1.291861323400596,1.2918613234005933,1.2918613234005942,15
none,true,True,0.4086608834444796,0.7660237121951332,1.940708307834747,0.025649027346912767,1.940708307834747,20
none,true,True,0.9333182514638572,0.7862596815108742,0.992859963730762,0.03497023221882589,0.9928599637307611,19
none,true,True,0.08848987304645042,0.20994536889256854,0.9776086619346653,0.02591303834097758,0.9776086619346653,19
none,true,False,-0.0024089319104304008,0.001872903994353303,-0.004281835904782483,-0.0005360279160777637,-0.004281835904783371,16
none,honest_fp,False,-1.4435135742718275,0.0,-1.4435135742718277,-1.4435135742718277,-1.4435135742718277,11
none,true,True,0.9063084012580185,0.7862458482294672,0.9623828089797222,0.009683521668875095,-0.009481266880137618,19
none,true,True,0.11194761541854961,0.2663509029378418,0.9520267453073057,0.01790134321681247,0.010852369110127214,11
none,true,True,0.9644189004926778,0.0,0.964418900492678,0.9644189004926771,0.964418900492678,18
none,true,True,0.6178729285033878,0.9027676024047846,1.8945791154952776,-0.02048016499255656,-0.02048016499255656,12
none,true,True,-0.43307727991610084,0.46292318081954825,-1.0,-0.04252971730030897,-0.06169450584932079,15
none,true,True,0.03454904678337927,0.21145936551460143,0.8799370967259819,-0.02419938127813115,-0.02419938127813026,17
none,true,False,-0.0046482469886796225,0.0,-0.00464824698867794,-0.004648246988679716,-0.004648246988678828,19
none,true,False,-0.07365638803863415,0.0,-0.07365638803863384,-0.07365638803863472,-0.07365638803863384,14
none,true,False,-0.0032692195396827844,0.0018687373507173459,-0.005017263267744099,-0.0012714552790393796,-0.005017263267744987,15
none,honest_fp,False,0.0,0.0,0.0,0.0,0.0,11
none,true,False,0.03097081319351329,3.2927225399135965e-10,0.030970813193513358,0.030970813193513358,0.030970813193513358,13
none,true,True,0.9541053250062556,0.0,0.9541053250062559,0.9541053250062559,0.9541053250062559,16
none,true,False,0.04687507333211484,0.0056412250054234895,0.05348999599965243,0.04206422048299707,0.05348999599965154,19
none,true,False,0.03855772347272357,4.656612873077393e-10,0.03855772347272346,0.03855772347272346,0.03855772347272346,16
none,honest_fp,False,-0.9999999999999999,0.0,-1.0,-1.0,-0.9999999999999996,15
none,true,True,0.9866490224310598,1.0536712127723509e-08,0.9866490224310605,0.9866490224310596,0.9866490224310605,14
none,true,True,0.9717332482898622,1.4901161193847656e-08,0.9717332482898628,0.971733248289862,0.971733248289862,18
none,true,False,-0.0034964696928599633,0.005088603623888861,-0.00038034909740858325,-0.01180612461406394,-0.011806124614063496,11
none,honest_fp,False,-1.0,0.0,-1.0,-1.0,-0.9999999999999996,17
none,true,False,-0.007477840523279037,0.0,-0.007477840523278267,-0.007477840523279156,-0.0074778405232787115,15
none,true,False,-0.04915069131198216,0.0,-0.04915069131198191,-0.04915069131198191,-0.04915069131198235,18
none,true,False,0.01650522357593537,0.0,0.01650522357593598,0.01650522357593509,0.016505223575935535,19
none,honest_fp,False,-1.0,0.0,-1.0,-1.0,-0.9999999999999996,14
none,true,False,0.02327124137996054,0.0,0.023271241379960728,0.023271241379960284,0.023271241379960284,19
none,true,True,-0.5869554359261655,0.48433768321032766,-1.0,-0.019019160324643902,-0.019019160324643458,19
none,true,True,1.0607008511817957,0.0,1.060700851181796,1.060700851181795,1.060700851181796,16
none,honest_fp,False,0.0,0.0,0.0,0.0,0.0,12
none,true,True,0.9826868041435388,1.0536712127723509e-08,0.9826868041435368,0.9826868041435386,0.982686804143539,16
none,true,True,0.9945881232226719,0.0,0.9945881232226697,0.9945881232226719,0.9945881232226714,15
none,true,True,1.360029301540769,0.478226218492515,0.9785367527781297,1.9595175924534862,0.9785367527781306,18
none,true,True,1.9665209114581845,0.0,1.9665209114581836,1.9665209114581845,1.9665209114581836,19
none,true,False,0.9716285873787716,0.0,0.9716285873787704,0.9716285873787713,0.9716285873787716,13
none,honest_fp,False,-1.0,0.0,-1.0,-1.0,-1.0,15
none,true,False,0.035634624521109375,0.0,0.03563462452110855,0.03563462452110944,0.03563462452110944,14
none,true,False,-0.038843603549487904,0.0,-0.03884360354948768,-0.038843603549488126,-0.03884360354948768,20
none,true,False,0.03919925692658417,0.0,0.03919925692658488,0.03919925692658399,0.039199256926584214,15
none,true,False,1.253971133477973,0.0,1.2539711334779717,1.2539711334779726,1.2539711334779726,16
none,honest_fp,False,0.0,0.0,0.0,0.0,0.0,13
none,honest_fp,False,0.0,0.0,0.0,0.0,0.0,15
none,true,False,0.03253478596239412,0.033541493086107245,0.034349977458676406,0.006454444749609323,-0.03834847879980163,16
none,true,True,0.8911457884529997,2.1073424255447017e-08,0.8911457884529987,0.8911457884530005,0.8911457884530005,21
none,true,False,-0.0032206654265396315,0.00033762739374094264,-0.0034875833177121507,-0.0027935968006644885,-0.0027935968006644885,13
none,true,True,1.024537236519627,1.4901161193847656e-08,1.0245372365196275,1.0245372365196275,1.0245372365196284,17
none,honest_fp,False,-1.0211199201980987,0.0,-1.0211199201980978,-1.0211199201980978,-1.0211199201980987,12
none,true,False,0.02032342328425596,0.018099611094748495,0.008452016097100667,0.03210562256452221,-0.01269730098488786,18
none,true,True,0.9959783461835009,1.0536712127723509e-08,0.9959783461835006,0.9959783461835023,0.9959783461835015,17
none,true,True,0.9717817036235319,1.0536712127723509e-08,0.971781703623531,0.9717817036235328,0.971781703623531,16
none,true,True,1.964220231613344,2.1073424255447017e-08,1.9642202316133428,1.9642202316133446,1.9642202316133428,12
none,true,False,0.0025684946242194306,0.0003469932585234442,0.0022215013656943228,0.0029154878827437614,0.002221501365696099,16
none,honest_fp,False,-1.218104176531853,0.0,-1.2181041765318525,-1.2181041765318525,-1.2181041765318525,16
none,honest_fp,False,-1.1562911592819773,0.0,-1.1562911592819773,-1.1562911592819756,-1.1562911592819773,15
none,true,False,0.04127651265209514,0.03422134910717744,0.07532713940018887,-0.008146693189782894,0.07532713940018887,19
none,true,False,0.02786136518996868,4.656612873077393e-10,0.027861365189968623,0.027861365189968623,0.027861365189967735,16
none,true,False,-0.04692129535133853,6.585445079827193e-10,-0.046921295351339154,-0.04692129535133738,-0.046921295351338266,20
none,true,False,-0.06884375872149112,0.0,-0.06884375872149207,-0.06884375872149029,-0.06884375872149118,17
none,honest_fp,False,-1.4162301371189854,0.0,-1.4162301371189834,-1.4162301371189834,-1.4162301371189852,18
none,honest_fp,False,-1.6635665098535433,2.1073424255447017e-08,-1.663566509853542,-1.663566509853542,-1.6635665098535437,11
none,true,False,-0.042506397661171924,0.01239853668199861,-0.05504833319998603,-0.039621458231700935,-0.05504833319998648,14
none,true,False,-0.01508919036463365,0.01398849222454193,0.0016302557435903253,-0.02679280264039008,-0.026792802640390523,17
none,true,True,0.9825791765137598,0.0,0.9825791765137613,0.9825791765137604,0.9825791765137599,10
none,honest_fp,False,-3.3831574644566715,0.0,-3.383157464456671,-3.383157464456671,-3.3831574644566706,12
none,honest_fp,False,-1.0000000000000004,0.0,-1.0,-1.0,-1.0,10
none,true,False,0.006717492055857033,0.015802100928839827,-0.01838030989789985,0.022206934163628844,-0.01838030989789985,18
none,true,True,0.9709434980685977,2.1073424255447017e-08,0.970943498068598,0.9709434980685989,0.970943498068598,17
none,true,True,1.971011108459379,2.9802322387695312e-08,1.971011108459379,1.9710111084593782,1.9710111084593782,17
none,true,False,0.06319335427629309,0.014179912847617262,0.07835231874775062,0.04992926036376932,0.07835231874774973,15
none,true,False,-0.01396453064033465,0.010343273403167161,-0.02462431665450815,-0.009996457320993635,-0.024624316654508593,20
none,true,False,3.582218349209459,5.960464477539063e-08,3.5822183492094606,3.5822183492094597,3.5822183492094606,16
none,true,False,-0.025585712681644484,3.2927225399135965e-10,-0.02558571268164478,-0.02558571268164389,-0.025585712681644335,18
none,honest_fp,False,0.0,0.0,0.0,0.0,0.0,21
none,honest_fp,False,-1.0000000000000002,0.0,-1.0,-1.0,-1.0,14
none,honest_fp,False,0.0,0.0,0.0,0.0,0.0,21
none,true,True,0.16078617215265995,0.3432648318733206,0.977149440272413,0.017328822461026905,0.0024457088418571304,20
none,true,True,0.7797695805476419,0.586169618388836,1.2583750698058362,0.06186134666034976,1.2583750698058362,15
none,true,False,-0.035663135756661656,4.656612873077393e-10,-0.03566313575666147,-0.03566313575666169,-0.035663135756661635,10
none,true,False,0.5088320805510136,0.4738276277909479,0.9555610521836999,0.006261987464241503,0.9555610521836997,17
none,true,True,0.38135365664529397,0.46266704271942827,0.978247786835321,0.010004653244446049,0.978247786835321,8
none,true,True,1.2842869744328596,0.0,1.2842869744328596,1.2842869744328593,1.2842869744328596,13
none,true,True,0.5325267188527705,0.5952580614277136,1.190609266582788,-0.005904456562698668,-0.005904456562698612,20
none,true,False,0.6630024392171853,0.438138029870519,0.9550944591308648,0.005795394411406363,0.005795394411406418,13
none,true,True,0.14696712546824886,0.35981595908387404,0.8958737062987905,-0.01799440261615448,-0.017994402616154426,16
none,true,True,0.19602738756380178,0.34707790940127187,0.9166132233640729,0.000600902722133867,0.0006009027221343111,16
none,true,True,0.007504713538098665,0.010366960033901957,0.0,0.010715343801185995,0.00016389656938731179,15
none,true,True,0.6530376619985863,0.5857133102271068,1.152535651276327,-0.03377207325830689,-0.03377207325830689,19
none,true,False,-0.07365376460400921,9.313225746154785e-10,-0.07365376460400963,-0.07365376460400963,-0.07365376460400919,15
none,true,True,0.32280455754106685,0.40884931875909364,0.9009930872754923,0.03376267163793134,0.03046989022114177,9
none,true,True,0.4570465623718243,0.4786252093082144,0.8964136236172378,-0.03955602544045966,-0.03955602544045944,21
none,true,True,-1.3287080388129513,0.0,-1.3287080388129517,-1.3287080388129509,-1.328708038812951,15
none,honest_fp,False,0.0,0.0,0.0,0.0,0.0,17
none,true,False,-0.0162748558319987,0.0,-0.01627485583199917,-0.01627485583199917,-0.016274855831998503,18
none,true,True,0.7767751615510708,0.5783226686266438,1.238117054425651,0.051809329891017164,1.238117054425651,18
none,true,True,0.18354918647157625,0.3430679230736091,0.9227507057707669,-0.0028256853370765,0.9227507057707667,17
none,true,True,0.6836656594498395,0.4417269191437653,0.9813592621835929,0.019018446754955676,0.981359262183592,16
none,true,False,0.09015131092655199,0.0,0.09015131092655171,0.09015131092655171,0.09015131092655215,13
none,honest_fp,False,0.0,0.0,0.0,0.0,0.0,12
none,honest_fp,False,-2.8202789684701917,4.2146848510894035e-08,-2.820278968470192,-2.820278968470192,-2.820278968470192,14
none,honest_fp,False,-1.0,0.0,-1.0,-1.0,-1.0000000000000002,13
none,true,True,0.23999883850331308,0.3861458978177115,0.9792079953990296,0.016841330877536365,0.9792079953990314,14
none,true,True,0.19801028717088442,0.37368780130557777,0.9450969862769867,0.005928260174181688,-0.0024039842301313286,20
none,honest_fp,False,0.0,0.0,0.0,0.0,0.0,9
none,true,True,0.9472222593801944,0.452503494996613,1.1835345025425053,0.08074403445171008,1.1835345025425088,14
none,true,True,-1.7467531418871909,2.1073424255447017e-08,-1.7467531418871936,-1.7467531418871918,-1.7467531418871918,12
none,true,True,0.14746253635397435,0.33551474146051696,0.8950799108799004,0.004354427792010895,-0.04241645481828904,18
none,true,True,0.22772317871994727,0.4141263026098606,0.8824927963548479,-0.029324672992540712,-0.03765691739685373,14
none,true,True,-1.015566833365002,0.6050745703640389,-1.4116811219058754,-0.09130016010297126,-0.09130016010297126,10
none,true,True,0.5832649236533232,0.5507697145768247,1.1084032417917964,0.0056127737009994405,0.005612773701001217,21
none,true,True,0.16811574092332926,0.3353158943444804,0.9156400849631439,0.027569086632585282,-0.01920179597771643,18
none,true,True,0.2502099469764521,0.39543432635127995,0.9628703961862364,0.02300491357785539,0.9628703961862382,17
none,true,False,0.042254799080374876,0.0,0.04225479908037322,0.042254799080374994,0.042254799080374994,15
none,true,True,2.2388797732046384,0.6369206003831974,1.4049549552238556,2.725335917026758,1.4049549552238556,19
none,true,True,0.7816159532557088,0.8144589945802666,0.9710108479828055,0.035549575980628134,0.9710108479828037,20
none,honest_fp,False,0.0,0.0,0.0,0.0,0.0,15
none,true,False,-3.386886243034731,9.424321830774485e-08,-3.3868862430347324,-3.3868862430347324,-3.3868862430347324,16
none,true,True,0.3688236975774823,0.5040774340343035,1.0816968412750239,0.012387125728713144,0.012387125728713144,18
none,true,True,0.5053075199051371,0.45110597691277965,0.8959767557106009,-0.015584794502148114,-0.015584794502148114,14
none,true,True,-0.3453247747890179,0.43650291425459536,-1.0,-0.0475045683727604,-0.06914877021806198,13
none,true,True,-1.4786872653719496,0.0,-1.4786872653719492,-1.4786872653719492,-1.4786872653719492,19
none,true,True,0.48025193469205096,0.5238526360178173,1.1218377640198387,0.05252804847352621,1.1218377640198387,15
none,true,True,0.3820660839739995,0.4426733459405422,0.9463660912485583,0.03480454103580932,0.9463660912485583,21
none,true,True,0.9319552541968013,0.8112994751444249,0.9236049976032881,0.005189789143464907,-0.016454412701836674,16
none,honest_fp,False,-2.0,0.0,-2.0,-2.0,-2.0,15
none,true,True,0.6142617867125475,0.4662184047294894,0.9753930101550861,0.012376414308313599,0.9753930101550878,16
none,true,True,1.9515267113671497,0.0,1.9515267113671477,1.9515267113671477,1.9515267113671495,18
none,true,True,1.9891931934061324,0.0,1.9891931934061322,1.9891931934061322,1.9891931934061322,18
none,true,True,0.42956635246359465,0.47556806905710103,0.9787050578398091,0.017712323431432253,0.97870505783981,14
none,honest_fp,False,0.0,0.0,0.0,0.0,0.0,15
none,honest_fp,False,-2.0,0.0,-2.0,-2.0,-2.0,18
none,honest_fp,False,-1.0551471199285842,1.4901161193847656e-08,-1.0551471199285842,-1.0551471199285842,-1.0551471199285851,14
none,honest_fp,False,-1.416560187285094,2.9802322387695312e-08,-1.4165601872850964,-1.4165601872850928,-1.4165601872850946,15
none,true,True,0.4745769737547965,0.4815082979233869,0.956085271678182,-0.006931324168592212,-0.006931324168590436,20
none,true,True,-2.0,0.0,-2.0,-2.0,-2.0,14
none,true,True,0.9444013722890229,1.1131818869882726,2.274908211010249,0.013046585184161685,0.013046585184162574,17
none,true,True,1.8954872266947458,0.0,1.895487226694744,1.895487226694744,1.8954872266947458,10
none,true,True,0.31287381676112846,0.45301631944744425,0.9535356397000445,-0.007457094708332335,-0.007457094708330558,18
none,honest_fp,False,0.0,0.0,0.0,0.0,0.0,21
none,honest_fp,False,0.0,0.0,0.0,0.0,0.0,22
none,true,False,0.018804261623112616,0.0,0.018804261623111884,0.018804261623111884,0.018804261623111884,17
none,true,True,1.0166150273314734,1.1220606303705112,2.288912191858646,0.02705056603255862,2.288912191858646,16
none,true,True,0.4673781964103987,0.44339388880751784,0.8880185731797585,0.0,0.8880185731797576,19
none,honest_fp,False,0.0,0.0,0.0,0.0,0.0,17
none,honest_fp,False,-1.0,0.0,-1.0,-1.0,-0.9999999999999996,16
none,true,True,-1.4440092865898784,0.444009286589879,-1.0,-1.8880185731797567,-1.8880185731797572,20
none,true,True,1.970780856922488,0.0,1.970780856922488,1.9707808569224872,1.970780856922488,19
none,true,True,1.3398665096298699,1.0531969675665003,2.1177040198259043,-0.08616892572952661,-0.08616892572952661,17
none,true,True,1.952136954027765,4.712160915387242e-08,1.9521369540277664,1.9521369540277655,1.9521369540277655,17
none,true,True,-0.9999999999999998,0.0,-1.0,-1.0,-0.9999999999999996,17
none,true,True,5.134936038354421,0.0,5.13493603835442,5.134936038354419,5.13493603835442,20
none,true,False,0.04121982697912762,0.0,0.041219826979128626,0.04121982697912774,0.041219826979127294,15
none,true,True,1.4352933821729743,1.0881137259454392,2.3632398855647345,0.15936694000930363,2.3632398855647327,19
none,true,True,0.44789152502738666,0.44789152502738666,0.8957830500547743,0.0,0.8957830500547732,18
none,true,False,1.7165370779587037,1.596949274860541,3.313486352819245,0.1195878030981623,3.313486352819245,16
none,true,True,1.1464314530923718,0.955303047408307,1.973748160460655,0.04334250993466027,1.973748160460656,14
none,true,True,0.8898914357809533,1.1354698002141967,2.436020968528549,0.03534207717377846,2.436020968528549,20
none,true,True,0.9137857001080634,1.0536712127723509e-08,0.9137857001080647,0.9137857001080634,0.9137857001080634,11
none,true,True,-1.2756255538630072,0.41343833079451014,-1.0,-1.895783050054773,-1.895783050054773,13
none,true,True,1.9386445140343993,0.0,1.9386445140344009,1.938644514034399,1.9386445140343986,18
none,true,True,0.8006718373943063,0.9592262797168509,1.8731194210198616,-0.057286229506136266,-0.057286229506136044,18
none,true,True,0.8908888254011299,1.1310741597507723,2.2427608278080235,-0.019358971719054097,-0.06529345255100738,17
none,true,True,1.939512571224075,2.9802322387695312e-08,1.9395125712240748,1.9395125712240757,1.9395125712240757,15
none,true,True,4.892336069695369,1.0323827311807139e-07,4.89233606969537,4.892336069695369,4.89233606969537,14
none,true,False,0.0011898510426338392,0.0,0.0011898510426355813,0.001189851042633805,0.001189851042633916,13
none,true,False,1.904424758015865,1.5805698749535628,3.273238422182043,0.07933987246096041,0.07933987246096041,14
none,true,True,0.9858066618569996,1.1509917380029375,2.4273121215801936,0.04308635733761257,-0.002848123494340604,18
none,true,False,-3.3525463132663873,5.960464477539063e-08,-3.3525463132663873,-3.3525463132663873,-3.3525463132663873,16
none,true,True,1.9465780314216339,0.0,1.9465780314216339,1.9465780314216339,1.9465780314216348,20
none,true,True,0.5295743860992064,1.023520363720673,2.3973857406963663,-0.026368717192575275,-0.05484340043136404,13
none,true,True,1.4643712331770242,0.4798024233564397,0.9586150716187838,1.9195517785794394,0.9586150716187842,19
none,honest_fp,False,-1.9999999999999996,2.1073424255447017e-08,-2.0000000000000036,-2.0,-2.0,10
none,true,True,-1.0,1.4901161193847656e-08,-1.0000000000000036,-1.0,-1.0,15
none,true,True,1.89336630268719,0.0,1.8933663026871912,1.8933663026871894,1.8933663026871903,16
none,true,True,0.3119654932582123,0.8345100429993301,2.3555610560304547,-0.026327875396871647,-0.054802558635660414,21
none,true,True,1.896697940337924,0.0,1.8966979403379227,1.8966979403379227,1.8966979403379236,20
none,true,True,-0.519531646519672,0.4804683534803278,-1.0000000000000036,-0.039063293039344416,-0.039063293039344416,18
none,honest_fp,False,0.0,0.0,0.0,0.0,0.0,10
none,honest_fp,False,0.0,0.0,0.0,0.0,0.0,23
none,true,True,5.108144253578874,1.5769906706002895e-07,5.108144253578875,5.108144253578876,5.108144253578875,20
none,true,False,-0.0036703814055785763,0.0,-0.0036703814055787376,-0.0036703814055787376,-0.0036703814055787376,11
none,true,False,0.017844428508101973,0.0,0.017844428508102084,0.017844428508102084,0.01784442850810164,16
none,true,True,0.5269579809155828,0.9362739404454873,2.549123802666907,0.07533765372125778,2.549123802666907,17
none,honest_fp,False,-2.749719722437902,0.0,-2.7497197224379057,-2.749719722437902,-2.749719722437902,15
none,true,True,0.11488689342327174,0.3129742264328498,0.9425783612847631,-0.014251868740185358,-0.014251868740185358,16
none,true,True,0.7186548249696517,0.9862472288656094,2.0418424781768785,-0.020666473930210927,-0.020666473930212703,14
none,honest_fp,False,0.0,0.0,0.0,0.0,0.0,12
none,true,True,0.17706375312886416,0.335463439893709,0.9636531289353165,0.025186762688511166,0.9636531289353147,13
none,true,True,0.9596516073942986,0.0,0.9596516073942993,0.9596516073942993,0.9596516073942993,18
none,true,True,0.6114813955932612,0.9425978361018726,2.071732860627824,-0.0013407341032731779,0.004910382849855566,17
none,true,False,-0.014586430312141333,0.004354238850419184,-0.011370611799071284,-0.0204820975861022,-0.0204820975861022,17
none,true,True,0.0,0.0,0.0,0.0,0.0,11
none,true,True,1.4050968100089976,0.8962009408108309,1.9835920297782934,0.016708282562692744,0.016708282562692744,17
none,true,True,0.17936502586141484,0.36131895368307065,0.9455857671850225,-0.0007966120004621047,0.02322086290688752,11
none,true,True,0.6715918689888267,0.9577984891482104,2.0922233793402203,0.022163662499719905,2.0922233793402203,16
none,true,False,0.027195977289021542,0.004498595424304377,0.031032392357245087,0.02192090657021417,0.031032392357245087,19
none,true,True,1.1843561763442256,0.9733550236453943,2.0273063537223415,0.060422606506740806,2.0273063537223415,21
none,true,True,0.26319863758691947,0.4211205684145171,0.972012942854386,0.009565275941367801,0.010247480826014232,23
none,true,True,0.38703873050693943,0.466793272279042,0.9393559787103314,-0.0074735896383391065,-0.007473589638339995,12
none,honest_fp,False,-0.9999999999999997,1.4901161193847656e-08,-1.0,-1.0,-1.0,12
none,honest_fp,False,-2.0,0.0,-2.0,-2.0,-2.0,17
none,honest_fp,False,0.0,0.0,0.0,0.0,0.0,19
none,true,True,0.33534050201358023,0.46084049686955814,0.930282839367214,-0.02213864589567116,-0.02213864589567116,16
none,true,True,0.3087482567464629,0.438867250770303,0.9596935849861747,0.01286401663750425,0.9596935849861739,16
none,true,True,1.263262043069705,1.0142412239560705,2.091386534665789,0.02107530567558058,2.091386534665789,15
none,true,False,-0.03272118587717894,0.016881116332725158,-0.04881669876513506,-0.015016121700426766,-0.015016121700427654,21
none,true,True,0.9584200497832528,0.9997118819086794,2.0122089000381553,0.010010084553842447,0.010010084553842447,19
none,true,True,0.3751615055532043,0.46338025830610574,0.9733575471270335,0.010387767382594504,0.9733575471270317,16
none,true,True,0.790171412686974,1.0022851139181614,2.084115930805856,0.01380470181564597,0.01380470181564597,24
none,true,False,0.03265689524951058,0.013869252316953544,0.02541391444993124,0.05921449151463776,0.025413914449929464,14
none,true,True,0.9157267927773804,2.1073424255447017e-08,0.9157267927773809,0.9157267927773809,0.9157267927773818,18
none,true,True,1.231208181219149,0.9808730923082907,2.0320877074128756,0.0298888919285627,2.032087707412874,15
none,true,True,1.2940320147555435,0.0,1.294032014755544,1.2940320147555422,1.294032014755544,15
none,true,True,-1.0,0.0,-1.0,-1.0,-1.0,19
none,true,True,0.0,0.0,0.0,0.0,0.0,11
none,true,True,0.9614056982440454,0.0,0.9614056982440466,0.9614056982440449,0.9614056982440449,18
none,true,False,-0.0362270002309113,0.011700079895988522,-0.0479270801268985,-0.024526920334922764,-0.024526920334922764,16
none,true,True,0.4656244163321488,0.44047358070114045,0.9328172001030932,0.05034194186908714,0.9328172001030932,17
none,true,True,0.7230870723281081,0.950912019900729,2.0106280338453555,0.020792002409610433,0.020792002409610433,17
none,true,True,0.5968186655968739,0.6016311913544173,1.1984498569512922,-0.00481252575754354,-0.00481252575754354,16
none,honest_fp,False,-2.629494939430309,0.0,-2.629494939430309,-2.629494939430309,-2.629494939430309,16
none,true,False,0.09763674531742446,0.0,0.09763674531742517,0.09763674531742517,0.09763674531742428,19
none,true,True,2.0695278063555382,0.0,2.0695278063555413,2.069527806355538,2.0695278063555413,20
none,true,False,0.04896881617498605,0.01170007989598841,0.03726873627899785,0.06066889607097359,0.03726873627899785,16
none,true,True,0.5164141893275969,0.4402560091488681,0.9282359765034673,0.045760718269461265,0.045760718269460376,15
none,true,True,1.3601477746410096,0.9380177008516961,2.023426451786259,0.03359042035051374,2.023426451786257,9
none,true,True,0.6133631944917413,0.6016311913544172,1.2149943858461594,0.011732003137323588,1.2149943858461594,16
none,true,True,0.5749973815777227,0.46501105285409544,0.9777087663899167,0.03804886849479683,0.9777087663899178,14
none,honest_fp,False,0.0,0.0,0.0,0.0,0.0,13
none,honest_fp,False,-2.0,0.0,-2.0,-2.0,-2.0,16
none,true,False,0.6768390107774115,0.6335253577496067,1.2778539365659398,0.009044648790157872,1.2778539365659398,19
none,true,True,0.9976845449481857,0.0,0.9976845449481857,0.9976845449481857,0.9976845449481857,14
none,true,True,1.0591226066428179,1.0249138183186097,2.0840364249614263,0.03420878832420815,2.0840364249614263,22
none,true,True,1.2500322182492718,0.9916747544140807,2.0597312646207095,0.03548364869211351,2.0597312646207113,15
none,true,True,0.6046556872843469,0.5551817160727774,1.0738698767707326,-0.05224417799659431,-0.052244177996594754,12
none,honest_fp,False,0.0,0.0,0.0,0.0,0.0,11
none,honest_fp,False,0.0,0.0,0.0,0.0,0.0,21
none,true,False,0.6834727569621192,0.6304764039888319,1.2473879959735772,-0.021421291802203868,-0.021421291802204312,18
none,true,False,0.020469489100706895,0.0,0.020469489100706895,0.020469489100706895,0.020469489100706895,16
none,true,True,1.259814625507611,0.9992869173213199,2.0569698175331945,0.007142180895976402,0.00714218089597618,18
none,true,False,-0.04716033674311698,0.0,-0.047160336743116815,-0.047160336743116815,-0.047160336743116815,16
none,true,False,-0.0735043395468662,9.313225746154785e-10,-0.07350433954686686,-0.07350433954686597,-0.0735043395468662,20
none,true,True,0.3236496291122684,0.45631849100074556,0.9053438516187722,-0.034316046276348544,-0.03431604627634943,21
none,true,True,0.9897759980449917,1.0121238079642985,2.0018998060092894,-0.022347809919306627,-0.02234780991930707,18
none,true,True,0.4576457770553372,0.5432108312763085,1.168875706382071,0.0427616516147431,1.1688757063820714,19
none,honest_fp,False,-3.8389379399067693,0.0,-3.838937939906769,-3.8389379399067685,-3.8389379399067685,20
none,true,False,1.215070724318619,1.3232187990187279,2.6098658068692036,-0.040244849976907915,-0.04024484997690703,19
none,honest_fp,False,0.0,0.0,0.0,0.0,0.0,21
none,honest_fp,False,-2.0,0.0,-2.0,-2.0,-2.0,16
none,honest_fp,False,0.0,0.0,0.0,0.0,0.0,14
none,true,True,-2.0,0.0,-2.0,-2.0,-2.0,18
none,true,True,0.9373390817423994,0.0,0.9373390817423992,0.9373390817423992,0.9373390817423992,14
none,true,True,1.961803998809465,4.2146848510894035e-08,1.961803998809465,1.961803998809465,1.961803998809465,17
none,true,False,1.6401437958670713,1.298283774236988,2.700188058605516,0.05007740175940434,2.700188058605516,15
none,true,False,1.5099023075538718,0.0,1.5099023075538724,1.5099023075538707,1.5099023075538724,11
none,honest_fp,False,0.0,0.0,0.0,0.0,0.0,18
none,honest_fp,False,0.0,0.0,0.0,0.0,0.0,13
none,true,True,1.8825419453857455,0.0,1.8825419453857464,1.8825419453857446,1.8825419453857464,15
none,honest_fp,False,-3.2208053251064186,0.0,-3.2208053251064186,-3.2208053251064186,-3.2208053251064186,19
none,true,True,-1.0,0.0,-1.0,-1.0,-1.0,15
none,true,True,1.972717939224209,2.1073424255447017e-08,1.972717939224209,1.972717939224209,1.972717939224209,12
none,true,False,-0.004051189759017449,0.0,-0.004051189759016083,-0.004051189759017859,-0.004051189759017859,13
none,true,True,1.8701446152453127,0.0,1.8701446152453123,1.8701446152453123,1.8701446152453123,14
none,true,True,0.8916681984911403,0.009904985982147356,0.8997555856797135,0.8795371177082796,0.8997555856797135,15
none,honest_fp,False,0.0,0.0,0.0,0.0,0.0,14
none,true,True,-1.0,1.4901161193847656e-08,-1.0,-1.0,-1.0,14
none,true,True,-0.009514573163027193,0.0100917288055081,0.0,-0.020218467971433896,-0.02021846797143212,17
none,true,False,-0.031562695918512705,0.0,-0.03156269591851313,-0.03156269591851313,-0.03156269591851313,19
none,true,False,0.004121789480706672,5.820766091346741e-11,0.004121789480706184,0.004121789480706184,0.004121789480707072,20
none,honest_fp,False,-1.623268798384607,0.0,-1.623268798384606,-1.6232687983846068,-1.623268798384606,20
none,true,True,-2.0000000000000004,0.0,-1.9999999999999982,-2.0,-2.0,18
none,true,True,-0.5833333333333334,0.4930066485916346,-1.0,0.0,-1.0,12
none,true,True,1.9474177560078199,3.650024149988857e-08,1.9474177560078196,1.9474177560078196,1.9474177560078196,16
none,honest_fp,False,-1.553914151854436,0.0,-1.5539141518544373,-1.5539141518544355,-1.5539141518544373,17
none,true,True,1.9015091508885353,2.1073424255447017e-08,1.9015091508885362,1.9015091508885362,1.9015091508885362,13
none,true,True,-0.3888888888888889,0.48749802152178456,-1.0,0.0,-1.0,18
none,true,True,0.0,0.0,0.0,0.0,0.0,20
none,honest_fp,False,-2.0000000000000004,0.0,-1.9999999999999982,-2.0,-2.0,18
none,honest_fp,False,-1.0000000000000004,0.0,-1.0,-1.0,-1.0,19
none,honest_fp,False,-2.0000000000000004,0.0,-1.9999999999999982,-2.0,-2.0,20
none,honest_fp,False,0.0,0.0,0.0,0.0,0.0,12
none,true,False,-2.3685676902857224,2.9802322387695312e-08,-2.3685676902857207,-2.3685676902857224,-2.3685676902857207,17
none,true,False,0.013078068374771412,0.0,0.013078068374774432,0.01307806837477088,0.013078068374774432,20
none,honest_fp,False,0.0,0.0,0.0,0.0,0.0,17
none,true,False,0.48454699029957377,0.4675514284564741,0.9520984187560462,0.016995561843099694,0.016995561843098805,14
none,true,False,0.016677345015706786,0.005238226523897843,0.02191557153960133,0.011439118491809452,0.021915571539604883,14
none,true,False,1.427854036931197,0.8171300568316375,1.899624295205875,0.01254326210715817,0.012543262107157283,12
none,true,True,0.487710523493678,0.6097345812136896,1.2520532714810422,0.0013105929562620133,0.0013105929562620133,18
none,true,True,0.2955723091367429,0.43911834623050194,0.9468900721308611,-0.00048121949694746036,-0.00048121949694834854,16
none,true,True,0.4125878648201604,2.661499698932237,2.424492527062437,-3.1082452941038294,-3.1082452941038285,11
none,true,False,-3.2146761317269195,9.424321830774485e-08,-3.2146761317269217,-3.2146761317269217,-3.214676131726921,19
none,true,True,1.9500017204600204,0.0,1.950001720460019,1.9500017204600208,1.9500017204600208,13
none,true,True,0.9801144986246657,0.0,0.9801144986246637,0.9801144986246655,0.9801144986246646,15
none,true,True,0.32917719658894634,0.4465951097409884,0.9607580576741519,0.013386766046343368,0.9607580576741528,15
none,true,False,0.46573530770113186,0.4665112682615664,0.964456831388036,0.029353974475089473,0.9644568313880377,15
none,true,False,0.012192893969701357,0.00519714175997115,0.01808589880908329,0.007609445761291411,0.007609445761290523,16
none,true,False,0.9487272012694479,0.9422327674571921,1.9419277450056143,0.05484671190689738,1.941927745005616,19
none,true,True,0.6692963645729205,0.6253713392623921,1.2946677038353087,0.043925025310528554,1.294667703835314,14
none,true,True,-1.1826148087026616,2.608157621249302,2.5058770720748473,-3.0268607490914174,2.5058770720748473,21
none,true,False,-1.1530103567464975,0.6372688051465925,-1.5006731149080252,-1.5282401690347633,-1.5282401690347687,17
none,true,False,-0.012538527523723192,0.011961944459901829,0.001273936184187363,-0.022897875304654036,-0.02289787530465759,21
none,true,False,-0.7811024862551084,0.9723550045085884,-2.0,0.0,-2.0000000000000018,18
none,true,True,0.09093429301057163,0.31824439340547783,1.1927342270695185,-0.025570046910463162,0.0019580345764733664,13
none,true,True,-1.526053779627864,0.42952111245026,-1.0,-1.8767562993797746,-1.8767562993797764,20
none,true,True,1.4652997515727715,1.2220247586058859,2.523604236579013,0.054227104897780265,2.523604236579013,14
none,true,False,-0.4944803106466638,0.7058496981547632,-1.4926582285709884,-0.011579981495206226,0.011932451652050702,18
none,true,True,1.9205891484970559,0.0,1.920589148497056,1.9205891484970579,1.9205891484970596,15
none,true,False,0.21787231159008902,2.4508798767792266,1.894292688810303,-0.5084883525872925,-2.5084883525872943,11
none,true,True,0.058620548691488764,0.28123461382431036,1.1825354335591065,-0.029934755578377548,-0.029934755578377548,17
none,true,True,0.46760335966921335,0.4374028911966562,0.8767562993797746,0.0,0.8767562993797746,15
none,honest_fp,False,-1.2881883180058684,0.0,-1.2881883180058686,-1.2881883180058722,-1.2881883180058686,17
none,true,False,0.36123276125469284,0.6160952636584168,0.04962697080821599,0.030232071430297935,0.04962697080821599,19
none,true,False,0.03740959452101992,0.011841720861282785,0.04707831911655802,0.02290650762771307,0.04707831911655802,15
none,true,False,-1.0134731108855735,2.0726755379803072,1.9177245998733596,-2.473087491005849,1.9177245998733579,15
none,true,True,0.1573230592777568,0.27479003549237463,1.2889538606213584,0.07228940545905616,1.2889538606213584,18
none,true,True,1.2549159822582887,1.234688565840618,2.489604548098903,0.020227416417672117,0.02022741641767034,16
none,true,False,-3.1922441299586373,0.0,-3.1922441299586346,-3.192244129958638,-3.1922441299586364,20
none,honest_fp,False,-1.0,0.0,-1.0,-1.0,-1.0000000000000018,12
none,honest_fp,False,0.0,0.0,0.0,0.0,0.0,14
none,true,False,0.3297258907687409,0.4352028049752344,0.8801976851995512,-0.011005907994434239,-0.019131588524547993,13
none,true,False,0.01160867487061723,0.01000340967888061,0.015389608338189475,-0.01485785940240092,-0.014857859402399143,16
none,true,False,0.5951011873192962,0.8755407322421297,1.9083892400523546,0.014971292369704514,-0.00020680629430458453,13
none,true,True,-0.08349235327733862,0.0,-0.0834923532773395,-0.0834923532773395,-0.0834923532773395,14
none,true,True,-1.4424594669009878,0.4424594669009868,-1.0,-1.8849189338019734,-1.8849189338019734,14
none,true,False,0.19493096756822403,0.38936867700894906,0.9329929476165368,-0.014789201924127582,-0.022914882454241337,23
none,true,True,1.4652444961018642,0.8071539034706866,1.9073408964111067,-0.008410171595610194,-0.008410171595610194,13
none,true,False,0.45342845636913615,0.784443935651568,1.9721626481838612,0.02600293680020016,1.9721626481838612,19
none,true,True,0.364378384506695,0.43551546978545014,0.8849189338019734,0.0,0.8849189338019734,17
none,honest_fp,False,-1.0498563359517192,0.0,-1.04985633595172,-1.04985633595172,-1.0498563359517181,17
none,true,False,0.4336594517408323,0.4640039109705212,0.982175823228328,0.024268613133617833,0.9821758232283297,12
none,true,False,0.041780832621979326,0.013319393243384586,0.04974069255371205,0.019493224813121657,0.04974069255371383,19
none,true,True,1.0245868482130334,0.9565479165475831,1.9320478804267402,0.016296812420023343,1.932047880426742,19
none,true,False,0.4783076474561787,0.8099515302156263,1.938083803050482,0.005475231272932035,-0.009702867391075287,17
none,true,True,1.195964842217018,0.0,1.1959648422170162,1.1959648422170162,1.195964842217018,14
none,true,False,-3.190901328113994,0.0,-3.1909013281139913,-3.190901328113995,-3.190901328113993,18
none,honest_fp,False,0.0,0.0,0.0,0.0,0.0,15
none,true,False,0.14480043391990566,0.3493909333015947,0.8718941006469763,-0.014258197508761228,-0.030444707537399474,16
none,true,False,-0.04604676130369762,0.0,-0.04604676130369789,-0.04604676130369789,-0.04604676130369789,13
none,true,True,-2.0,0.0,-2.0,-2.0,-2.0,21
none,true,False,-1.6078579769505728,0.7842840460988542,-2.0,-2.0,-2.0,15
none,true,True,-0.0045657343613644385,0.02089547433950797,-0.027927584883984835,0.0141237460567325,-0.027927584883985723,18
none,true,True,0.5748969364673027,0.41955741618176307,0.8847606239228014,0.006813509465555256,0.8847606239228014,17
none,honest_fp,False,0.0,0.0,0.0,0.0,0.0,16
none,honest_fp,False,-1.1636482056285293,2.5809568279517847e-08,-1.1636482056285296,-1.1636482056285296,-1.1636482056285296,22
none,true,False,0.1218002065170837,0.32489800681811964,0.8945148528785989,-0.01136495006101157,-0.027551460089650703,20
none,true,True,1.0586394853905787,0.9349755905043735,1.8949070764588924,0.0133049965551848,1.8949070764588924,18
none,true,False,1.4983153925613355,1.5572394520214476,1.9341201289146657,0.027680006540270696,0.027680006540270696,17
none,true,True,-0.08954550063393171,0.020600860761934188,-0.11477629919836296,-0.07272496825764563,-0.11477629919836296,20
none,true,True,0.4495336632181918,0.43847557231819556,0.8676037177216411,-0.01034339673560325,-0.01034339673560325,21
none,honest_fp,False,-2.3990345932170656,0.0,-2.399034593217065,-2.399034593217065,-2.399034593217065,21
none,true,False,0.25034057127547726,0.38700650210465926,0.9567081353902172,0.02931739288177937,0.9567081353902154,13
none,true,True,0.931551870768289,0.9408010399518538,1.872352910720144,-0.009249169183565442,-0.009249169183564554,20
none,true,False,0.7881893946946776,1.5441823578533451,1.942907466693864,-1.924242770927668,1.942907466693864,15
none,true,False,-0.05652758080359444,0.009566759376953128,-0.06606517838771442,-0.039650427954905254,-0.0396504279549057,17
none,true,True,0.32864446955462706,0.46715393406859224,0.9892998988303763,-0.0016832450832477974,-0.0016832450832477974,15
none,true,True,0.1964006555606419,0.3723463670829632,0.9409056944536109,0.008035380454513685,0.008035380454513241,15
none,true,False,0.564704845972484,0.49484944885019233,1.007311648475417,0.011446342843816737,0.011446342843816737,18
none,honest_fp,False,-1.304104546226092,0.0,-1.3041045462260925,-1.3041045462260907,-1.3041045462260916,19
none,honest_fp,False,0.0,0.0,0.0,0.0,0.0,14
none,honest_fp,False,-2.8937744801152756,0.0,-2.893774480115276,-2.8937744801152743,-2.893774480115275,15
none,true,False,0.05559132867418192,0.01850406849266235,0.0628921899942565,0.049760099993097384,0.0628921899942565,21
none,true,False,0.059527351599818354,0.0297967106030271,0.08173650840457025,0.019550869351265376,0.0817365084045707,14
none,true,True,0.19980750758190888,0.37978469770023215,0.9590466118460865,-0.009762237247437966,0.959046611846087,15
none,honest_fp,False,-1.8079463802916749,2.1073424255447017e-08,-1.8079463802916749,-1.807946380291674,-1.8079463802916749,14
none,honest_fp,False,0.0,0.0,0.0,0.0,0.0,18
none,true,False,0.0417802028074995,0.0,0.041780202807498945,0.04178020280749983,0.04178020280749939,16
none,true,False,0.03640674407875144,0.014527499898636134,0.04224922797610553,0.019112330466755978,0.010563049119039825,16
none,true,True,0.36023641828948605,0.47483693021728374,0.9972970108053874,0.006313866891764164,0.9972970108053882,14
none,true,False,0.04647010657993005,0.031092819526653177,0.07756292610658289,0.01537728705327801,0.015377287053276678,18
none,true,True,0.169201758697856,0.34153127604522343,0.9571835485421918,0.011676814317706175,0.006297044316144973,19
none,true,False,0.6409051253469773,0.48212121797211904,1.014354614958827,0.018489309327227588,1.014354614958827,16
none,true,True,0.43991494876594106,0.44908152573361104,0.9491255354021932,0.043862270271077364,0.9491255354021932,16
none,true,False,-0.004963193505663188,0.012148112104406743,0.020580753665788265,-0.013736971126894204,0.020580753665787377,10
none,true,True,0.5061129096705868,0.6562331659987882,0.9411504393950247,0.015017444165334126,0.003276867120303173,17
none,true,False,0.005928831169649548,0.0,0.005928831169649484,0.005928831169649484,0.005928831169650373,14
none,true,False,0.028614868750270903,0.009065287930657868,0.018320418573848585,0.03188804813118118,0.014628848399123484,13
none,true,True,0.48045796802783197,0.6389390511175157,0.9728515653706316,0.03465979970706279,0.9728515653706307,19
none,true,False,-2.851966634944829,0.0,-2.8519666349448283,-2.851966634944829,-2.85196663494483,20
none,true,True,0.4656850045833175,0.45263163256555733,0.9183166371488749,0.013053372017759912,0.013053372017759912,14
none,true,False,-0.04359517570734321,0.013320989750997277,-0.0313449981454994,-0.04270504900570593,-0.04270504900570593,11
none,true,True,-0.2813984498698726,0.414913707390518,-1.0,-0.03812077728553831,-0.03812077728553831,20
none,true,True,1.017382958016472,0.0,1.0173829580164728,1.017382958016471,1.0173829580164728,13
none,true,False,-0.011073435761739692,0.011943648710915255,-0.018892389231987217,0.007170789002171496,0.007170789002170608,20
none,true,True,0.42911476136224325,0.44924939322517765,0.9660704888710923,0.05324575210604898,0.9660704888710923,17
none,true,True,1.421675993693296,0.46460428912257296,0.9809136644000782,1.911411915130203,0.9809136644000782,19
none,true,True,0.6983912011839548,0.5246326033955702,1.1047698683496519,0.02109342257446034,1.1047698683496519,16
none,honest_fp,False,-2.0,0.0,-2.000000000000001,-2.0,-2.0,15
none,honest_fp,False,-1.426552731972595,0.0,-1.4265527319725946,-1.4265527319725946,-1.4265527319725946,14
none,true,False,0.014309563312010784,0.012286300045764293,0.00562183723395826,0.031685015468116084,0.00562183723395826,21
none,true,False,0.06635966843205138,0.01668917324116516,0.048658127075214,0.08209437186035196,0.048658127075214,17
none,true,False,-0.1200681548553515,0.016718122392568566,-0.13678627724792047,-0.10335003246278252,-0.10335003246278252,16
none,true,True,0.6010726181625096,0.43911040801241896,0.9330088860770713,0.020184149312028055,0.020184149312027166,11
none,true,False,-0.053306801114360335,0.0,-0.0533068011143607,-0.053306801114359814,-0.0533068011143607,17
none,true,True,-0.7852696344468941,0.3920422166492214,-0.9999999999999991,-0.0695017492698744,-0.0695017492698744,13
none,true,True,0.49738126187875054,0.5412235451821913,1.0650213049038504,-0.018655140871340237,-0.018655140871341125,21
none,honest_fp,False,0.0,0.0,0.0,0.0,0.0,19
none,true,True,0.4736712626654435,0.456823155170925,0.9304944178363694,0.016848107494518594,0.9304944178363685,12
none,true,False,0.02682321448444469,0.010635570319505355,0.03779099673190611,0.014231740067589982,0.037790996731906557,17
none,true,True,0.4479440478625405,0.44025720849893984,0.9741520589261707,0.07959844011799966,0.9741520589261699,17
none,true,True,0.7082499600534573,0.5211021167133395,1.1202173556407198,0.04910212711383721,1.1202173556407198,13
none,true,False,0.01895447160313573,0.0,0.018954471603136014,0.018954471603136014,0.01895447160313557,14
none,true,False,1.3053882757524335,1.2229528956003015,0.016282735354078426,2.465583262110953,0.016282735354078426,19
none,true,False,0.011997483518230576,0.019451230291381853,0.003050274348918691,0.042938497306398205,-0.0025676750454652897,18
none,honest_fp,False,-1.7117986123695512,2.1073424255447017e-08,-1.7117986123695514,-1.7117986123695514,-1.7117986123695514,10
none,honest_fp,False,-2.0,2.9802322387695312e-08,-2.0,-2.0,-1.9999999999999996,16
none,true,False,-1.5387210706297056,0.0,-1.5387210706297054,-1.5387210706297054,-1.5387210706297054,17
none,true,False,-1.7076020174638877,1.1736005303902315,-2.5823522055913433,-0.13305167883446778,-0.13305167883446822,14
none,true,True,0.42948214837382026,0.4554696021063543,0.9214455462502009,0.0077992359083509655,0.0077992359083509655,13
none,true,False,-0.012699223627319239,0.02378037790177206,-0.016957936869540724,0.005456126828456753,-0.04005004552340585,21
none,true,True,0.42303248529684506,0.44727680940408526,0.870309294700931,-0.02424432410724009,-0.02424432410724009,14
none,true,True,0.43027790248025266,0.5247371531230914,1.0729470395963823,0.0018318110694997003,0.0018318110694992562,20
spoof,honest_fp,False,0.0,0.0,0.0,0.0,0.0,15
spoof,honest_fp,False,0.0,0.0,0.0,0.0,0.0,19
spoof,true,False,-1.656601653391413,0.01704143050114941,-1.676765345884042,-1.6421990158966784,-1.6421990158966784,12
spoof,true,True,1.9054211547506075,3.650024149988857e-08,1.9054211547506084,1.9054211547506084,1.9054211547506084,20
spoof,true,True,0.9495725297605127,1.4901161193847656e-08,0.9495725297605127,0.9495725297605135,0.9495725297605135,17
spoof,true,False,0.06390907073484493,0.0,0.06390907073484442,0.06390907073484442,0.06390907073484442,19
spoof,true,False,0.02379745865465175,0.016294724223198283,0.0007532386630746402,0.03531956865043995,0.0007532386630755283,15
spoof,honest_fp,False,0.0,0.0,0.0,0.0,0.0,18
spoof,true,False,-0.0185391482755549,0.0031612771380007897,-0.020895425134317414,-0.014297849929782558,-0.020895425134317414,14
spoof,true,True,-2.0,0.0,-1.9999999999999991,-1.9999999999999991,-2.000000000000001,13
spoof,true,True,0.8845750139793254,0.0,0.8845750139793251,0.884575013979326,0.8845750139793251,15
spoof,true,False,-0.0006359352747552505,0.0032729143588578207,-0.0035223744267387502,0.0030752007777952173,-0.0035223744267387502,16
spoof,true,True,1.8848383493506125,2.1073424255447017e-08,1.8848383493506127,1.8848383493506127,1.8848383493506127,15
spoof,true,False,-0.03343316545457419,0.02775967455334107,-0.06287674663487319,-0.0072610932943071305,-0.06287674663487319,17
spoof,true,False,-0.06666576982516176,0.027807826670281997,-0.09447359649544396,-0.03885794315487878,-0.09447359649544396,16
spoof,honest_fp,False,-2.014736297114914,0.0,-2.014736297114914,-2.0147362971149123,-2.014736297114914,16
spoof,honest_fp,False,0.0,0.0,0.0,0.0,0.0,20
spoof,honest_fp,False,-2.0,0.0,-1.9999999999999991,-1.9999999999999991,-2.000000000000001,13
spoof,honest_fp,False,0.0,0.0,0.0,0.0,0.0,15
spoof,true,True,-0.4117647058823529,0.4921529567847503,-1.0,0.0,-1.0,17
spoof,honest_fp,False,0.0,0.0,0.0,0.0,0.0,15
spoof,honest_fp,False,0.0,0.0,0.0,0.0,0.0,15
spoof,true,True,1.9368122398503829,4.2146848510894035e-08,1.9368122398503838,1.9368122398503829,1.9368122398503838,18
spoof,true,False,-0.08221482401387462,9.313225746154785e-10,-0.08221482401387448,-0.08221482401387448,-0.08221482401387536,13
spoof,true,True,-0.4666666666666667,0.49888765156985887,-1.0,0.0,-1.0,15
spoof,honest_fp,False,0.0,0.0,0.0,0.0,0.0,17
spoof,true,False,0.0011695287598428702,0.0,0.001169528759842109,0.001169528759842109,0.001169528759842997,14
spoof,honest_fp,False,-1.0,0.0,-1.0,-1.0,-1.0,15
spoof,honest_fp,False,-1.9999999999999996,0.0,-2.0,-2.0,-2.0,17
spoof,honest_fp,False,0.0,0.0,0.0,0.0,0.0,16
spoof,fabricated,False,-1.0,0.0,-1.0,-1.0,-1.0,21
spoof,fabricated,False,-1.0,1.4901161193847656e-08,-1.0,-1.0,-1.0,20
spoof,true,True,0.7066225577837598,0.36489831978013226,0.8950552398594276,0.8950552398594276,0.8950552398594285,19
spoof,true,False,2.210548378803697,0.0,2.2105483788036953,2.2105483788036953,2.2105483788036953,17
spoof,true,True,1.8745478455704117,0.0,1.8745478455704099,1.8745478455704099,1.8745478455704117,14
spoof,true,True,-0.29077493687909733,0.8078290659987319,-1.0,0.8950552398594276,-1.0000000000000009,19
spoof,honest_fp,False,0.0,0.0,0.0,0.0,0.0,18
spoof,honest_fp,False,-3.4217887772339353,5.960464477539063e-08,-3.421788777233937,-3.4217887772339353,-3.421788777233936,16
spoof,true,False,-1.2378012286037503,1.4901161193847656e-08,-1.2378012286037503,-1.2378012286037503,-1.2378012286037512,18
spoof,true,True,-0.7461862187987227,0.6990837382825479,-1.0,0.0,-1.8950552398594285,17
spoof,true,True,0.9403801169810071,1.4901161193847656e-08,0.9403801169810073,0.9403801169810109,0.9403801169810064,17
spoof,true,True,-2.0000000000000004,0.0,-2.0,-2.000000000000007,-2.0,11
spoof,true,True,-1.5824781983159562,1.8507773862322894,1.8800092409191516,-2.571760323811702,1.8800092409191524,18
spoof,true,True,1.9460944604130226,0.0,1.9460944604130237,1.946094460413029,1.9460944604130237,11
spoof,true,True,0.9385377319340786,0.0,0.9385377319340797,0.9385377319340833,0.9385377319340797,16
spoof,honest_fp,False,-0.9999999999999996,0.0,-1.0,-1.0,-1.0,16
spoof,honest_fp,False,0.0,0.0,0.0,0.0,0.0,18
spoof,honest_fp,False,0.0,0.0,0.0,0.0,0.0,18
spoof,true,True,-1.0913152916247786,2.098584298334047,1.8765310848624566,-2.5752384798684034,-2.5752384798683963,12
spoof,true,True,-1.9999999999999996,0.0,-2.0,-2.000000000000007,-2.0,15
spoof,true,False,-3.884321299496203,0.0,-3.884321299496202,-3.8843212994962073,-3.884321299496202,13
spoof,true,False,-6.990122236112015,0.0,-6.990122236112015,-6.990122236112022,-6.990122236112014,16
spoof,honest_fp,False,-3.3822126400517893,0.0,-3.3822126400517885,-3.3822126400517902,-3.3822126400517876,17
spoof,honest_fp,False,-0.9999999999999998,0.0,-1.0,-1.0,-1.0,13
spoof,honest_fp,False,-1.0,0.0,-1.0,-1.0,-1.0,15
spoof,honest_fp,False,-1.0,0.0,-1.0,-1.0,-1.0,15
spoof,fabricated,False,-5.6305019837541295,0.0,-5.6305019837541295,-5.630501983754137,-5.630501983754129,18
spoof,fabricated,False,-5.737038438644831,0.0,-5.737038438644831,-5.737038438644838,-5.73703843864483,21
spoof,true,True,0.8950907850894019,1.8250120749944284e-08,0.8950907850894012,0.8950907850894012,0.8950907850894021,20
spoof,true,True,2.2825873188686057,0.7555510399226923,1.951485852181948,1.9143583455492639,1.951485852181948,17
spoof,true,True,-2.0,0.0,-2.0,-2.0,-2.0,16
spoof,true,True,1.9353025882617927,0.0,1.9353025882617931,1.9353025882617914,1.9353025882617931,17
spoof,true,True,0.4824177288419641,0.4584174554004392,0.9146178506125402,-0.0038074081499352985,-0.003807408149933522,17
spoof,true,True,-1.25,0.9682458365518543,-2.0,-2.0,-2.0,8
spoof,true,True,-2.0,0.0,-2.0,-2.0,-2.0,21
spoof,true,True,0.6042846754447545,0.44007028089551326,0.9322936964313531,0.013868437668879352,0.9322936964313531,14
spoof,honest_fp,False,-2.0,0.0,-2.0,-2.0,-2.0,17
spoof,true,True,-0.015469794430283734,0.01830410761554173,-2.0,-0.03712750663268238,-0.03712750663268238,12
spoof,true,True,-2.0,0.0,-2.0,-2.0,-2.0,11
spoof,true,False,0.004060588588115349,0.0,0.0040605885881142,0.0040605885881142,0.004060588588115088,17
spoof,true,True,-0.03905190345716176,4.656612873077393e-10,-0.03905190345716214,-0.03905190345716392,-0.03905190345716125,14
spoof,honest_fp,False,-1.0000000000000002,0.0,-1.0,-1.0,-1.0,17
spoof,honest_fp,False,-1.0226446710342787,0.0,-1.0226446710342785,-1.0226446710342785,-1.0226446710342785,15
spoof,honest_fp,False,-1.1283910478045587,1.4901161193847656e-08,-1.1283910478045573,-1.1283910478045591,-1.1283910478045573,21
spoof,honest_fp,False,-2.0,0.0,-2.0,-2.0,-2.0,19
spoof,true,False,0.35277880086197805,0.4237120520902323,0.8839299676620662,0.01477351289828377,0.01477351289828599,18
spoof,true,True,1.9710833095694564,0.0,1.9710833095694564,1.9710833095694547,1.9710833095694564,17
spoof,true,True,1.9148687679503134,0.0,1.9148687679503134,1.9148687679503134,1.9148687679503142,11
spoof,true,False,-0.02405126513131834,0.011972556328163943,-0.01022654789341182,-0.03441980305974823,-0.03441980305974868,14
spoof,true,True,0.39967125728726605,0.4994298479758353,0.022137778696736277,1.0603548448206936,0.022137778696736277,11
spoof,true,True,1.9369137688452267,3.650024149988857e-08,1.9369137688452263,1.9369137688452263,1.9369137688452263,13
spoof,true,True,0.5474239850047385,0.46403671845231814,0.9396065919549734,-0.001631664725589843,-0.0016316647255902872,12
spoof,honest_fp,False,-4.341079655941569,0.0,-4.341079655941568,-4.341079655941568,-4.341079655941567,14
spoof,honest_fp,False,0.0,0.0,0.0,0.0,0.0,22
spoof,true,True,-2.0000000000000004,0.0,-2.0,-2.0,-2.0,18
spoof,true,True,-2.0,0.0,-2.0,-2.0,-2.0,17
spoof,true,True,0.5269532678981794,0.4692246982283227,0.961370924827671,0.020132668147105903,0.961370924827671,13
spoof,honest_fp,False,0.0,0.0,0.0,0.0,0.0,15
spoof,true,False,0.49276015681089075,0.4336114225638876,0.9563102660182405,0.08715381125445987,0.9563102660182405,15
spoof,true,False,0.05159827516599964,0.011852226074895774,0.0661142282658016,0.041920973099465186,0.06611422826580116,15
spoof,true,True,0.6066863328369475,0.5061287656455817,-0.02777965201658361,1.0104374141073755,1.0104374141073746,18
spoof,honest_fp,False,-2.0000000000000004,0.0,-2.0,-2.0,-2.0,20
spoof,fabricated,False,-1.0485669819542225,1.1548350047882918,-2.33971176870568,-0.015651152553054715,-2.33971176870568,18
spoof,fabricated,False,-1.0,0.0,-1.0,-1.0,-1.0,22
spoof,fabricated,False,-1.2692036879851722,1.3410640321588356,-2.738265730929628,-0.044985318864792845,-2.738265730929628,11
spoof,fabricated,False,-0.9972006296340218,1.3102923814833407,-2.654603960135459,0.0386764519293763,-2.654603960135459,13
spoof,fabricated,False,-1.1478679460169863,1.1620303080763126,-2.309898254093298,0.014162362059327194,-2.309898254093298,16
spoof,true,False,-0.006047829406821944,0.0,-0.006047829406821137,-0.006047829406821137,-0.006047829406822025,11
spoof,true,True,1.8915920792966514,2.1073424255447017e-08,1.8915920792966538,1.891592079296652,1.891592079296652,15
spoof,true,True,-1.022682832231359,0.9773171677686407,-2.0,-0.04536566446271806,-0.045365664462719835,16
spoof,true,False,0.009649398189883196,0.0,0.009649398189884195,0.009649398189882419,0.009649398189882419,16
spoof,true,True,-1.0955561161985932,0.0,-1.0955561161985905,-1.095556116198594,-1.0955561161985914,11
spoof,true,True,1.92348976280533,4.2146848510894035e-08,1.9234897628053318,1.92348976280533,1.92348976280533,14
spoof,true,True,1.9412008700992167,4.712160915387242e-08,1.9412008700992178,1.9412008700992178,1.9412008700992178,22
spoof,true,True,0.9498911400416323,1.8250120749944284e-08,0.9498911400416326,0.9498911400416326,0.9498911400416326,17
spoof,true,True,-2.0,0.0,-2.0,-2.0,-1.9999999999999991,19
spoof,honest_fp,False,-0.9999999999999998,1.0536712127723509e-08,-1.0,-1.0,-0.9999999999999991,19
spoof,true,True,3.0628281548710166,0.9650576517995845,1.9311977500862767,3.885832085623557,1.931197750086275,19
spoof,true,False,-0.006847123571906362,0.014458066523980658,0.009724299752600807,-0.009358208770500198,-0.02248382611515684,13
spoof,true,True,0.39130107155403965,0.49316077264070424,0.995297198617255,-0.01136301315477084,-0.011363013154771118,15
spoof,true,False,0.732770307841211,0.9478954629108951,1.9564977479762122,0.00017436251480873466,0.00017436251480923426,16
spoof,true,True,0.13791516442441729,0.4854444336300297,1.9533920465634464,-0.011197991593478562,0.035669928957893254,15
spoof,true,False,-2.8029973065599485,0.01640964096415843,-2.7892680159154537,-2.8226105789092273,-2.822610578909228,17
spoof,honest_fp,False,-1.0,0.0,-1.0,-1.0,-1.0,17
spoof,honest_fp,False,0.0,0.0,0.0,0.0,0.0,16
spoof,true,False,0.04027220236023027,0.01437329989422306,0.06354001734276071,0.030043609888338096,0.06354001734276066,16
spoof,true,False,0.9162139557764691,0.9812205917681296,1.97604257878701,0.005318844694746971,0.003666812704789274,13
spoof,true,True,1.9519752304539966,3.650024149988857e-08,1.9519752304539972,1.9519752304539963,1.9519752304539972,16
spoof,true,True,0.1596332140206929,0.46414885886632623,1.957120049582727,0.02799237330748028,1.9571200495827275,16
spoof,honest_fp,False,0.0,0.0,0.0,0.0,0.0,21
spoof,honest_fp,False,-2.0,0.0,-2.0,-1.9999999999999991,-2.0,15
spoof,true,False,-0.007288747451402137,0.005913519322265808,-0.005482018732409166,-0.003910648629581459,-0.017036265974237436,19
spoof,true,True,0.47915814187803085,0.5018387541460653,1.0212059482168137,0.014545736444787849,1.0212059482168143,13
spoof,true,False,0.6728238531687167,0.9280869290725778,1.9853245701879212,0.015398069002241499,1.9853245701879212,18
spoof,true,True,0.161960949623007,0.5372210436701581,1.9427032996755909,-0.016854354593855092,-0.01685435459385426,12
spoof,true,False,0.053845854805359944,0.0161418988993453,0.06634931592802573,0.03300675293425037,0.06634931592802557,16
spoof,honest_fp,False,-1.7483928634161605,0.0,-1.7483928634161607,-1.7483928634161607,-1.7483928634161607,19
spoof,fabricated,False,-2.0,0.0,-2.0,-1.9999999999999991,-2.0,19
spoof,true,False,-0.6569174338991751,1.1128953757641131,-2.584488903655819,-0.009661389062211256,-2.584488903655819,16
spoof,true,True,-0.6141205659107019,0.7445295426479452,-1.0239095583238127,-0.006670897931062569,-1.889400335288119,16
spoof,true,False,0.01955935748825525,0.0,0.019559357488255102,0.019559357488255102,0.019559357488255158,12
spoof,honest_fp,False,-1.1484912692275953,0.0,-1.1484912692275948,-1.1484912692275948,-1.1484912692275953,20
spoof,honest_fp,False,-2.0,0.0,-2.0,-1.9999999999999991,-1.9999999999999998,15
spoof,honest_fp,False,0.0,0.0,0.0,0.0,0.0,16
spoof,true,False,-0.026172451009386064,0.07195503413579533,-0.17839535860444755,0.0058021210973606685,-0.17839535860444805,11
spoof,true,True,0.23121839070210326,0.37707872485820537,0.8843216057889709,0.011974119515093307,0.8843216057889706,16
spoof,true,False,0.03786077219158387,0.02489639701062564,0.06731858639690103,0.01681947633064418,0.06731858639690075,12
spoof,true,True,1.9780027934804878,2.9802322387695312e-08,1.9780027934804876,1.9780027934804885,1.9780027934804876,20
spoof,true,True,1.958422528699842,3.650024149988857e-08,1.9584225286998427,1.9584225286998436,1.958422528699843,12
spoof,true,False,-0.6675644902061062,1.1120120678869962,-2.565165895400261,-0.004051182844341028,-2.565165895400261,14
spoof,true,True,-0.7452148033890768,0.7608104522367423,-1.011461186007078,-0.0015921684319142315,-1.8843216057889707,13
spoof,true,False,0.02783009567304801,0.023805508781157746,0.06149616905055311,0.01099705898429626,0.010997058984295482,15
spoof,true,True,0.0,0.0,0.0,0.0,0.0,16
spoof,fabricated,False,-1.4011629988670153,2.5809568279517847e-08,-1.4011629988670151,-1.4011629988670142,-1.4011629988670156,13
spoof,fabricated,False,-0.5654200085489706,1.0612997508129152,-2.531444078451571,0.00779663829788646,-2.531444078451571,16
spoof,true,False,-1.2500015958972792,1.028473754439516,-2.4287485048776727,-0.010867014733282332,-2.4287485048776727,18
spoof,true,True,-0.6757386007620406,0.7766174525398705,-1.0,0.0,-1.8718890532386725,17
spoof,true,False,-0.8188742104589266,0.9643874673944234,-2.0,-0.035763275641569336,-0.035763275641569336,15
spoof,true,True,0.3086685112155366,0.6759272033822676,1.9624119091215597,0.012382292365781922,0.01238229236578281,21
spoof,true,False,0.5384273668668792,0.9231121531729677,2.1369869967709825,0.010779403954707334,-0.02091111096408893,20
spoof,true,False,-0.5806597842656942,0.6628592925389137,-1.3322594095495948,0.0035437849715318492,-1.3322594095495943,16
spoof,true,True,0.20515036546792315,0.3698400809373869,0.8718890532386734,0.0,0.8718890532386725,17
spoof,true,False,1.4474476371472615,1.528267986643869,1.9506176732372733,0.010562635437382895,0.016768609798818446,19
spoof,true,True,1.981452078785392,0.0,1.9814520787853933,1.9814520787853915,1.9814520787853924,14
spoof,true,True,0.41365668471736905,0.7485406388593222,1.9701396581715898,0.02601710104311472,1.9701396581715906,16
spoof,true,False,0.6525110927182818,0.9872548744821457,2.1165823293114485,-0.00447245833903942,-0.036162973257835684,16
spoof,honest_fp,False,0.0,0.0,0.0,0.0,0.0,14
spoof,true,False,-1.224927505070664,1.0249182803730637,-2.397572379860115,0.007263326585931651,-2.397572379860115,18
spoof,true,True,-0.8205397294967636,0.7833024522121702,-1.0,0.0,-1.8718890532386725,14
spoof,true,False,1.847534766933784,1.506397792691294,1.9671051958137369,0.03173565465366579,1.967105195813736,15
spoof,true,True,0.33696924242910103,0.7143777970547228,1.8801754802608066,0.013619774303389676,0.006429054191938732,17
spoof,true,False,0.7483605787076357,1.0206416604304667,2.191699018676408,0.012162426521777903,2.191699018676408,15
spoof,fabricated,False,-3.0403517203154626,0.0,-3.0403517203154617,-3.0403517203154617,-3.0403517203154617,17
spoof,fabricated,False,-2.851600281854111,4.2146848510894035e-08,-2.851600281854111,-2.851600281854111,-2.851600281854111,22
spoof,fabricated,False,-1.822003678457344,2.9802322387695312e-08,-1.8220036784573441,-1.8220036784573441,-1.8220036784573441,14
spoof,true,False,-0.39405967096269473,1.0419656742873957,-2.2641982398289873,-0.013659188597241467,-2.2641982398289873,13
spoof,true,True,-1.0318357550088297,0.8076856625135194,-1.0,0.0,-1.8764058120211917,12
spoof,true,False,-0.777405409263163,0.9326892281309866,0.0,-0.02069437841652899,-1.9196898345993416,20
spoof,honest_fp,False,-2.7017209163579814,2.9802322387695312e-08,-2.7017209163579814,-2.7017209163579814,-2.7017209163579814,21
spoof,true,False,-0.5496703571039607,1.1039209511031867,-2.66349255844602,0.020070831685053747,-2.6634925584460207,14
spoof,true,True,0.23901976691486998,0.3903176449202667,0.8764058120211917,0.0,0.8764058120211917,11
spoof,true,False,0.39139554400252263,0.7641652245947281,1.9196898345993425,0.009703582521627396,1.9196898345993425,10
spoof,true,True,1.9790591520554306,0.0,1.9790591520554308,1.9790591520554308,1.9790591520554308,14
spoof,true,False,0.03148533997398977,0.020531795553802197,0.049266396508890864,0.007777264594121647,0.007777264594121647,14
spoof,true,False,-0.2931824874409391,0.9229199974018688,-2.248152044207476,-0.00613514802235926,-2.248152044207477,17
spoof,true,True,-0.68789050333922,0.8194514986127883,-1.0,0.0,-1.8764058120211917,18
spoof,true,False,0.8816535674021847,0.946800261293199,1.9005457429435246,1.895006372280882,-0.0039890839019296465,15
spoof,true,True,-2.0,0.0,-2.0,-2.0,-2.0,19
spoof,true,False,0.050010762309625846,0.020708644604101233,0.0719755968527398,0.030486464937972357,0.07197559685273891,17
spoof,fabricated,False,-5.142516268058234,0.0,-5.142516268058234,-5.14251626805823,-5.142516268058235,17
spoof,fabricated,False,-2.6283652919193212,0.0,-2.628365291919323,-2.6283652919193194,-2.628365291919322,16
spoof,true,True,0.3204946798247531,0.44002337859044893,0.9426890220548216,0.0018070645638239569,0.0018070645638252891,18
spoof,true,True,1.9102294143445888,3.650024149988857e-08,1.9102294143445882,1.9102294143445882,1.9102294143445882,14
spoof,true,True,0.3964818153391194,0.4682202847033668,0.9371309271772539,-0.012118087082370721,-0.012118087082370721,14
spoof,true,True,0.28620005438169765,0.43053518669374674,0.9668927117924841,0.004401419650839955,0.9668927117924859,21
spoof,true,True,0.9415596965197167,0.0,0.9415596965197164,0.9415596965197164,0.9415596965197168,12
spoof,true,True,1.8745163629977193,0.0,1.8745163629977188,1.874516362997717,1.8745163629977197,11
spoof,true,True,0.26398869844216893,0.42312246900767153,0.954904689293981,0.0005654593210557834,0.0047907239376181465,22
spoof,honest_fp,False,0.0,0.0,0.0,0.0,0.0,16
spoof,honest_fp,False,0.0,0.0,0.0,0.0,0.0,17
spoof,true,True,0.40092796664717006,0.4610062175271412,0.9654933391871641,0.02448207583487516,0.015962498388752078,15
spoof,true,True,0.4326797353920416,0.47043256676425876,0.9758626875083483,0.017745232275116152,0.97586268750835,14
spoof,fabricated,False,-5.068283888067369,0.0,-5.068283888067368,-5.06828388806737,-5.068283888067368,16
spoof,fabricated,False,-5.845754427669704,8.429369702178807e-08,-5.845754427669705,-5.845754427669705,-5.845754427669705,18
spoof,fabricated,False,-1.0,0.0,-1.0,-1.0,-0.9999999999999996,20
spoof,true,True,0.00021707728866561619,0.004725744609064343,0.942909626169417,0.0018609301134979717,-0.00741895085219646,15
spoof,true,True,-1.4736842105263157,0.8806947647727109,-2.0,-2.0,-2.0,19
spoof,true,True,0.28717131171611604,0.44079319368898445,0.9105470244328266,-0.02451654464223907,-0.024516544642239957,12
spoof,honest_fp,False,0.0,0.0,0.0,0.0,0.0,17
spoof,true,True,0.007171248452655884,0.008732924924768397,0.9712070069419294,0.0004422027165631448,0.9712070069419294,14
spoof,true,True,1.8952002826607959,3.650024149988857e-08,1.895200282660796,1.8952002826607952,1.895200282660797,12
spoof,true,True,0.9516940977495311,0.0,0.951694097749531,0.951694097749531,0.951694097749531,13
spoof,true,True,-0.4769458386292221,0.8142457042189959,-2.0,-0.04875209127716573,-0.048752091277166176,18
spoof,honest_fp,False,0.0,0.0,0.0,0.0,0.0,18
spoof,honest_fp,False,-2.0,0.0,-2.0,-2.0,-2.0,10
spoof,true,True,0.010930024051734044,0.012413266459716852,0.9662038189339963,0.0072112419723815435,-0.0020686389933146643,12
spoof,true,True,2.6745949621360645,0.9429216261340357,1.9881675857230148,1.93941549444585,1.9881675857230148,14
spoof,true,True,0.30895388913962,0.42241866218905677,0.9768564384789542,0.041792869403884936,0.9768564384789533,14
spoof,honest_fp,False,-2.0,0.0,-2.0,-2.0,-2.0,12
spoof,fabricated,False,-0.23311036051948153,2.634178031930877e-09,-0.23311036051948086,-0.23311036051948264,-0.23311036051948175,21
spoof,fabricated,False,-2.2511520254663093,0.0,-2.2511520254663093,-2.2511520254663075,-2.2511520254663093,17
spoof,fabricated,False,-3.5144631012437695,0.0,-3.51446310124377,-3.5144631012437664,-3.514463101243769,17
spoof,fabricated,False,-2.009925862559916,4.2146848510894035e-08,-2.009925862559916,-2.009925862559914,-2.009925862559917,16
spoof,fabricated,False,-5.602437479613233,1.1920928955078125e-07,-5.602437479613235,-5.602437479613233,-5.602437479613235,21
spoof,true,True,0.19695984041407666,0.38719773546195196,0.9381764172795819,-0.011203064147320418,-0.015312984617916747,14
spoof,true,True,0.601913983768127,0.8777740560332874,1.9037689606959667,0.005876253788956731,-0.002855246186760141,16
spoof,true,True,0.10055298287276916,0.2896637437344941,0.8933112750054164,-0.009632061564602168,-0.013501268352542617,17
spoof,honest_fp,False,0.0,0.0,0.0,0.0,0.0,16
spoof,honest_fp,False,0.0,0.0,0.0,0.0,0.0,17
spoof,true,True,0.2065494709566151,0.39442636261869934,0.9266181543197671,-0.01163470861226834,-0.01574462908286467,13
spoof,true,True,-0.34109578545486297,2.2429124161345997,1.9018166306797362,-2.5840082015894623,1.901816630679737,16
spoof,true,True,0.9686184305469903,0.0,0.9686184305469894,0.9686184305469911,0.9686184305469903,17
spoof,true,True,0.47894503671468813,0.8333271909956006,1.873267703929013,-0.02343494317403305,-0.03216644314975081,19
spoof,true,True,0.13362882954216282,0.3023220033034693,0.9313934312732037,0.0028070391475658596,-0.012718854719590666,16
spoof,honest_fp,False,0.0,0.0,0.0,0.0,0.0,15
spoof,true,True,0.19346516756402282,0.35579245238976304,0.9888692893280542,0.026888510677762767,0.9888692893280542,18
spoof,true,True,-0.19680898789234752,2.2379226159245373,1.8965759338332777,-2.5892488984359208,-2.5892488984359217,15
spoof,true,True,0.6056528685026535,0.8707947988408693,1.954635790428588,0.02868510709119043,1.954635790428588,17
spoof,true,True,0.14290123552843054,0.281134225787995,0.9844751913262737,0.028412577945612583,0.9844751913262737,20
spoof,honest_fp,False,0.11550905641944009,0.31023530675603067,0.8749118692151541,-0.008878490777318504,-0.031603525377732034,14
spoof,honest_fp,False,2.462060380067066,4.2146848510894035e-08,2.462060380067065,2.462060380067065,2.462060380067065,16
spoof,honest_fp,False,0.0,0.0,0.0,0.0,0.0,18
spoof,fabricated,False,-3.1193202278288137,0.0,-3.1193202278288137,-3.119320227828811,-3.119320227828812,12
spoof,true,True,0.2968427949684843,0.44170971393450337,0.9520036509999805,-0.0015769899939961363,-0.0014220719323123632,16
spoof,true,True,0.19408452839435075,0.39128628996432663,0.925799232864776,-0.01075164690852759,-0.02961228398170679,9
spoof,true,True,0.22907257844887674,0.40793130746701123,0.9587608755259005,-0.0034315888274925044,-0.0032766707658060668,21
spoof,true,True,0.9454529579905734,1.4901161193847656e-08,0.9454529579905753,0.9454529579905753,0.9454529579905744,14
spoof,true,True,-2.0000000000000004,0.0,-2.0,-2.0,-2.0,14
spoof,true,True,0.14408097256618935,0.35198234584645766,0.9306722221828938,-0.012165802711368912,-0.031026439784548998,12
spoof,true,True,0.27588590445009203,0.42189603221696187,0.9818212706426745,0.0182740333206155,0.9818212706426728,19
spoof,true,True,1.9224107538193849,2.9802322387695312e-08,1.9224107538193858,1.9224107538193884,1.9224107538193858,17
spoof,true,True,0.15076170561607027,0.3193628740472797,0.9955701500272109,0.024869578260155123,0.9955701500272092,16
spoof,fabricated,False,-5.3939762114674705,5.960464477539063e-08,-5.393976211467471,-5.39397621146747,-5.393976211467471,14
spoof,fabricated,False,-3.2155003667002715,0.0,-3.2155003667002706,-3.2155003667002706,-3.2155003667002706,17
spoof,fabricated,False,-1.3538925739378616,2.1073424255447017e-08,-1.3538925739378609,-1.3538925739378609,-1.3538925739378609,14
spoof,true,False,0.02556345489118172,0.0,0.025563454891180726,0.025563454891181614,0.025563454891181725,14
spoof,true,False,0.012884151632981705,0.018220941979034188,0.0,0.03865245489894509,0.0386524548989452,18
spoof,true,True,0.1647091640556447,0.3574381283796081,0.9639265147658618,-0.004837499096279618,0.007275842478039918,18
spoof,true,False,0.05247992197927303,6.585445079827193e-10,0.052479921979273314,0.05247992197927287,0.05247992197927309,18
spoof,honest_fp,False,0.0,0.0,0.0,0.0,0.0,23
spoof,true,True,0.5355961666279315,0.879463269287805,1.926149691331668,-0.020625243253562964,-0.02062524325356302,14
spoof,true,False,1.9313250737970393,0.018935758361588503,1.9158640918374603,1.9545165467364058,1.9158640918374603,20
spoof,true,True,1.9240366002323341,0.0,1.9240366002323341,1.9240366002323337,1.9240366002323341,13
spoof,true,True,0.20089473536747157,0.39331572787695324,0.9539929892103851,-0.01171072344436519,-0.011710723444365079,14
spoof,true,True,0.28848341117992127,0.43079147739793144,0.9919629479563508,0.02467858488876029,0.9919629479563516,11
spoof,true,True,0.678084525648651,0.917718505126143,1.975934482038805,0.029159547453573964,1.975934482038805,12
spoof,true,True,0.17093832769350187,0.3416869804446587,0.9842598595500336,0.01988120748616584,0.984259859550034,20
spoof,true,True,0.1454153524275451,0.36048559823195336,0.9514856549838706,-0.015798708083720303,-0.015798708083720026,18
spoof,fabricated,False,-2.0238348183224124,0.0,-2.0238348183224115,-2.0238348183224115,-2.0238348183224115,16
spoof,true,False,0.0018567989738211515,2.0579515874459978e-11,0.001856798973820517,0.0018567989738222934,0.001856798973820517,14
spoof,true,False,-0.02510767864092589,0.0012653795969888718,-0.026002437134732048,-0.023318161653312686,-0.023318161653314462,12
spoof,true,False,-0.8966507133193562,0.950447041634151,-1.9047477748970039,-0.0032499521033741985,-1.9047477748970039,17
spoof,true,True,-0.3333333333333333,0.4714045207910317,-1.0,0.0,-1.0,15
spoof,honest_fp,False,-0.9999999999999997,1.0536712127723509e-08,-1.0,-1.0,-1.0,21
spoof,true,False,0.018440076460861765,0.012668477312559257,0.004443181859260292,0.026641034297957944,0.004443181859262069,16
spoof,true,True,0.3078861141444029,0.4334139262924244,0.9208259668285219,0.001416187802343316,0.001416187802343316,21
spoof,honest_fp,False,-1.0,0.0,-1.0,-1.0,-1.0,14
spoof,true,True,1.968188699130172,0.0,1.968188699130172,1.9681886991301738,1.968188699130172,12
spoof,true,False,0.021044924898700215,0.001339813690929415,0.01962383787912536,0.022308113360544723,0.01962383787912536,17
spoof,true,False,-1.0164276932280054,0.9515281822127013,-1.921540333131242,0.010211889326864565,-1.8912859334667669,15
spoof,true,True,-0.35714285714285715,0.47915742374995496,-1.0,0.0,-1.0,14
spoof,true,True,0.5897835571481714,0.4422781142298401,0.9241143858849625,0.004704606858785709,0.9241143858849643,11
spoof,fabricated,False,-2.3893975418309163,2.9802322387695312e-08,-2.389397541830917,-2.389397541830917,-2.389397541830917,16
spoof,true,True,-0.6345966435641235,0.799867251336641,-1.0,0.0,-1.871719907589827,12
spoof,honest_fp,False,-3.4280685486786417,4.2146848510894035e-08,-3.4280685486786417,-3.4280685486786417,-3.4280685486786417,19
spoof,honest_fp,False,0.0,0.0,0.0,0.0,0.0,17
spoof,true,False,-0.051484142215271866,0.0,-0.05148414221527098,-0.0514841422152692,-0.05148414221527098,14
spoof,true,True,0.09685776750998087,0.27395513686759015,0.871719907589827,0.0,0.871719907589827,18
spoof,honest_fp,False,0.0,0.0,0.0,0.0,0.0,15
spoof,honest_fp,False,0.0,0.0,0.0,0.0,0.0,19
spoof,honest_fp,False,-2.0,0.0,-2.0,-2.0,-2.0,15
spoof,true,True,1.970926142929449,0.0,1.9709261429294491,1.97092614292945,1.9709261429294491,12
spoof,true,False,1.8982102442762416,0.0,1.8982102442762416,1.8982102442762425,1.8982102442762416,16
spoof,true,True,-0.585781517136114,0.786872407884359,-1.0,0.0,-1.871719907589827,13
spoof,true,True,-1.0000000000000002,0.0,-1.0,-1.0,-1.0,13
spoof,fabricated,False,-6.021227587191675,1.4600096599955427e-07,-6.021227587191676,-6.021227587191678,-6.021227587191675,11
spoof,fabricated,False,-1.2374825316995364,0.0,-1.2374825316995341,-1.2374825316995341,-1.237482531699535,13
spoof,fabricated,False,-5.283305189635442,0.0,-5.283305189635442,-5.283305189635438,-5.283305189635441,20
spoof,fabricated,False,-2.5194920023700984,0.0,-2.5194920023700984,-2.5194920023700966,-2.5194920023700984,15
spoof,true,False,-0.04499860891469076,9.313225746154785e-10,-0.04499860891468899,-0.04499860891468899,-0.044998608914689875,18
spoof,true,True,-2.0000000000000004,0.0,-2.0,-2.0,-1.9999999999999991,14
spoof,true,True,-2.0000000000000004,0.0,-2.0,-2.0,-1.9999999999999991,16
spoof,true,False,-0.6666666666666669,0.47140452079103184,-1.0,0.0,-1.0,18
spoof,true,False,-1.6619065884358444,0.0,-1.6619065884358442,-1.6619065884358406,-1.6619065884358433,17
spoof,honest_fp,False,-3.227632048446992,0.0,-3.227632048446992,-3.227632048446992,-3.227632048446991,18
spoof,honest_fp,False,0.0,0.0,0.0,0.0,0.0,12
spoof,honest_fp,False,0.0,0.0,0.0,0.0,0.0,16
spoof,true,True,1.9232549248017863,2.1073424255447017e-08,1.9232549248017872,1.923254924801789,1.9232549248017872,16
spoof,true,True,1.904777272965414,0.0,1.9047772729654149,1.9047772729654113,1.9047772729654149,15
spoof,true,False,0.463893896172789,0.46389389617278887,0.9277877923455797,0.0,0.9277877923455797,16
spoof,true,True,1.5272749590271035,0.46327020727535184,0.9598871485980975,1.9055334993131083,0.9598871485980958,15
spoof,true,True,0.9231060037994526,0.0011810487385022794,0.9219249550608595,0.9242870525380482,0.9219249550608577,14
spoof,honest_fp,False,-2.0,2.9802322387695312e-08,-2.0,-2.0,-1.9999999999999991,16
spoof,honest_fp,False,-2.0,0.0,-2.0,-2.0,-1.9999999999999991,18
spoof,true,False,-1.197064125359424,0.40649514747201915,-1.0,-0.9277877923455762,-1.9277877923455788,17
spoof,true,True,-0.4089710308031169,0.45780907096513296,-1.0,-0.05435364928499098,-0.054353649284987426,16
spoof,true,True,0.0011810487385941165,0.0011810487385941165,0.0,0.0023620974771887404,0.0023620974771878522,14
spoof,honest_fp,False,0.0,0.0,0.0,0.0,0.0,16
spoof,fabricated,False,-2.609434877447481,0.0,-2.6094348774474803,-2.6094348774474767,-2.6094348774474794,14
spoof,fabricated,False,-6.552722199183846,0.0,-6.552722199183844,-6.55272219918384,-6.552722199183843,15
spoof,fabricated,False,-2.0,0.0,-2.0,-2.0,-1.9999999999999991,11
spoof,true,False,-3.3612000154649757,0.0,-3.361200015464977,-3.361200015464977,-3.361200015464977,19
spoof,true,True,-2.0,0.0,-2.0,-2.0,-2.0,14
spoof,honest_fp,False,-1.8656484745586182,2.9802322387695312e-08,-1.8656484745586184,-1.8656484745586184,-1.8656484745586184,22
spoof,true,True,0.45744586732112213,0.7852349215578948,1.8910821322479823,0.02735498784306145,1.891082132247984,13
spoof,true,True,-0.6084130645124757,0.45216564522972497,-1.0,-0.0862971505291128,-0.08629715052911102,14
spoof,true,True,1.8921134795679404,2.1073424255447017e-08,1.8921134795679393,1.8921134795679393,1.8921134795679393,19
spoof,true,True,1.3987969771451423,0.4558350688052207,0.9724023140587263,1.8861051635296135,0.9724023140587281,15
spoof,true,True,0.9797942982283162,1.4901161193847656e-08,0.979794298228315,0.9797942982283132,0.9797942982283168,13
spoof,honest_fp,False,-2.0000000000000004,0.0,-2.0,-2.0,-2.0,12
spoof,honest_fp,False,0.0,0.0,0.0,0.0,0.0,16
spoof,honest_fp,False,0.0,0.0,0.0,0.0,0.0,15
spoof,honest_fp,False,-2.0,0.0,-2.0,-2.0,-2.0,18
spoof,fabricated,False,-2.360769395654132,0.0,-2.360769395654131,-2.360769395654131,-2.360769395654131,16
spoof,fabricated,False,-4.504236186869746,8.429369702178807e-08,-4.504236186869747,-4.5042361868697505,-4.504236186869747,22
spoof,fabricated,False,-3.563812623396023,0.7454908577619676,-2.0728309078720883,-3.936558052277011,-3.936558052277011,15
spoof,fabricated,False,-2.701528001082985,2.9802322387695312e-08,-2.701528001082984,-2.701528001082984,-2.701528001082986,17
spoof,true,False,-0.048433330998292945,9.313225746154785e-10,-0.048433330998292945,-0.048433330998292945,-0.048433330998292945,13
spoof,true,True,0.6217622107903078,0.8390551183449365,1.6493906637981297,-0.06332342454824058,-0.06332342454824236,20
spoof,true,True,1.8829230552651433,0.0,1.8829230552651417,1.8829230552651453,1.8829230552651417,12
spoof,true,True,-1.0,0.0,-1.0,-1.0,-1.0,23
spoof,true,False,-5.750374142272381,1.4600096599955427e-07,-5.750374142272385,-5.750374142272381,-5.750374142272381,15
spoof,honest_fp,False,-2.958331453470907,5.960464477539063e-08,-2.958331453470908,-2.958331453470908,-2.958331453470908,19
spoof,true,True,-2.0,0.0,-2.0,-2.0,-2.0,13
spoof,true,True,0.9123669107167394,0.856357044173187,1.768723954889925,0.056009866543554665,1.7687239548899267,16
spoof,true,True,0.9141588534107983,1.4901161193847656e-08,0.9141588534107967,0.9141588534108003,0.9141588534107985,14
spoof,fabricated,False,-2.1199147739228197,0.0,-2.119914773922819,-2.119914773922819,-2.119914773922819,16
spoof,fabricated,False,-2.4010918066680085,7.884953353001448e-08,-2.40109180666801,-2.40109180666801,-2.40109180666801,18
spoof,true,True,0.6300949803740904,0.4411425707553447,0.9559003609864769,0.03278511591804545,0.9559003609864769,17
spoof,honest_fp,False,0.0,0.0,0.0,0.0,0.0,16
spoof,honest_fp,False,-3.3111618321079854,4.2146848510894035e-08,-3.3111618321079845,-3.3111618321079845,-3.3111618321079854,20
spoof,honest_fp,False,0.0,0.0,0.0,0.0,0.0,22
spoof,true,True,-0.9999999999999996,0.0,-1.0,-0.9999999999999964,-1.0,17
spoof,true,True,1.8841865644403963,0.0,1.8841865644403963,1.8841865644403946,1.8841865644403963,17
spoof,true,True,0.6563169443161666,0.4332666968385539,0.9626827637130031,0.04358530552249107,0.9626827637130035,12
spoof,honest_fp,False,0.0,0.0,0.0,0.0,0.0,17
spoof,true,True,0.5211842902471506,0.4557678203791825,0.9098643934338577,-0.013250851634573735,-0.013250851634571958,19
spoof,true,True,0.0,0.0,0.0,0.0,0.0,17
spoof,true,True,0.42740042540196327,0.45670319876916776,0.9380101243966923,0.018912666206180262,0.018912666206180706,18
spoof,honest_fp,False,0.0,0.0,0.0,0.0,0.0,18
spoof,fabricated,False,-5.232474637351729,1.1920928955078125e-07,-5.232474637351729,-5.232474637351725,-5.2324746373517295,13
spoof,fabricated,False,-2.0,0.0,-2.0,-1.9999999999999964,-2.0,11
spoof,fabricated,False,-5.517169027635799,0.0,-5.5171690276357985,-5.517169027635797,-5.517169027635799,16
spoof,fabricated,False,-2.596628508976257,0.0,-2.5966285089762557,-2.596628508976252,-2.5966285089762557,17
spoof,true,False,-6.019066204839049,0.0,-6.019066204839049,-6.0190662048390475,-6.019066204839049,17
spoof,honest_fp,False,-3.5181819754477206,0.0,-3.518181975447721,-3.518181975447721,-3.5181819754477215,13
spoof,true,True,0.4344797896649397,0.4547722832137802,0.9596055899318525,0.040635439464757894,0.9596055899318525,14
spoof,true,True,0.8992027905312028,0.0,0.899202790531203,0.8992027905312057,0.8992027905312026,20
spoof,true,True,0.34215236236215063,0.43916169382992887,0.9367801067820372,0.017809956314941644,0.017809956314939868,17
spoof,honest_fp,False,0.0,0.0,0.0,0.0,0.0,14
spoof,fabricated,False,-6.613273688453952,0.0,-6.613273688453951,-6.613273688453949,-6.613273688453951,18
spoof,fabricated,False,-2.0,0.0,-2.0,-2.0,-2.0000000000000004,16
spoof,true,False,-0.02514807035862064,0.0,-0.025148070358621766,-0.025148070358620878,-0.025148070358620433,15
spoof,true,True,0.338056354296116,0.44372322804905184,0.9655577763063388,0.01934336313779994,0.02314244324272874,21
spoof,true,True,0.38683324213413295,0.4621381748716267,0.920464441464004,-0.013390157363271094,-0.013390157363271094,14
spoof,true,True,0.34773263445313307,0.5477755560581449,1.213783228627122,0.0002639972380737987,-0.00735310707524528,21
spoof,true,False,-0.02093145670954881,0.0,-0.020931456709549323,-0.020931456709548435,-0.020931456709548435,13
spoof,true,True,0.3607762207906682,0.46370489535368536,0.9678268250501851,-0.0021339085921958656,0.9678268250501851,19
spoof,true,True,0.4089875276710117,0.4574934522156626,0.9693002869673766,0.03544568814010152,0.9693002869673775,15
spoof,true,True,0.9692520110845209,0.0,0.9692520110845209,0.9692520110845209,0.9692520110845209,13
spoof,true,True,1.1398883723437987,0.9548026414751313,1.9468438872125322,0.010150651527571775,1.9468438872125322,12
spoof,true,True,0.5656375810165792,0.4609907179829608,0.9648672536986496,0.03333135077381666,0.9648672536986509,14
spoof,true,True,0.39208157120461196,0.5661568996117053,1.2254214893052993,0.002722954286577206,1.2254214893052993,19
spoof,honest_fp,False,-2.234727959141324,2.9802322387695312e-08,-2.234727959141324,-2.234727959141324,-2.2347279591413236,13
spoof,true,True,0.41530163527021735,0.47403409813225367,0.9527325342156683,-0.010931975207599365,-0.01093197520759892,16
spoof,true,True,0.8352911052062684,0.960751625145639,1.9246810502790588,-0.012012185405901654,-0.012012185405901654,16
spoof,true,True,0.38094832465380984,0.45992533472842,0.9202585842418713,-0.011277318682962445,-0.011277318682962445,19
spoof,true,True,0.40517351468169466,0.5689218079149645,1.209734851240201,0.005415723484508916,-0.002201380828810162,18
spoof,honest_fp,False,-1.7812173063870134,2.1073424255447017e-08,-1.7812173063870134,-1.7812173063870134,-1.781217306387013,12
spoof,honest_fp,False,0.0,0.0,0.0,0.0,0.0,21
spoof,true,False,0.0001116749297427333,1.8189894035458565e-12,0.0001116749297427333,0.0001116749297427333,0.0001116749297427333,17
spoof,true,True,0.6751873082317565,0.8619932266674754,0.9558973073583292,0.03388595600631916,0.9558973073583283,16
spoof,true,True,0.5084143485605075,0.47068433875960586,0.9790986873201142,0.03773000980090124,0.9790986873201133,10
spoof,true,True,1.0888229747139777,1.0033816164583966,1.2745458685949753,0.05067910101994677,1.2745458685949753,14
spoof,honest_fp,False,-2.485897307647962,5.1619136559035694e-08,-2.485897307647962,-2.485897307647962,-2.485897307647962,15
spoof,honest_fp,False,0.0,0.0,0.0,0.0,0.0,19
spoof,honest_fp,False,0.0,0.0,0.0,0.0,0.0,16
spoof,honest_fp,False,0.0,0.0,0.0,0.0,0.0,14
spoof,true,True,0.7937315576007422,0.893299260983653,0.9238543951211629,0.004887074549209558,-0.007533754194075648,13
spoof,true,True,0.22861961900198746,0.4216420507963791,0.9084969972103067,-0.032871680308904416,-0.032871680308904416,18
spoof,true,True,0.9499534780447796,0.0,0.9499534780447796,0.9499534780447796,0.9499534780447796,18
spoof,true,True,0.8876478983421294,0.0,0.887647898342129,0.887647898342129,0.8876478983421299,16
spoof,true,True,1.0108767447138114,1.0092820293084699,1.1755099474642972,-0.008170324420239794,-0.04138171711386596,14
spoof,honest_fp,False,-1.0760293505052136,0.0,-1.0760293505052125,-1.0760293505052125,-1.0760293505052134,17
spoof,true,True,-0.098958895106674,0.2327062424286908,-1.0,-0.03245166779449882,-0.04487249653778358,16
spoof,true,True,1.9832995923549646,3.650024149988857e-08,1.9832995923549657,1.9832995923549657,1.9832995923549657,16
spoof,true,True,-1.0000000000000002,0.0,-1.0,-0.9999999999999982,-1.0,14
spoof,true,True,-0.4905799256797888,0.579346544469732,-1.2567621441325336,-0.03952450440907462,-0.07273589710270079,11
spoof,honest_fp,False,-1.0761098799953852,1.4901161193847656e-08,-1.0761098799953857,-1.0761098799953857,-1.0761098799953848,19
spoof,fabricated,False,-2.177334754288549,0.0,-2.177334754288548,-2.177334754288548,-2.177334754288549,13
spoof,fabricated,False,-1.535309359212718,2.1073424255447017e-08,-1.535309359212718,-1.5353093592127163,-1.535309359212719,16
spoof,true,False,-0.004042270456337427,0.029333239335825503,-0.04804212946007702,0.015513222434211826,-0.04804212946007569,13
spoof,true,True,1.2079180526570907,0.9795505077277173,1.7294322449232933,2.5972726043990306,1.7294322449232933,13
spoof,true,True,0.5881787634404694,0.45447118704036416,0.9507213526563794,0.01846898038689382,0.9507213526563802,18
spoof,true,True,0.9798199469713839,1.0875229129564334,1.2737579074071403,0.03465876404361268,1.2737579074071395,17
spoof,true,False,-0.022815530966257904,0.026422483542697685,-0.07224747132848286,-0.008692119434194012,-0.07224747132848242,18
spoof,true,True,1.515179747491598,1.0195561435646148,1.6478647689439345,2.5972726043990306,-0.04861847442827072,15
spoof,true,True,1.3270793818771411,0.47815191372449634,0.9270287890530842,1.8985802287686493,0.9270287890530855,17
spoof,true,True,0.9340894680540442,1.0536712127723509e-08,0.9340894680540437,0.9340894680540437,0.9340894680540446,18
spoof,true,True,0.5877024344081389,0.4455090632429578,0.9167326834444269,-0.015519688825058608,-0.01551968882505772,17
spoof,true,True,0.9468225454288761,1.089019655942409,1.2266251388749279,0.008051816803190448,-0.019732606796242447,17
spoof,true,True,-1.5643987068020997,1.0385565955670104,-1.0,-0.0835411660959906,-2.729432244923293,16
spoof,true,True,-0.5142242801422174,0.4857757198577828,-1.0,-0.028448560284436653,-0.02844856028443532,20
spoof,true,True,-2.0,0.0,-2.0,-2.0,-2.0000000000000004,15
spoof,true,True,-0.2963207275031073,0.5025167316967873,-1.301170243464556,-0.035137824984703414,-0.06292224858413542,15
spoof,fabricated,False,-2.3054264709854526,5.1619136559035694e-08,-2.305426470985454,-2.3054264709854557,-2.3054264709854544,13
spoof,fabricated,False,-2.445606926612412,0.0,-2.4456069266124114,-2.445606926612413,-2.445606926612412,19
spoof,fabricated,False,-2.815591495672064,0.0,-2.815591495672063,-2.815591495672063,-2.8155914956720633,17
spoof,true,False,1.236769542528106,1.2427348043049036,1.8535066805891809,0.048556616254142426,1.8535066805891809,15
spoof,true,True,0.8799682849064241,1.8169431777417668,1.8878270221298736,-2.3955726110697864,1.8878270221298736,17
spoof,true,False,0.013510580623980861,0.011174540050454035,0.023365598620324946,0.0008398432001115452,0.0008398432001095468,16
spoof,honest_fp,False,0.0,0.0,0.0,0.0,0.0,20
spoof,true,False,0.8990976805262656,1.194708570955675,1.805037069617752,0.025629078189471244,-0.02419934318369843,20
spoof,true,True,1.4917926102925598,0.4705935015347108,0.958189735865159,1.9068170681805405,0.9581897358651585,16
spoof,true,True,0.8755384370573139,0.007981463170904106,0.8845885656210077,0.8684994481744432,0.8845885656210077,16
spoof,true,False,0.028376866783630883,0.011174540050454073,0.03823188477997519,0.015706129359760013,0.03823188477997452,16
spoof,true,False,-0.7870326087827066,0.8490579290332022,-1.8267318309286207,-0.060820371374465054,-0.11064879274763673,15
spoof,true,True,-0.5621720004698246,0.472908289242951,-1.0,-0.05137266768461757,-0.051372667684619566,13
spoof,true,True,0.36812369396415756,2.043051412722061,1.8673135655840394,-2.4160860676156215,-2.4160860676156215,20
spoof,true,True,-0.009050128563693305,0.00798146317089822,0.0,-0.016089117446565382,-0.01608911744656627,16
spoof,true,False,-1.3569238339664282,2.9802322387695312e-08,-1.3569238339664267,-1.3569238339664267,-1.3569238339664285,18
spoof,honest_fp,False,0.0,0.0,0.0,0.0,0.0,19
spoof,honest_fp,False,0.0,0.0,0.0,0.0,0.0,20
spoof,honest_fp,False,0.0,0.0,0.0,0.0,0.0,18
spoof,honest_fp,False,-0.9999999999999999,0.0,-1.0,-0.9999999999999964,-1.0,14
spoof,fabricated,False,-3.2541079103236514,0.0,-3.2541079103236488,-3.2541079103236505,-3.254107910323649,17
spoof,fabricated,False,-2.979424202435688,0.0,-2.9794242024356876,-2.9794242024356876,-2.979424202435688,16
spoof,fabricated,False,-3.133884793258734,4.2146848510894035e-08,-3.1338847932587335,-3.1338847932587335,-3.133884793258733,19
spoof,fabricated,False,-1.8293168081088922,0.0,-1.8293168081088904,-1.8293168081088922,-1.8293168081088913,16
spoof,true,False,-0.0007393404788320306,0.016039010881638355,-0.025403071608182337,0.00692041546611577,-0.025403071608181893,14
spoof,true,False,-0.08838725577300033,0.02952099328520164,-0.12431800027968443,-0.04655665443572765,-0.12431800027968443,18
spoof,honest_fp,False,0.0,0.0,0.0,0.0,0.0,12
spoof,true,False,0.0030762423845422937,0.018073086790812966,-0.02805367011092308,0.010859746172389606,-0.028053670110922635,16
spoof,true,False,0.47115728780086247,0.4778643573005676,0.9490216451014302,-0.006707069499704232,-0.0067070694997051206,18
spoof,true,False,2.127554178765473,4.2146848510894035e-08,2.1275541787654735,2.1275541787654735,2.1275541787654735,16
spoof,true,False,-0.010406295772798812,0.02164222453190268,-0.03333829554825307,0.010780085814824147,-0.03333829554825307,20
spoof,honest_fp,False,-2.0,0.0,-2.0,-2.0,-1.9999999999999996,14
spoof,honest_fp,False,-3.001858647410189,7.300048299977713e-08,-3.00185864741019,-3.00185864741019,-3.0018586474101894,17
spoof,true,False,-0.028664156364386715,0.01390481321988651,-0.053096638103545146,-0.025239703106036515,-0.0530966381035447,17
spoof,true,False,0.5635167479927984,0.47411634368963046,0.9816480606307945,0.025919346029660062,0.9816480606307945,16
spoof,true,False,-0.011259590605711278,0.0,-0.0112595906057118,-0.011259590605710912,-0.011259590605711356,17
spoof,true,False,0.021690362593091695,0.0,0.021690362593091983,0.02169036259309287,0.02169036259309154,20
spoof,true,False,-0.006156485609185414,0.02295881165181199,-0.029731771625330694,0.010843891624496393,-0.02973177162533025,16
spoof,honest_fp,False,0.0,0.0,0.0,0.0,0.0,13
spoof,honest_fp,False,0.0,0.0,0.0,0.0,0.0,14
spoof,true,False,-0.06387245119108098,0.02454788199676454,-0.09556363057712591,-0.04485774355945438,-0.09556363057712569,16
spoof,true,False,2.9537761025551488,1.083031151359436,2.089816122226482,4.3114275002144815,2.089816122226482,18
spoof,honest_fp,False,-2.0,0.0,-2.0,-2.0,-1.9999999999999998,12
spoof,true,False,0.047678558230306124,0.0,0.04767855823030587,0.04767855823030587,0.0476785582303062,14
spoof,true,False,-0.018208538222756882,0.025352943508835622,-0.0435614817315928,0.007144405286078737,-0.04356148173159291,12
spoof,true,False,0.011828373276101227,0.0,0.01182837327610109,0.01182837327610109,0.01182837327610109,13
spoof,true,False,1.5498244652891917,0.0,1.5498244652891922,1.5498244652891913,1.5498244652891913,15
spoof,true,False,-1.3532826616353986,1.083031151359437,-2.2172426419640665,0.004368736023936393,0.0043687360239358375,18
spoof,true,False,1.8976746528710757,3.650024149988857e-08,1.8976746528710766,1.8976746528710748,1.8976746528710757,18
spoof,fabricated,False,-2.6791049795617297,5.960464477539063e-08,-2.67910497956173,-2.67910497956173,-2.679104979561731,21
spoof,fabricated,False,-3.086603961816009,0.0,-3.0866039618160084,-3.0866039618160084,-3.0866039618160093,12
spoof,fabricated,False,-4.95063262958808,0.0,-4.950632629588078,-4.9506326295880765,-4.950632629588077,16
spoof,true,False,-0.057064064829172464,0.02189769756663596,-0.017424273452181005,-0.053536091626119386,-0.07711950847276672,15
spoof,honest_fp,False,-1.9999999999999996,2.1073424255447017e-08,-2.000000000000001,-2.0,-2.0,15
spoof,true,False,-0.04208006484523482,0.017664476882601064,-0.056045060001337355,-0.019736072595470944,-0.056045060001336466,13
spoof,true,False,1.2480283244654493,1.016497636021349,2.0779951687979965,0.003078057966627412,0.003078057966627412,15
spoof,true,False,0.003095378611893857,0.023921644245870132,0.04940831703342763,0.0015434123175808168,-0.022040004529067403,18
spoof,honest_fp,False,0.0,0.0,0.0,0.0,0.0,14
spoof,honest_fp,False,-2.0,0.0,-2.000000000000001,-2.0,-2.0,17
spoof,true,False,-0.025761741633186317,3.2927225399135965e-10,-0.02576174163318612,-0.02576174163318612,-0.02576174163318612,18
spoof,true,False,0.023932356127950246,0.0,0.02393235612794964,0.023932356127950527,0.023932356127950527,19
spoof,true,False,-0.0166954991985476,0.0,-0.016695499198547736,-0.016695499198547736,-0.016695499198546848,13
spoof,true,False,0.0052940619714795245,0.018154493702933316,-0.012860431731454014,0.02344855567441151,-0.012860431731453126,16
spoof,true,False,1.1758538120789517,1.029321499937334,2.0836300480676755,0.008712937236305507,2.0836300480676755,16
spoof,true,False,0.014656160625461125,0.026738046821019164,0.06518555726761566,0.0003220862010326897,0.06518555726761566,14
spoof,honest_fp,False,-2.3485390046955748,0.0,-2.348539004695577,-2.3485390046955743,-2.348539004695575,16
spoof,fabricated,False,-2.218584274065097,2.9802322387695312e-08,-2.2185842740651003,-2.218584274065096,-2.2185842740650985,13
spoof,fabricated,False,-2.559649572128092,0.0,-2.5596495721280936,-2.559649572128091,-2.5596495721280927,16
spoof,true,False,-0.5332337762441471,0.8996776438394432,-2.175520938824671,-0.03720358615410291,-0.0685012425568341,13
spoof,true,False,-1.0773399511177373,0.0,-1.0773399511177368,-1.0773399511177377,-1.0773399511177368,14
spoof,honest_fp,False,0.0,0.0,0.0,0.0,0.0,18
spoof,true,False,0.8317015930295518,1.040843167552523,-0.07796054704391864,-0.008798274375791948,-0.04009593077852269,17
spoof,true,False,1.1244513670919933,1.0831319918169906,2.137628571600297,-0.03346543806035385,-0.03346543806035385,15
spoof,true,False,0.46430327025720985,0.47417828678187135,0.9384815570390801,-0.009875016524661717,-0.009875016524661273,12
spoof,honest_fp,False,-1.8375680487919053,2.9802322387695312e-08,-1.8375680487919075,-1.8375680487919066,-1.8375680487919057,14
spoof,true,False,-0.011740787564938028,1.6463612699567982e-10,-0.011740787564938238,-0.011740787564938238,-0.011740787564938238,19
spoof,true,False,0.900559762456724,1.0262332564974437,0.02003912888639192,0.042790606139456955,0.02003912888639281,17
spoof,true,False,-0.09096422586314235,1.3170890159654386e-09,-0.0909642258631429,-0.09096422586314201,-0.09096422586314201,20
spoof,true,False,-0.0020626161541214827,0.0,-0.0020626161541219545,-0.0020626161541210664,-0.0020626161541215104,16
spoof,true,False,1.1149184037306883,1.0855470048303255,2.200465408561014,0.029371398900362777,2.200465408561014,16
spoof,true,False,0.30843003473700614,0.4408241301960539,0.9573055850700927,0.008949011506350857,0.9573055850700927,19
spoof,honest_fp,False,0.0,0.0,0.0,0.0,0.0,12
spoof,fabricated,False,-1.0,0.0,-1.0,-1.0,-1.0,22
spoof,true,True,-0.7004797456997539,2.5321095954880346,2.170662660880973,-2.933590506373651,-2.933590506373652,16
spoof,true,False,0.009410565724431455,0.008755805270271175,0.01869749964646772,0.0011555133492890945,0.0011555133492873182,17
spoof,true,False,0.06944210044606847,0.04134233643081013,0.1130207494175064,0.03022131637177594,0.030221316371773277,19
spoof,true,True,-2.0000000000000004,0.0,-2.0,-2.0,-2.0,18
spoof,true,True,1.165255281433431,1.1144116405090494,2.207691918087818,-0.026100874743011815,-0.026100874743012703,15
spoof,true,True,0.9499628312331053,1.8250120749944284e-08,0.9499628312331048,0.9499628312331048,0.9499628312331048,20
spoof,honest_fp,False,0.0,0.0,0.0,0.0,0.0,14
spoof,true,False,0.028526126940754657,0.0,0.028526126940754182,0.028526126940754182,0.02852612694075507,15
spoof,true,True,0.3939089215168107,2.455379001685366,2.2500009823366725,-2.85425218491795,2.2500009823366742,11
spoof,true,False,0.03101876882192407,0.00859378310059769,0.04154396060023302,0.024001974303050844,0.04154396060023302,20
spoof,true,False,0.08759915577860178,0.04107500785052857,0.12382390773611007,0.04102447469037784,0.12382390773610918,16
spoof,true,True,1.3365495610825715,1.1054407459326234,2.2938893294386418,0.06009653660781211,2.2938893294386427,14
spoof,true,True,2.7018113260695102,0.0,2.7018113260695085,2.7018113260695102,2.7018113260695085,17
spoof,honest_fp,False,0.0,0.0,0.0,0.0,0.0,14
spoof,honest_fp,False,0.0,0.0,0.0,0.0,0.0,16
spoof,honest_fp,False,0.0,0.0,0.0,0.0,0.0,19
spoof,fabricated,False,-3.287791462822263,0.0,-3.2877914628222626,-3.2877914628222626,-3.2877914628222626,6
spoof,fabricated,False,-5.862321724981915,1.884864366154897e-07,-5.862321724981916,-5.862321724981918,-5.862321724981916,18
spoof,fabricated,False,-2.8500257961540614,0.0,-2.8500257961540623,-2.850025796154064,-2.8500257961540614,16
spoof,true,True,1.1554157814752033,1.135210911992316,2.2906266934675177,0.020204869482887133,0.02020486948288802,16
spoof,true,False,0.006783626470518798,0.007431090479184598,0.0,0.014923978235140467,0.014923978235141355,11
spoof,true,False,0.9034824028135096,1.3040267314080565,2.2116129727437936,-0.012304892296807424,-0.007387368944735684,15
spoof,true,True,1.248076567753942,1.1371026364431116,2.300829044077334,0.0198653453766493,2.300829044077334,13
spoof,true,True,1.5193625343875634,0.4542719739388962,0.9629952640889687,1.8902740479199593,0.9629952640889679,15
spoof,honest_fp,False,0.0,0.0,0.0,0.0,0.0,17
spoof,honest_fp,False,-1.0,0.0,-1.0,-1.0,-1.0,15
spoof,true,False,0.04633001901613209,0.0,0.046330019016131985,0.046330019016131985,0.04633001901613287,17
spoof,true,True,1.2350560934491053,1.1326854118406482,2.294586277975265,0.024164453990636048,2.294586277975265,15
spoof,true,False,1.3997269907624375,0.006937105628718606,1.389515847759446,1.4044398259945865,1.3895158477594451,19
spoof,true,False,1.529132316705767,1.393029857235512,2.261888850149429,0.004503341270748251,2.261888850149428,9
spoof,true,True,1.1192552873881323,1.1404818493503424,2.259737136738474,-0.02122656196221051,-0.02122656196221051,14
spoof,honest_fp,False,0.0,0.0,0.0,0.0,0.0,20
spoof,true,False,-1.5947608723716864,0.0,-1.5947608723716868,-1.594760872371685,-1.594760872371686,14
spoof,true,False,0.31233983078104555,0.7065633168453205,2.1811801240200577,0.04743100075797635,0.01808261003520517,16
spoof,true,True,0.25269838760322383,0.7142554360958479,2.0732608766625464,-0.016962902724904083,-0.012045379372833231,15
spoof,fabricated,False,-2.0,0.0,-2.0,-2.0,-2.0,17
spoof,fabricated,False,-0.44363272970140516,0.4542719739388947,-1.0,-0.0727212161690094,-0.0727212161690085,15
spoof,true,True,1.1880676924453026,1.1135992233740462,2.2379791089411167,0.006917348887510499,0.006917348887510166,17
spoof,true,False,-0.5381956075119236,0.7056227211624437,0.041500388754206696,-1.4126586719806458,0.04150038875420603,15
spoof,true,True,1.9201025383254153,2.9802322387695312e-08,1.9201025383254162,1.9201025383254162,1.9201025383254156,18
spoof,true,True,2.419973977490712,5.1619136559035694e-08,2.419973977490711,2.419973977490713,2.419973977490711,17
spoof,true,True,-2.744526495714922,2.9802322387695312e-08,-2.744526495714922,-2.744526495714922,-2.744526495714922,17
spoof,true,True,0.6193429419592621,0.4374733400101031,0.9286833072687362,0.0006622113403178531,0.0006622113403179641,15
spoof,honest_fp,False,-2.0,0.0,-2.0,-2.0,-2.0,18
spoof,true,True,1.1627967630006484,1.1155308800268027,2.2783276430274526,0.0472658829738446,2.2783276430274517,18
spoof,true,False,-0.01875817505521198,0.015393684571612108,-0.017404952624950454,-0.025707078770130565,-0.025707078770130898,15
spoof,true,False,0.008868868419170168,0.015992710725510915,-0.0009246268011899872,0.034984855673462434,-0.00092462680118921,11
spoof,true,True,1.4064060106224567,1.2926177614623495,2.699023772084807,0.11378824916010721,2.699023772084807,22
spoof,true,False,-0.8645603419587513,0.7044972164088112,-0.1101546270739604,-1.5015907628109275,-1.5015907628109275,20
spoof,true,False,-0.07916131349607407,0.017591981798062144,-0.10070700298086521,-0.06479752050621279,-0.10070700298086466,20
spoof,true,True,2.0102956513828594,1.0607891012497455,2.5642746920095814,-0.020960830915118578,-0.02096083091511869,14
spoof,true,True,0.4717868729405521,0.46401054796420804,0.9357974209047626,0.007776324976344284,0.9357974209047598,20
spoof,honest_fp,False,-3.3975794898419878,0.0,-3.397579489841986,-3.3975794898419878,-3.397579489841987,15
spoof,fabricated,False,-2.0,0.0,-2.0,-2.0,-2.0,18
spoof,true,False,0.7856521562657295,1.4110504440009382,0.029559692584085084,0.03443028274817195,-2.467351098285362,18
spoof,true,True,1.1461509861416577,1.131270580673954,2.2774215668156117,0.014880405467703639,2.2774215668156113,12
spoof,true,False,0.007285649417014323,0.019217232579288274,0.04298590622711096,-0.006037034160915056,-0.002715483938001806,18
spoof,true,True,1.0085505562354955,0.9474305009357015,1.955981057171197,0.061120055299795695,1.9559810571711973,14
spoof,true,True,1.7564242716764351,1.2302318766839313,2.6263295741114963,0.016613666806314598,0.016613666806314376,12
spoof,true,True,0.9775505943623077,0.0,0.9775505943623077,0.9775505943623095,0.9775505943623078,14
spoof,honest_fp,False,-1.0,0.0,-1.0,-1.0,-1.0,20
spoof,true,True,0.8582922371728978,1.0953480297511549,2.27238046301534,0.009839301667433631,0.009839301667431966,16
spoof,true,False,-0.01744551068806121,0.024356083113614962,-0.03782327183216516,0.011665576660657706,-0.037823271832164496,17
spoof,true,False,0.02500063077053341,0.01815250078570747,0.05595918575663816,0.012774402285383957,0.05595918575663861,16
spoof,true,False,0.24227195338463517,1.3536849144955632,2.490664050471217,-0.01048111634702309,2.4906640504712136,16
spoof,true,True,1.1739574317006534,1.288489749503802,2.684845588561549,0.07512968125636732,2.684845588561549,19
spoof,true,False,0.006440422583130212,0.004702434241371121,0.010434640657960514,9.517764441113741e-05,-5.892711599432942,16
spoof,true,False,-1.40465392648627,0.02474442424639628,-1.429398350732681,-1.3799095022398546,-1.4293983507326806,20
spoof,true,False,-0.018948578320855676,0.018119206956570277,0.009513298265835246,-0.030906967036539612,-0.02758541681362814,14
spoof,true,True,0.9585588143313691,0.947430500935701,1.9059893152670693,0.011128313395669664,0.011128313395667333,14
spoof,true,False,-1.871666684500724,1.4683570689260657,-2.719423033511678,-2.719423033511678,-5.231543877558764,16
spoof,honest_fp,False,0.0,0.0,0.0,0.0,0.0,17
spoof,fabricated,False,-5.278264904547789,5.960464477539063e-08,-5.278264904547791,-5.278264904547788,-5.27826490454779,16
spoof,fabricated,False,-5.821721240736655,1.1920928955078125e-07,-5.821721240736659,-5.821721240736652,-5.8217212407366565,15
spoof,true,True,1.0381367760225246,0.8889397032820251,1.8332286177973653,0.04427197380397274,1.8332286177973671,18
spoof,true,True,0.16650571315146112,0.35441558270390117,0.9846392670442654,-0.0020014372616579124,0.9846392670442654,19
spoof,true,True,0.9940132987815146,0.9799669731908986,1.9739802719724118,0.014046325590616249,1.9739802719724118,18
spoof,true,True,0.6818925185309006,0.45348564115347156,0.9842162792998828,0.0016640568006920375,0.9842162792998828,13
spoof,true,True,1.1978792006413295,0.4137713586274293,0.9589881953548272,1.9145522165008408,0.9589881953548254,16
spoof,honest_fp,False,0.0,0.0,0.0,0.0,0.0,20
spoof,honest_fp,False,-1.0,0.0,-1.0,-1.0,-1.0,17
spoof,true,True,0.9446246895806569,0.8932385732068576,1.7920252051564756,0.0030685611630829612,0.0030685611630829612,19
spoof,true,True,0.1886948547168199,0.356145076979866,0.9843868450289861,0.02129024012690195,0.013071661822944947,18
spoof,true,True,1.1670854762623697,0.9601676196389533,1.9510590548150883,-0.0088748915667054,-0.008874891566707177,15
spoof,true,True,0.4917874044715565,0.4912761112495944,0.9830635157211525,0.0005112932219617505,0.0005112932219617505,18
spoof,honest_fp,False,0.0,0.0,0.0,0.0,0.0,18
spoof,true,False,-3.5913940745548265,0.0,-3.5913940745548274,-3.5913940745548274,-3.5913940745548256,18
spoof,true,True,0.1834863934448902,0.37930227296428515,0.9418436280568798,-0.009064141373077206,-0.009064141373077206,15
spoof,true,True,-0.6479500974725213,0.46094152192399906,-1.0,-0.04443597885398631,-0.04443597885398631,19
spoof,honest_fp,False,-2.0,0.0,-2.0,-2.0,-2.0,15
spoof,fabricated,False,-3.493083195822312,0.0,-3.4930831958223116,-3.4930831958223116,-3.4930831958223116,13
spoof,fabricated,False,-2.8511370011841914,4.2146848510894035e-08,-2.851137001184192,-2.851137001184192,-2.851137001184192,17
spoof,fabricated,False,-5.896440545149033,0.0,-5.89644054514903,-5.89644054514903,-5.896440545149028,17
spoof,true,True,2.162235850170022,0.0,2.1622358501700205,2.162235850170024,2.1622358501700223,14
spoof,true,True,0.46550723430265833,0.43888442942240635,0.879291442571688,0.0,0.879291442571688,17
spoof,true,True,-0.017348552335896272,2.2779977469003536,1.9253344536465917,-2.6885376855618155,1.9253344536465917,19
spoof,true,True,0.9118461799657777,1.0536712127723509e-08,0.911846179965778,0.911846179965778,0.911846179965778,20
spoof,true,True,0.9441922902991767,0.0,0.9441922902991742,0.9441922902991777,0.944192290299176,17
spoof,true,True,-1.4137842082690295,0.4388844294224059,-1.0,-1.879291442571688,-1.879291442571688,17
spoof,true,True,2.565233348288072,0.0,2.5652333482880714,2.5652333482880714,2.5652333482880714,11
spoof,true,True,-0.04026593515708941,2.2779977469003536,1.902417070825397,-2.7114550683830103,-2.7114550683830103,19
spoof,fabricated,False,-4.136405431578185,1.1920928955078125e-07,-4.136405431578186,-4.136405431578185,-4.136405431578186,14
spoof,fabricated,False,-0.07810371431343602,0.0,-0.07810371431343555,-0.07810371431343555,-0.07810371431343732,15
spoof,true,True,2.06786510551674,0.0,2.0678651055167414,2.0678651055167414,2.0678651055167414,13
spoof,true,True,0.5501180574008081,0.4349065108434502,0.8939418432763127,0.0,0.8939418432763127,13
spoof,true,True,1.982363079485269,6.322027276634104e-08,1.9823630794852711,1.9823630794852711,1.9823630794852676,20
spoof,true,True,0.3855618924407087,0.4371860924663784,0.8812843255787648,0.0,0.881284325578763,16
spoof,true,True,0.541002381433482,0.44190120114632997,0.9362508314742826,0.04694181888248394,0.9362508314742826,18
spoof,true,True,-1.5363651059657875,0.4379402751500036,-1.0,-1.8939418432763127,-1.8939418432763127,20
spoof,true,True,-1.5184025444580964,0.43372668660164265,-1.0,-1.8812843255787648,-1.881284325578763,17
spoof,honest_fp,False,-0.9999999999999998,0.0,-1.0,-1.0,-1.0,14
spoof,true,True,1.8805751423650328,2.1073424255447017e-08,1.880575142365032,1.880575142365032,1.8805751423650356,12
spoof,true,True,0.5190358130139636,0.4376760600423822,0.885221877022353,-0.004087135569449174,-0.004087135569449174,17
spoof,honest_fp,False,0.0,0.0,0.0,0.0,0.0,15
spoof,honest_fp,False,-1.7571835491063932,0.0,-1.7571835491063936,-1.7571835491063936,-1.7571835491063919,14
spoof,true,True,-0.6824448620230132,1.2145308777859274,1.9934774614802713,-1.8272270080771236,1.9934774614802713,12
spoof,true,False,0.04282070059943042,0.016830793810845294,0.05383904154863117,0.01711123838463635,0.05383904154862762,20
spoof,true,True,0.26210333968700583,0.40728965427432645,0.8930711818390016,0.0,-0.003199711505303071,17
spoof,true,True,1.983947406681137,0.0,1.9839474066811391,1.9839474066811391,1.9839474066811391,19
spoof,true,True,0.4961671781338147,0.42891961050196786,0.8973847353755353,0.0376328270004187,0.0376328270004187,15
spoof,true,True,0.8958521648052622,0.0,0.8958521648052624,0.895852164805266,0.8958521648052624,21
spoof,true,True,0.1385252605273135,0.46142551618949634,1.9190542489304718,-0.017307397537155822,0.06434415981788533,16
spoof,true,False,-1.5679264251070464,0.017313652450224058,-1.5556838240523803,-1.5924116272163715,-1.5924116272163786,21
spoof,true,True,-1.632935021450046,0.4085670012244114,-1.0,-1.8978486172771234,-1.9010483287824265,17
spoof,honest_fp,False,-2.0,0.0,-2.0,-2.0,-2.0,12
spoof,true,True,0.12097508825257201,0.4354734780245832,1.9596116729969708,-0.020226130160015288,-0.02022613016001884,19
spoof,true,True,0.2664193424178083,0.4096560286825371,0.9010483287824265,0.0,0.9010483287824265,17
spoof,true,True,0.423601825951645,0.4244835684822029,0.9213529308003992,0.06160102242528254,0.9213529308003992,19
spoof,honest_fp,False,-2.0,0.0,-2.0,-2.0,-2.0,14
spoof,fabricated,False,-1.1165265929657568,1.1354452977585947,1.8601313641691455,-1.898539029947468,-1.8985390299474751,17
spoof,true,True,0.45607439389206894,0.46494989300200024,0.946174613804704,0.014984195970697556,0.014984195970697556,19
spoof,true,False,0.9830997952007837,0.0,0.9830997952007827,0.9830997952007845,0.9830997952007827,16
spoof,true,True,1.225891769131275,0.9292431672005094,1.945680431360195,0.026243998749739816,0.026243998749739816,16
spoof,true,False,2.131136914940659,0.0,2.13113691494066,2.13113691494066,2.13113691494066,25
spoof,true,True,0.5356818923802174,0.4647889828421368,0.9738891478315139,0.04269872999750923,0.9738891478315148,17
spoof,true,True,1.1689489762351308,0.9446563156696093,1.959305154368849,0.039868721758391956,1.9593051543688471,17
spoof,honest_fp,False,0.0,0.0,0.0,0.0,0.0,17
spoof,true,True,-2.0,0.0,-2.0,-1.9999999999999982,-1.9999999999999991,20
spoof,true,False,-0.016897585135599986,0.0,-0.01689758513560058,-0.01689758513560058,-0.01689758513559969,18
spoof,honest_fp,False,-2.2986148273114004,2.9802322387695312e-08,-2.2986148273114004,-2.2986148273113987,-2.2986148273113995,17
spoof,honest_fp,False,0.0,0.0,0.0,0.0,0.0,21
spoof,honest_fp,False,-1.630586255242703,0.0,-1.6305862552427026,-1.6305862552427026,-1.6305862552427017,15
spoof,true,False,0.5971266206206433,0.9016210887208477,1.993912005102743,0.015132710419768713,0.015132710419769213,17
spoof,true,True,-1.5327392928372827,0.4543215954547593,-1.0,-1.9201860512643982,-1.9201860512643973,19
spoof,true,False,0.22142556320794568,0.38275518518779855,0.9111504515683624,0.003465968036778122,-0.015801009168510405,17
spoof,true,True,0.841660836694506,0.9544452625356172,1.908763080610644,-0.012020958438403895,-0.012020958438403062,18
spoof,true,False,0.7534299384353252,0.9481467890100455,2.0255023421600953,0.04672304747712097,2.0255023421600953,14
spoof,true,True,0.6134573675095983,0.43377986453488526,0.9201860512643991,0.0,0.9201860512643973,12
spoof,true,False,0.23902090156057,0.39333622941879937,0.9480282625995109,0.010543594019297942,0.9480282625995091,17
spoof,true,True,1.14661505695317,0.9505415845715169,1.9698082165456192,0.049024177496573174,1.9698082165456174,14
spoof,true,True,1.9441107678141019,2.9802322387695312e-08,1.9441107678141032,1.9441107678141023,1.9441107678141023,16
spoof,honest_fp,False,0.0,0.0,0.0,0.0,0.0,18
spoof,true,False,-2.112560700018284,0.0,-2.1125607000182836,-2.1125607000182836,-2.1125607000182836,18
spoof,true,False,0.23304114977900123,0.39968594616376873,0.8957157639390152,-0.006343479122467244,-0.025610456327755327,15
spoof,true,False,-2.7690979393338813,0.0,-2.7690979393338804,-2.7690979393338804,-2.769097939333881,15
spoof,true,True,-1.9999999999999996,2.9802322387695312e-08,-2.0,-2.0,-2.0,19
spoof,true,False,-1.7917208358690737,2.9802322387695312e-08,-1.7917208358690733,-1.7917208358690733,-1.7917208358690737,19
spoof,honest_fp,False,0.0,0.0,0.0,0.0,0.0,19
spoof,honest_fp,False,0.0,0.0,0.0,0.0,0.0,16
spoof,fabricated,False,-1.9999999999999996,2.9802322387695312e-08,-2.0,-2.0,-2.0,17
spoof,true,True,-0.44234408066582037,0.466568416267019,-0.9999999999999991,-0.05198493713189478,-0.05198493713189456,17
spoof,true,False,-0.00873499773905755,0.0,-0.008734997739057171,-0.008734997739056283,-0.00873499773905706,14
spoof,true,False,2.602787719093577,0.0,2.6027877190935778,2.602787719093577,2.6027877190935778,19
spoof,true,True,1.1425183139942081,0.9292646452053628,1.901259719581403,0.004406205613417313,0.004406205613416148,20
spoof,true,True,1.1778631249283429,0.922380752975095,1.9070691372539512,0.01113350520737022,0.01113350520737022,13
spoof,true,False,-1.2954469532673514,1.0182204128321721,-2.1077058497326258,-0.019040115964777726,-0.019040115964778503,18
spoof,true,True,1.4553728163401416,0.4729530083671206,0.9497647828104858,1.897779845678592,0.9497647828104855,15
spoof,true,True,1.4770664560880666,0.821361665177028,1.9512798345800633,0.05442632061207675,1.9512798345800628,16
spoof,true,True,0.8387116157406259,0.9360764598065346,1.9363585606096994,0.04042292856311924,1.9363585606096991,19
spoof,true,False,-0.7773146208479366,1.2466935180763745,0.005429243962849384,-0.05912503096850763,0.005429243962849661,17
spoof,true,True,-2.0,0.0,-1.9999999999999991,-1.9999999999999991,-2.0,16
spoof,honest_fp,False,-3.033827064600853,0.0,-3.0338270646008523,-3.0338270646008523,-3.0338270646008527,18
spoof,honest_fp,False,-2.0,0.0,-1.9999999999999991,-1.9999999999999991,-2.0,13
spoof,fabricated,False,-1.2650887785760387,1.061551780169245,-0.009043773501503871,-2.1622637822007063,-2.1622637822007067,12
spoof,true,False,1.2174866239970354,1.7271054853682584,1.989871677916275,1.9898716779162733,1.9898716779162733,18
spoof,true,True,0.0,0.0,0.0,0.0,0.0,13
spoof,true,False,0.27571609598510854,0.42402141888461664,0.932563917393411,0.006761522784419327,-0.0018729524863712044,17
spoof,true,False,-0.0827095687412218,2.9032758710663127,2.6052015878766337,-3.21860591812872,2.6052015878766337,13
spoof,true,True,0.7722063390031868,0.9111644471186949,1.914411421078098,0.04534855950097061,1.914411421078098,18
spoof,true,True,2.8130770040713586,0.989087435569858,1.9284103074213004,3.9189103748839322,1.9284103074213013,9
spoof,true,False,0.577665662234295,1.5629772798614014,1.9866965574856277,0.008889427195772015,-2.647613766029803,15
spoof,true,True,0.9405579469407566,1.0536712127723509e-08,0.9405579469407552,0.9405579469407552,0.9405579469407566,15
spoof,true,False,0.34148108563522783,0.44844711308566704,0.9431295387491829,0.0036050512273178015,0.9431295387491838,14
spoof,true,True,1.0460608698589877,0.9317624426850418,1.9087052675099692,0.03964240593284174,0.039642405932842184,13
spoof,true,True,-0.562416617943655,0.8915513662160776,-2.0,-0.009499932537368139,-0.009499932537368583,18
spoof,honest_fp,False,0.0,0.0,0.0,0.0,0.0,17
spoof,honest_fp,False,0.0,0.0,0.0,0.0,0.0,16
spoof,honest_fp,False,0.0,0.0,0.0,0.0,0.0,14
spoof,true,False,-1.8292244642240314,1.5529593549278422,-2.122511425601079,0.5339917676244976,-2.122511425601078,16
spoof,true,False,0.1994954445390504,0.38876664446408793,0.9162853156679187,-0.008458909816617677,-0.017093385087407764,22
spoof,true,False,-0.538062051116978,2.9054256498659266,2.567968618752543,-3.2558388872528106,-3.2558388872528097,15
spoof,honest_fp,False,0.0,0.0,0.0,0.0,0.0,15
spoof,honest_fp,False,-1.0000000000000002,0.0,-1.0,-1.0,-1.0,20
spoof,fabricated,False,-2.2367194543275835,0.0,-2.2367194543275843,-2.2367194543275843,-2.2367194543275826,16
spoof,fabricated,False,-2.5884703309213712,0.0,-2.5884703309213712,-2.5884703309213712,-2.5884703309213712,12
spoof,true,True,1.9033986844042958,5.1619136559035694e-08,1.9033986844042978,1.903398684404296,1.903398684404296,14
spoof,true,True,0.8414191242293033,0.6281856355828366,1.3096410521133492,-0.0013803459619783354,-0.001380345961976559,14
spoof,true,True,0.24633189644551567,0.4149630560578349,0.9650122208491041,0.0004355880652546773,0.9650122208491014,16
spoof,true,True,0.33733878582941706,0.4527766129882035,0.9775895589592025,0.013037951260335134,0.9775895589592007,18
spoof,true,True,0.35534223205206966,0.46303460379234,0.9531173351205666,-0.003322829789027537,-0.003322829789026649,16
spoof,true,True,0.5713360604334232,0.48443920568541116,0.9844672031649147,0.00328073917762417,0.9844672031649129,19
spoof,true,True,0.7716379096106271,0.9450864386213417,1.950367794346434,0.013882983709036623,1.950367794346434,23
spoof,honest_fp,False,0.0,0.0,0.0,0.0,0.0,7
spoof,true,False,0.002878348288243515,0.0,0.0028783482882452915,0.002878348288243515,0.0028783482882444034,17
spoof,true,True,0.6763282259118417,0.6555106990376628,1.3318389249495048,0.020817526874179038,1.3318389249495048,18
spoof,true,True,0.19847619311021042,0.38038787679465225,0.9592503721008008,0.008679615296943055,0.007030233315846068,20
spoof,true,True,2.6827580524334578,7.884953353001448e-08,2.68275805243346,2.682758052433458,2.68275805243346,22
spoof,true,True,0.29418450330569385,0.4260474757734947,0.9211612384481391,0.010177930332140761,-0.011926082556485085,19
spoof,true,True,0.21806764285355257,0.3982166041106464,0.9629818328983681,0.0005284418344704278,0.0005284418344704278,18
spoof,true,True,0.41011434595965174,0.46878919703555366,0.9512020903325826,0.011417508287486555,-0.01068650460113929,14
spoof,true,True,0.44825419272270667,0.47680313094780835,0.9632604353663332,0.006820270456740829,0.9632604353663323,13
spoof,true,True,0.6716549250040347,0.45479209811132953,0.9782756950000646,-0.002910768987227641,-0.0029107689872258646,16
spoof,true,True,1.2569619697014376,0.9278810729959347,1.9485636877862227,0.012078877148825384,0.012078877148825384,14
spoof,honest_fp,False,-2.0,4.2146848510894035e-08,-2.0,-2.0,-2.0,17
spoof,fabricated,False,-3.202588729103938,9.424321830774485e-08,-3.2025887291039403,-3.2025887291039385,-3.2025887291039385,19
spoof,true,True,-0.7219956334455592,0.6423458921767049,-1.3276051484128537,-0.04068492910735344,-0.04068492910735255,17
spoof,true,True,-0.11912669286694647,0.2796027227444988,-1.0,-0.01982348646263077,-0.05173227025606941,11
spoof,true,True,1.3736290873146941,1.355942676393619,2.729571763708316,0.01768641092107437,2.729571763708316,24
spoof,true,True,-0.4419876562395473,0.48366032318075913,-1.0,-0.01800445466520273,-0.06690691167902774,14
spoof,true,True,0.2683825669059061,0.418160186813501,0.916193542736174,-0.0015386730233721835,-0.0015386730233721835,17
spoof,true,True,-0.2222222222222222,0.41573970964154905,-1.0,0.0,-1.0,18
spoof,true,True,1.967039731145854,0.0,1.967039731145853,1.9670397311458565,1.9670397311458547,16
spoof,honest_fp,False,0.0,0.0,0.0,0.0,0.0,15
spoof,true,True,1.8344254148337258,0.6434601096527502,1.1909653051809777,2.477885524486478,1.190965305180974,18
spoof,true,True,1.8133156799243404,0.23638274295941894,0.9293542247912328,1.8680599210082693,0.9293542247912345,15
spoof,true,True,1.7885936148899073,1.2783950151708865,2.6925553991523223,-0.019329953634919406,-0.019329953634918517,18
spoof,true,False,-0.00986824514651177,0.0,-0.00986824514651019,-0.009868245146511967,-0.009868245146511079,18
spoof,true,True,1.5829666461822103,0.43364894719513825,0.9698473045320029,1.8760676085850356,0.9698473045320029,18
spoof,honest_fp,False,0.0,0.0,0.0,0.0,0.0,16
spoof,true,True,1.8927644213580295,0.0,1.8927644213580308,1.8927644213580308,1.892764421358029,13
spoof,true,True,-0.07309772992279415,0.22543538041530792,-1.0,-0.009562033526897551,-0.041470817320336195,18
spoof,true,True,-0.3697596708178377,0.4659472872406599,-1.0,-0.02687278426794215,-0.07577524128176805,17
spoof,true,True,0.38461404947596217,0.45244808399618947,0.9199578420023649,0.0022256262428168583,0.9199578420023649,12
spoof,true,True,-0.2222222222222222,0.41573970964154905,-1.0,0.0,-1.0,18
spoof,honest_fp,False,0.0,0.0,0.0,0.0,0.0,17
spoof,honest_fp,False,0.0,0.0,0.0,0.0,0.0,19
spoof,fabricated,False,-3.9986836013321985,4.2146848510894035e-08,-3.9986836013322,-3.9986836013321962,-3.9986836013322,15
spoof,fabricated,False,-0.25,0.4330127018922193,-1.0,0.0,-1.0,16
spoof,true,True,-0.41861656973586103,0.5476161769064194,-1.2400408350954883,-0.05353911846491499,-0.05353911846491499,13
spoof,true,True,-0.5294117647058824,0.49913419848462176,-1.0,0.0,-1.0,17
spoof,true,True,-0.6,0.4898979485566356,-1.0,0.0,-1.0,15
spoof,true,True,-0.4,0.4898979485566356,-1.0,0.0,-1.0,15
spoof,true,True,0.7290544357866906,0.9368138499053568,1.9859221061776893,0.030794618902802995,1.9859221061776893,14
spoof,true,False,3.199399761422009,0.0,3.1993997614220095,3.1993997614220078,3.1993997614220095,17
spoof,true,True,1.991201411637625,0.5246908009568267,1.1211001527752025,2.307601869405776,1.1211001527752025,15
spoof,true,True,2.6711528459090133,0.0,2.671152845909017,2.6711528459090133,2.6711528459090133,17
spoof,true,False,0.028845884063147142,0.0,0.028845884063148475,0.028845884063144922,0.0288458840631467,12
spoof,honest_fp,False,0.0,0.0,0.0,0.0,0.0,16
spoof,honest_fp,False,-3.3065279375949284,0.0,-3.3065279375949252,-3.3065279375949306,-3.306527937594927,18
spoof,honest_fp,False,0.0,0.0,0.0,0.0,0.0,15
spoof,true,True,-0.6,0.4898979485566356,-1.0,0.0,-1.0,15
spoof,true,True,-0.5625,0.49607837082461076,-1.0,0.0,-1.0,16
spoof,true,True,0.9156442164253279,0.0,0.9156442164253278,0.9156442164253278,0.9156442164253278,17
spoof,true,True,-0.46153846153846156,0.4985185152621431,-1.0,0.0,-1.0,13
spoof,true,True,0.5855394890923862,0.9062258445754464,1.9296896365938707,-0.02543785068101556,-0.02543785068101556,16
spoof,fabricated,False,-2.0,0.0,-2.0,-2.0000000000000036,-2.0,21
spoof,true,True,1.975097999457431,0.0,1.9750979994574323,1.9750979994574305,1.9750979994574323,11
spoof,true,True,-0.5595399476368869,0.5457491608527355,-1.1783613295676822,-0.07823442835737815,-0.07823442835737815,16
spoof,true,True,-0.300336042713744,0.4516593551259239,-1.0,-0.007615837631352207,-0.01504987512164746,17
spoof,true,True,-0.47058823529411753,0.49913419848462165,-1.0,0.0,-1.0,17
spoof,true,True,0.44459927044620295,0.4558472875869144,0.9004465580331207,-0.011248017140710331,-0.01124801714071122,16
spoof,true,True,0.48872557823399476,0.4310154464544638,0.8688454724159911,0.0,0.8688454724159902,16
spoof,true,True,0.9315322234840391,0.9577845944170668,1.955447024238012,0.03560677282431435,1.9554470242380102,15
spoof,honest_fp,False,0.0,0.0,0.0,0.0,0.0,17
spoof,honest_fp,False,0.0,0.0,0.0,0.0,0.0,17
spoof,honest_fp,False,0.0,0.0,0.0,0.0,0.0,18
spoof,true,False,3.0974899825545483,0.0,3.097489982554549,3.097489982554551,3.097489982554549,18
spoof,true,True,1.7072851300374836,0.5414307072690961,1.0601516587373077,2.1602785599476118,1.060151658737304,17
spoof,true,True,1.572331536022355,0.4559528289354161,0.896055938912852,1.8763948971907194,0.8960559389128493,16
spoof,true,False,0.12792240776425923,1.862645149230957e-09,0.12792240776425956,0.12792240776425956,0.12792240776425956,16
spoof,honest_fp,False,0.0,0.0,0.0,0.0,0.0,14
spoof,true,True,-0.3171287200159585,0.460411447942003,-1.0,-0.00461116660048333,-0.012045204090778583,16
spoof,true,True,-0.5714285714285713,0.4948716593053934,-1.0,0.0,-1.0,14
spoof,true,True,0.3758104066550397,0.44663730208787195,0.9228271517593392,0.011132576585508147,0.9228271517593374,20
spoof,true,True,-1.3801198941819957,0.4310154464544643,-1.0,-1.868845472415991,-1.8688454724159893,16
spoof,true,True,0.9298210870604593,0.9577845944170662,1.9537358878144317,0.03389563640073412,0.03389563640073412,15
spoof,fabricated,False,-2.590726473642413,4.2146848510894035e-08,-2.590726473642416,-2.5907264736424125,-2.5907264736424125,12
spoof,fabricated,False,-2.728186195143427,0.0,-2.728186195143426,-2.728186195143426,-2.728186195143426,17
spoof,true,True,0.9385988702612379,1.4901161193847656e-08,0.938598870261238,0.938598870261238,0.938598870261238,15
spoof,true,True,-0.6783050633207324,2.141951932697257,1.881817166458129,-2.4703906241659332,1.8818171664581271,17
spoof,true,True,0.4705782118656068,0.4637462807824829,0.9593564049335086,0.028278831797091897,0.9593564049335086,19
spoof,true,False,1.9345278217826405,2.1073424255447017e-08,1.9345278217826412,1.9345278217826412,1.9345278217826412,19
spoof,true,False,0.0013933221295026226,0.0023041707877203654,-0.0017681579652659707,-0.002320602469460198,-0.002320602469460198,13
spoof,true,True,0.649410984016922,0.8763116450261063,1.949191203230308,0.058601793465381746,1.9491912032303063,16
spoof,true,False,0.008765836338972655,0.006714137061228021,-0.0017228230433374847,0.00256374632538936,-0.0017228230433383729,14
spoof,true,False,0.013978597993344444,0.008840841630965534,0.0,0.0195700371906824,0.0195700371906824,14
spoof,true,True,0.3785864669586407,0.4468840567993926,0.894601813909345,-0.008552930969131012,-0.005819222088730314,21
spoof,true,False,-0.0010617176054447735,0.0035188103298264264,-0.006791510419249747,-0.0006678151782217867,0.0011553597921398762,18
spoof,true,False,0.0006316198565036994,0.0041518114019108935,-0.005102131435670287,0.001973899466484852,0.008316263669797763,15
spoof,true,False,0.012345585924146363,0.014828648004277438,-0.011080217130045256,0.021519369844750003,-0.011080217130045256,17
spoof,true,False,0.013177776230566905,0.014577906997808211,0.0015486294352520247,0.03145214976606425,0.0015486294352511365,18
spoof,true,False,2.7167731368339467,0.00830126735961435,2.7018078142763677,2.72137785146705,2.7018078142763677,17
spoof,honest_fp,False,-3.3409032973053314,4.2146848510894035e-08,-3.3409032973053296,-3.3409032973053314,-3.3409032973053314,18
spoof,true,True,-0.6930236555189744,2.1419519326972574,1.8670985742598862,-2.485109216364176,-2.485109216364176,17
spoof,true,True,0.45992872909758264,0.465460944355036,0.9253422584135578,-0.009802318416117117,-0.0070686095357181955,18
spoof,true,False,0.0,0.0,0.0,0.0,0.0,11
spoof,true,False,0.002826011783553208,0.002506343701039581,0.0023907858965994677,-0.0012136409407013105,0.002390785896601244,14
spoof,true,False,0.014014175397396422,0.006052697454412204,-0.004017467954865239,0.015850072349905986,0.005686643799600155,17
spoof,true,True,0.711267831201467,0.9197797930846985,1.8747074679798814,-0.015881941785043097,-0.01588194178504132,13
spoof,true,False,-0.023538554993424877,0.014905511962200722,-0.04720339019297448,-0.016757097275977628,-0.04720339019297359,19
spoof,true,False,-0.004893697081501283,0.014764204529879402,-0.01748465301026414,0.012418867320548088,0.012418867320548088,19
spoof,true,False,-2.835039304871283,4.2146848510894035e-08,-2.835039304871282,-2.835039304871284,-2.835039304871282,15
spoof,honest_fp,False,-1.0,0.0,-0.9999999999999982,-1.0,-1.0,24
spoof,fabricated,False,-2.3957083418775276,2.9802322387695312e-08,-2.3957083418775245,-2.39570834187753,-2.395708341877528,10
spoof,fabricated,False,-2.1552003173815484,5.1619136559035694e-08,-2.1552003173815475,-2.1552003173815493,-2.1552003173815484,20
spoof,fabricated,False,-6.480337792781325,0.0,-6.480337792781322,-6.480337792781324,-6.480337792781324,16
spoof,true,True,1.166756810807618,0.9211692252827951,1.9188883337068603,0.03855952645875149,1.918888333706862,10
spoof,true,True,0.4099585097224748,0.46727350148923646,0.9094948950055972,-0.02713582740025622,-0.027135827400257106,15
spoof,true,False,0.1324484661720813,0.40942267417536843,-0.029903480171700636,0.010318023185547531,-0.029903480171701524,18
spoof,true,False,0.0008141515276599856,0.013474289276874616,-0.025365466029995787,0.012512031905039578,-0.025365466029997563,19
spoof,true,True,1.914207991784346,2.1073424255447017e-08,1.9142079917843446,1.9142079917843464,1.9142079917843455,20
spoof,true,False,-0.01697609954112961,0.00492234841464362,-0.021747068717552054,-0.013492577698789532,-0.018774714597020292,17
spoof,true,False,0.957082464532409,1.304029855233791,2.6065642562917777,-0.07384365531719617,-0.07384365531719794,13
spoof,true,False,-0.45258926241909814,0.6156223171096072,-0.01043332758440485,-1.2896252764266247,-0.010433327584405738,17
spoof,true,False,-0.0008423890515566838,0.006875474363794172,-0.007082312187808526,0.0005601422204151163,-0.007082312187808526,12
spoof,true,False,0.03984870391179968,0.004983844412149218,0.04234087869294534,0.03285645288354111,0.04234087869294534,23
spoof,true,False,0.9694335392810172,1.2635564070965186,2.7563721470203326,0.07596423541135877,2.7563721470203326,15
spoof,honest_fp,False,0.0,0.0,0.0,0.0,0.0,20
spoof,true,True,0.5763021876313801,0.8616749090620497,1.8925323527050555,0.012203545456946685,0.012203545456947573,20
spoof,true,True,0.3848205607569715,0.4566056240693732,0.9572060022272151,0.020575279821361647,0.9572060022272151,18
spoof,true,False,-2.0,2.9802322387695312e-08,-2.0,-2.0,-2.0,11
spoof,true,False,0.3823922687529235,0.5917925440315192,-0.038110256932808895,0.016571128935991553,-0.03811025693280978,17
spoof,true,False,0.0005897110801965485,0.009917328846709528,-0.014519177390669213,0.0026576285741288785,-0.014519177390670102,14
spoof,true,False,-0.006506900687139509,0.00736404484949315,-0.00969057104745552,-0.009713420137639872,-0.01499555703587152,19
spoof,true,True,0.9069743585134526,1.0536712127723509e-08,0.9069743585134535,0.9069743585134535,0.9069743585134526,14
spoof,honest_fp,False,0.0,0.0,0.0,0.0,0.0,18
spoof,fabricated,False,-1.0,0.0,-1.0,-1.0,-1.0,13
spoof,fabricated,False,-6.420151975990817,0.0,-6.420151975990812,-6.420151975990815,-6.420151975990815,14
spoof,true,True,1.1168291970113275,0.9247177056056574,1.9176582213950866,0.04905716449964892,1.9176582213950848,14
spoof,true,True,0.21943358220791132,0.3984078032849404,0.9094877182812731,-0.008342411591280907,-0.008342411591280907,16
spoof,true,False,-0.4187892589803962,2.174783002908558,1.906151566009095,-2.453112480846201,1.906151566009095,15
spoof,true,True,-0.01957090946784401,0.0002376149439804975,-0.01942540062584186,-0.01995893304651908,-0.01995893304651908,11
spoof,true,True,2.962447296529481,0.9964163810352151,1.886194597673617,3.884949609834509,1.8861945976736179,13
spoof,true,False,0.6494522987544402,1.1155068864213218,2.685421028855595,0.01888020931773049,0.018880209317728713,13
spoof,true,True,0.2788071394479147,0.42435842428915865,0.9496694985530247,0.007986311323666229,0.9496694985530247,14
spoof,true,True,-2.0,0.0,-1.9999999999999982,-2.0,-2.0,13
spoof,true,False,0.03832543611112325,0.010839135036707501,0.04991295887579028,0.028186353692039035,0.04991295887579206,15
spoof,true,False,0.4504747013677667,0.980770173130668,2.7149453446215475,-0.0001237476530224768,2.7149453446215475,19
spoof,honest_fp,False,0.0,0.0,0.0,0.0,0.0,20
spoof,true,True,1.1089218565965149,0.9247177056056571,1.9097508809802726,0.041149824084836695,0.04114982408483581,14
spoof,true,True,0.32054084020142287,0.4428349234375739,0.9467053565404964,0.003968660699925408,1.1311888340692633e-05,12
spoof,true,False,-0.1322615268497206,2.173173840273943,1.8797064947757995,-2.479557552079495,-2.479557552079495,13
spoof,true,True,0.004392520320335697,0.0002663042771604908,0.004674978660693441,0.004141446240016222,0.004674978660695217,17
spoof,true,True,-0.706687933307659,0.9551742635443351,-1.9999999999999982,-0.0012449878391080915,-0.0012449878391098679,17
spoof,true,False,-0.0031182306092796394,0.010692812982078222,0.009662125381161957,-0.01206447980258929,-0.01206447980258929,17
spoof,true,False,0.5620801127087877,1.050612171887649,2.663024288968936,0.024716779927496546,0.006511508449351666,15
spoof,true,True,0.9006579531893839,0.0,0.9006579531893841,0.9006579531893841,0.9006579531893832,18
spoof,fabricated,False,-1.7806566748844772,2.1073424255447017e-08,-1.7806566748844777,-1.7806566748844777,-1.7806566748844777,21
spoof,true,False,-0.013362453137510895,0.0,-0.0133624531375105,-0.0133624531375105,-0.0133624531375105,18
spoof,true,True,0.5263262174614982,0.6835192239594373,1.3831629100817775,-0.018933496024136076,-0.0189334960241343,18
spoof,true,True,1.9592992286267115,0.0,1.959299228626712,1.959299228626712,1.959299228626712,13
spoof,true,False,0.4213108146426958,0.5199099033469464,1.0364289404770144,-0.015792075547011564,-0.03129040936779415,12
spoof,true,False,-1.9351921093646314,2.4537697863007972,-5.011155322171527,0.022239026057938815,-5.011155322171527,18
spoof,true,False,0.41260334706542745,0.515379550722951,1.141209086304519,0.03534418504025183,1.141209086304519,15
spoof,true,False,0.014117828549711386,0.0,0.014117828549712996,0.01411782854971122,0.01411782854971122,16
spoof,honest_fp,False,0.0,0.0,0.0,0.0,0.0,10
spoof,true,True,-2.0,0.0,-2.0000000000000018,-2.0,-2.0,18
spoof,true,True,0.8982963575098958,0.0,0.8982963575098957,0.8982963575098957,0.8982963575098957,14
spoof,true,True,0.9508236254833728,0.6744724372170307,1.4606768640673415,0.058580457961429744,1.4606768640673415,11
spoof,true,False,0.3787645783076935,0.5164846034280887,1.0713235078312096,-0.015261492162792933,-0.030759825983576405,14
spoof,true,False,-2.957620330271942,2.481496878660685,-5.054867975367552,-0.02147362713808576,-5.054867975367554,12
spoof,true,True,0.9668871333642387,0.0,0.9668871333642404,0.9668871333642386,0.9668871333642386,15
spoof,honest_fp,False,-2.0,0.0,-2.0000000000000018,-2.0,-2.0,15
spoof,honest_fp,False,0.0,0.0,0.0,0.0,0.0,18
spoof,true,False,-0.02031855917000369,0.015144220254658275,-0.037411494927585665,-0.0016945447204861352,-0.022108274586545518,18
spoof,true,True,0.9948322145090136,0.0,0.9948322145090147,0.994832214509012,0.9948322145090138,20
spoof,true,True,-0.6548453140797478,2.185726226726969,1.9313408341862592,-2.5021211342697516,1.9313408341862583,12
spoof,true,True,1.993111852882932,0.0,1.993111852882933,1.9931118528829312,1.993111852882933,13
spoof,honest_fp,False,0.0,0.0,0.0,0.0,0.0,14
spoof,true,False,0.007200102909460354,0.012411866234504696,0.0017898245333842766,0.012561026539641418,-0.007852703326418853,16
spoof,true,False,0.008115734844807043,0.017506530056719354,-0.011734804376516195,0.02355504312805934,-0.011734804376517305,16
spoof,true,False,0.017223459923331977,0.016425555968609437,0.030326520711302152,-0.003367064172049794,0.030326520711301486,18
spoof,true,False,0.02503926019498619,0.007616087422744581,0.024428954818766613,0.02277723330677439,0.02442895481876506,17
spoof,true,True,-1.367417186748872,1.952263372719063,1.8993442636923996,-2.534117704763611,-2.5341177047636116,19
spoof,true,True,1.3703385502792569,0.0,1.370338550279258,1.370338550279257,1.370338550279257,12
spoof,true,False,-0.008402976882589647,0.01750653005671928,-0.0282535161039128,0.007036331400660956,-0.028253516103914356,16
spoof,true,False,0.002847027221845998,0.016101645740129438,0.014738880710087443,-0.018954704173264503,-0.01895470417326295,17
spoof,honest_fp,False,-6.254426830170219,2.0647654623614278e-07,-6.254426830170221,-6.254426830170223,-6.254426830170223,18
spoof,fabricated,False,-2.1510362657390103,5.960464477539063e-08,-2.151036265739009,-2.1510362657390125,-2.1510362657390107,19
spoof,true,False,1.5762278290262448,1.2583186947509533,2.5800188957925503,-0.0011581330350911578,-0.0011581330350910468,18
spoof,true,True,0.5046276173473766,0.46992470486329596,0.9745523222106733,0.03470291248408053,0.9745523222106725,16
spoof,true,True,1.955766572833878,4.2146848510894035e-08,1.9557665728338787,1.9557665728338787,1.9557665728338787,17
spoof,true,True,1.9610048318662154,0.0,1.961004831866215,1.961004831866214,1.961004831866214,14
spoof,true,True,2.1361243507312966,0.6748208447124107,1.282535997991288,2.6696170711938008,1.2825359979912876,13
spoof,honest_fp,False,0.0,0.0,0.0,0.0,0.0,17
spoof,true,False,-0.02807303122399078,0.02305923584920896,-0.041386287248837306,0.01186673685055295,-0.04138628724883875,12
spoof,true,False,-0.0028116224452391313,0.017570341359278412,0.017791429059020203,-0.01779565990288212,0.01779142905901987,19
spoof,true,False,1.5391124446864186,1.2743993068323565,2.625923825245426,0.04474679641778412,2.625923825245426,19
spoof,true,True,0.4581552810875697,0.4688792648478175,0.8967516722933127,-0.04309773743327927,-0.04309773743327944,15
spoof,true,True,-0.49689153852922574,0.664630193568039,-1.3885865141594138,-0.0015054409568997507,-0.0015054409568996951,14
spoof,true,False,-1.7567619216201518,0.026493044983436482,-1.786051084874817,-1.7327980607754259,-1.7860510848748175,20
spoof,true,False,-0.011322084954939804,0.017793544480951162,0.006471459526011358,-0.029115629435890966,-0.02911562943589091,16
spoof,honest_fp,False,0.0,0.0,0.0,0.0,0.0,16
spoof,true,False,0.004465431861409996,0.00546901477081049,0.0,0.011163579653524991,0.011163579653524103,10
spoof,true,True,1.372332838656953,0.4904394546489527,0.9475998119127755,1.9386435409825236,0.9475998119127755,14
spoof,true,True,1.935811879737597,0.0,1.9358118797375958,1.9358118797375976,1.9358118797375976,17
spoof,true,True,1.9420777553893518,2.9802322387695312e-08,1.9420777553893505,1.9420777553893522,1.9420777553893505,14
spoof,honest_fp,False,-2.0,0.0,-2.0,-1.9999999999999991,-1.9999999999999991,13
spoof,true,False,0.8860037334249301,0.7970566920903307,-0.0666612282228698,1.5528692065783893,-0.06666122822286802,17
spoof,honest_fp,False,0.0,0.0,0.0,0.0,0.0,10
spoof,honest_fp,False,0.0,0.0,0.0,0.0,0.0,15
spoof,true,False,2.6300292587299507,0.005469014770914451,2.623331110937835,2.63449469059136,2.623331110937835,15
spoof,true,True,-0.4053737625581514,0.4855102898011876,-1.0,-0.008956270930251975,-0.008956270930252863,20
spoof,true,True,1.126914903563274,0.0,1.1269149035632715,1.1269149035632733,1.1269149035632733,18
spoof,true,False,-0.9472883153950742,0.8073659077789755,-1.6947639006879598,-0.07523346588670421,-1.6947639006879616,13
spoof,true,True,1.4130102651471708,0.0,1.4130102651471699,1.4130102651471717,1.4130102651471717,16
spoof,honest_fp,False,0.0,0.0,0.0,0.0,0.0,18
spoof,true,False,-2.835333850799935,2.2786971978084183,2.5887187615530545,-5.3739866167806705,0.019063025374613074,17
spoof,true,True,0.9919407377483169,2.1073424255447017e-08,0.9919407377483189,0.9919407377483171,0.9919407377483169,18
spoof,true,True,1.9866851596741448,0.0,1.9866851596741455,1.9866851596741455,1.9866851596741437,10
spoof,true,True,0.8425641791536433,0.9309888341047476,1.8982062913332722,0.021509203013934552,0.021509203013933054,16
spoof,true,True,0.39541083874341426,0.533573321149922,1.1499974660340904,0.01811752509807718,1.14999746603409,12
spoof,honest_fp,False,0.0,0.0,0.0,0.0,0.0,13
spoof,true,False,-2.7436881019418613,2.5943670637253358,2.584018876606703,-5.400609709183087,-5.400609709183087,13
spoof,true,False,-0.04958550978199948,9.313225746154785e-10,-0.04958550978200016,-0.04958550978199838,-0.04958550978199927,17
spoof,honest_fp,False,0.0,0.0,0.0,0.0,0.0,18
spoof,honest_fp,False,0.0,0.0,0.0,0.0,0.0,22
spoof,true,False,-0.5185527564273734,0.9368123337480742,2.6102257447121646,-2.1411130326705,2.6102257447121646,8
spoof,true,True,-1.0,1.4901161193847656e-08,-1.0,-1.0,-1.0,17
spoof,true,True,0.9664851340473809,0.938348544159669,1.9048336782070514,0.02813658988771195,1.9048336782070505,14
spoof,true,True,0.2887743412443815,0.5005361429085846,1.1188196312641256,-0.013060309671887538,-0.013060309671888426,15
spoof,true,True,1.3367925306323096,2.5809568279517847e-08,1.3367925306323105,1.3367925306323123,1.3367925306323096,17
spoof,honest_fp,False,0.0,0.0,0.0,0.0,0.0,15
spoof,fabricated,False,-2.315679911971891,0.0,-2.315679911971891,-2.315679911971891,-2.315679911971891,14
spoof,fabricated,False,-2.4324786557101272,0.0,-2.432478655710126,-2.4324786557101277,-2.4324786557101263,17
spoof,true,False,1.7652197348049719,0.0,1.7652197348049725,1.765219734804976,1.765219734804976,10
spoof,true,True,1.1398022577100329,1.0668332104896285,2.151889106307152,0.015261314824346783,0.015261314824345007,19
spoof,true,False,2.6897360977992113,0.0,2.6897360977992086,2.6897360977992086,2.6897360977992086,9
spoof,true,True,2.3723907081007485,0.0,2.372390708100749,2.3723907081007525,2.372390708100749,15
spoof,true,True,0.8291523851407371,0.8790661676583856,1.7557694864060522,-0.004803005998045506,-0.004803005998045506,19
spoof,honest_fp,False,-1.1931232959788527,0.0,-1.1931232959788538,-1.1931232959788538,-1.1931232959788538,14
spoof,honest_fp,False,-1.3568411992805796,0.0,-1.3568411992805771,-1.3568411992805807,-1.3568411992805807,14
spoof,true,True,1.559748766557396,0.9652300475858542,2.1702138498381984,0.03358605835539308,2.1702138498381984,14
spoof,true,True,1.973134820374887,2.1073424255447017e-08,1.973134820374888,1.973134820374888,1.9731348203748844,18
spoof,true,True,1.9567273751130296,0.0,1.9567273751130294,1.9567273751130294,1.9567273751130294,14
spoof,true,True,0.9971241435663226,0.8733819337504485,1.7673746089931193,0.00680211658901797,1.7673746089931175,16
spoof,true,True,0.9619690253815123,0.0,0.9619690253815136,0.9619690253815136,0.9619690253815119,19
spoof,true,True,1.9465360244437961,0.0,1.9465360244437946,1.9465360244437946,1.9465360244437964,18
spoof,honest_fp,False,0.0,0.0,0.0,0.0,0.0,18
spoof,fabricated,False,-5.1463935894259984,1.1920928955078125e-07,-5.146393589426001,-5.146393589425999,-5.146393589426001,20
spoof,fabricated,False,-1.2398508841936209,0.0,-1.2398508841936184,-1.239850884193622,-1.239850884193622,15
spoof,true,False,1.8835161080003553,0.0,1.8835161080003537,1.8835161080003573,1.8835161080003537,17
spoof,true,True,1.919090386366974,0.0,1.9190903863669746,1.9190903863669746,1.9190903863669764,21
spoof,true,False,-0.030788482099890456,0.005318565915888604,-0.022810633226054478,-0.03433419271048166,-0.034334192710483435,13
spoof,true,True,1.024657783302449,1.0669128966352044,2.022663413487326,-0.1159200797659743,-0.11592007976597785,15
spoof,honest_fp,False,0.0,0.0,0.0,0.0,0.0,15
spoof,true,False,-0.003029202454134476,0.0055433586571007306,0.004303971763228276,-0.007219587721198906,0.004303971763230052,11
spoof,true,True,1.129486253719651,1.06929174662665,2.1987780003463016,0.06019450709300145,2.1987780003463016,16
spoof,true,True,1.9449306323187576,4.2146848510894035e-08,1.9449306323187585,1.9449306323187585,1.9449306323187585,18
spoof,true,True,1.9084913366111913,0.0,1.908491336611192,1.908491336611192,1.908491336611192,12
spoof,true,True,0.8784329954023911,1.4901161193847656e-08,0.8784329954023917,0.8784329954023917,0.8784329954023917,14
spoof,true,True,1.9307913146401745,0.0,1.9307913146401745,1.9307913146401745,1.9307913146401727,17
spoof,fabricated,False,-3.0606332249045716,8.429369702178807e-08,-3.0606332249045707,-3.0606332249045707,-3.0606332249045725,13
spoof,fabricated,False,-4.809114767090662,0.0,-4.809114767090662,-4.80911476709066,-4.809114767090662,15
spoof,true,False,0.05097068056778456,0.02228879387794393,0.07090638386680936,0.0260510514440071,0.07090638386680936,9
spoof,true,False,0.006238882166623494,0.024153316401821886,0.033626168682342694,-0.015062340678937858,-0.015062340678936081,16
spoof,true,True,1.916735909327735,0.0,1.9167359093277376,1.9167359093277412,1.9167359093277359,17
spoof,honest_fp,False,0.0,0.0,0.0,0.0,0.0,15
spoof,honest_fp,False,-1.0,0.0,-1.0,-1.0,-1.0,20
spoof,true,False,-0.0035941029883332478,0.01942292868667343,0.03004739632877218,-0.014807936094037188,-0.014807936094035412,20
spoof,true,False,0.015000268273914319,0.023222938869139224,0.046647799358744635,-0.0020407100025323643,0.04664779935874641,20
spoof,honest_fp,False,-2.0,0.0,-2.0,-2.0,-2.0,17
spoof,honest_fp,False,-3.555026099611973,0.0,-3.555026099611972,-3.555026099611972,-3.5550260996119736,12
spoof,honest_fp,False,-1.9999999999999996,0.0,-2.0,-2.0,-2.0,17
spoof,honest_fp,False,-1.545131614338358,2.1073424255447017e-08,-1.5451316143383593,-1.5451316143383593,-1.5451316143383576,16
spoof,honest_fp,False,0.0,0.0,0.0,0.0,0.0,16
spoof,honest_fp,False,0.0,0.0,0.0,0.0,0.0,11
spoof,honest_fp,False,-1.619334193773352,2.1073424255447017e-08,-1.6193341937733514,-1.6193341937733479,-1.6193341937733496,10
spoof,true,True,1.9657359700006412,0.0,1.9657359700006403,1.9657359700006438,1.965735970000642,16
spoof,true,True,0.9233863462591038,0.0,0.9233863462591039,0.9233863462591003,0.9233863462591021,13
spoof,true,True,1.991847467637567,2.9802322387695312e-08,1.991847467637566,1.9918474676375695,1.991847467637566,13
spoof,true,True,1.9072635131227016,0.0,1.9072635131227003,1.9072635131227003,1.907263513122702,14
spoof,honest_fp,False,-0.9999999999999997,1.0536712127723509e-08,-1.0,-1.0,-1.0,12
spoof,fabricated,False,-4.095751553330166,0.0,-4.095751553330164,-4.09575155333016,-4.095751553330164,20
spoof,fabricated,False,-4.297113986243474,0.0,-4.297113986243474,-4.297113986243467,-4.297113986243472,16
spoof,fabricated,False,-5.308369208411564,1.0323827311807139e-07,-5.308369208411563,-5.308369208411563,-5.308369208411564,21
spoof,true,False,0.005396445306644309,1.0081862609186659e-10,0.005396445306644182,0.005396445306644182,0.005396445306644182,14
spoof,true,False,0.0027344653737252146,0.00483365281054776,0.00668112636692797,-0.0031855261160806947,-0.0031855261160806947,20
spoof,true,True,1.1374773874610995,0.8607781945187309,1.769115897827497,-0.035565560362215365,-0.03556556036221181,20
spoof,true,False,0.03134935622670698,0.00427238585029949,0.03381601934745859,0.023949366864449928,0.03381601934745859,16
spoof,true,True,1.3150781695054845,0.860778194518732,1.9467166798718836,0.1420352216821712,1.9467166798718836,20
spoof,honest_fp,False,-3.0526676220122986,0.0,-3.0526676220122972,-3.052667622012301,-3.052667622012299,15
spoof,true,True,1.9109958136604064,0.0,1.9109958136604064,1.9109958136604064,1.9109958136604064,9
spoof,true,True,0.8982381868503817,0.0,0.8982381868503815,0.8982381868503815,0.8982381868503815,16
spoof,true,True,1.9313664393153478,0.0,1.9313664393153473,1.9313664393153473,1.9313664393153491,16
spoof,fabricated,False,-2.7319958723469515,0.0,-2.7319958723469497,-2.7319958723469533,-2.7319958723469515,18
spoof,true,True,-2.0,0.0,-2.0,-2.0,-2.0,16
spoof,true,True,0.9848388175815557,0.8276163963252017,1.7015756413877092,0.02918971917334723,1.701575641387711,21
spoof,true,False,-0.0027012351386469613,0.010896989770710942,-0.004541010825414915,-0.0010365812919967965,-0.03469183780420515,11
spoof,true,False,-0.02513133083573058,0.004360526288991093,-0.02025611423580287,-0.029031504115673457,-0.02903150411567257,9
spoof,true,False,0.01946508901969579,0.0,0.019465089019695014,0.019465089019695014,0.019465089019695903,16
spoof,true,False,0.013286581843033345,0.010453624998169339,0.02555533708475366,0.01215940642887503,0.025555337084754548,14
spoof,true,False,0.014399960432994793,0.004050179944556299,0.020475230349827456,0.011699840469956868,0.020475230349827456,13
spoof,honest_fp,False,0.0,0.0,0.0,0.0,0.0,15
spoof,true,True,1.9323784162539102,4.2146848510894035e-08,1.9323784162539077,1.9323784162539095,1.9323784162539077,14
spoof,true,True,1.1251562173687024,0.7883702842391291,1.6826181914401541,0.0102322692257939,0.0102322692257939,18
spoof,true,False,-0.06665136427276297,0.012335046276691299,-0.08311934472583182,-0.056395680669675485,-0.09005093718188384,16
spoof,honest_fp,False,-3.4927829000912576,5.960464477539063e-08,-3.4927829000912585,-3.4927829000912585,-3.4927829000912585,17
spoof,honest_fp,False,0.0,0.0,0.0,0.0,0.0,13
spoof,fabricated,False,-3.2941239272287115,5.960464477539063e-08,-3.2941239272287124,-3.2941239272287124,-3.2941239272287124,15
spoof,true,True,-2.0,0.0,-2.0,-2.0,-2.000000000000001,18
spoof,true,True,0.8823205673939387,0.0,0.882320567393938,0.8823205673939398,0.8823205673939389,19
spoof,true,False,-0.2077785076006296,3.725290298461914e-09,-0.2077785076006311,-0.20777850760062933,-0.2077785076006302,19
spoof,true,False,-1.0,0.0,-1.0,-1.0,-1.0000000000000009,16
spoof,true,False,-0.03977483123239026,0.023478045279148266,-0.08316245444706993,-0.018764905097853557,-0.08316245444706905,14
spoof,honest_fp,False,-1.4404741659902112,3.650024149988857e-08,-1.4404741659902118,-1.44047416599021,-1.4404741659902127,19
spoof,true,True,1.9146590389722529,0.0,1.9146590389722515,1.9146590389722533,1.9146590389722515,19
spoof,true,False,-0.021799697835440224,0.02340948902343463,-0.0684914009714106,-0.003009308975034486,-0.06849140097140971,16
spoof,honest_fp,False,-3.3158614307548016,7.300048299977713e-08,-3.3158614307548024,-3.3158614307548024,-3.3158614307548033,15
spoof,true,False,-0.053675649003420686,6.585445079827193e-10,-0.05367564900342181,-0.053675649003420034,-0.05367564900342092,19
spoof,true,False,-0.04132096983386232,0.024704879630793906,-0.08485078074326147,-0.01924000058135178,-0.08485078074326058,13
spoof,honest_fp,False,0.0,0.0,0.0,0.0,0.0,19
spoof,fabricated,False,-2.1435170651185422,0.0,-2.143517065118541,-2.143517065118541,-2.143517065118542,19
spoof,true,True,-1.9999999999999993,2.9802322387695312e-08,-2.0,-2.0,-2.0,11
spoof,true,True,0.13896032935629168,0.33518471702279723,0.9129322215064448,-0.003724344227283183,-0.012327242659464943,19
spoof,true,False,-0.4450615876490094,0.480590762631762,-1.0,-0.028857778385766863,-0.028857778385766863,21
spoof,true,False,-0.8894256579925203,0.7595023460583347,-1.6054913369591066,-0.08385176915511039,-1.6054913369591066,17
spoof,honest_fp,False,-2.3869811961455656,0.0,-2.386981196145566,-2.386981196145566,-2.386981196145566,15
spoof,true,True,0.15224917174465316,0.3491762820200541,0.9064692860151506,-0.0065433438592066295,-0.015146242291384837,17
spoof,true,False,-0.17118292850735556,0.04409320451076832,-0.18847770621637494,-0.058766873398731434,-0.18847770621637494,15
spoof,true,False,1.3395956891318337,0.48176265113738215,0.9147209671756062,1.8858631887898412,0.9147209671756062,16
spoof,true,False,0.7786425118721753,0.7597652861202393,-0.022220418550981336,1.4994191492530184,-0.022220418550981336,19
spoof,honest_fp,False,-1.5264098135463313,2.1073424255447017e-08,-1.5264098135463318,-1.5264098135463335,-1.5264098135463318,20
spoof,honest_fp,False,0.0,0.0,0.0,0.0,0.0,10
spoof,true,True,-1.0,0.0,-1.0,-1.0,-1.0,18
spoof,true,True,0.19895878680468873,0.37009043218024196,0.9391260764544676,0.010424084843929649,0.9391260764544676,15
spoof,true,False,-0.12173082231711749,0.0618681241365937,-0.16712961380329183,-0.0374187809856501,-0.16712961380329183,20
spoof,honest_fp,False,0.0,0.0,0.0,0.0,0.0,13
spoof,fabricated,False,-2.307956444112314,0.0,-2.307956444112314,-2.307956444112314,-2.307956444112314,19
spoof,fabricated,False,-2.7039244111140963,0.0,-2.7039244111140963,-2.703924411114098,-2.7039244111140963,16
spoof,true,True,1.353154756538732,0.8634780262913914,1.9288067740663255,0.05793771710164464,1.9288067740663255,13
spoof,true,True,0.24114721287862048,0.40140447250778205,0.8883916802750242,-0.0087294458089886,-0.008729445808989489,18
spoof,true,False,-0.08992199697348664,0.0512595015198714,-0.14723186191907978,-0.04407410501701392,-0.14723186191907978,18
spoof,true,False,-0.7280517939420965,0.4299878683698879,-1.0,-0.0481812787973368,-0.04818127879733769,14
spoof,true,False,-1.6802058350491662,0.0,-1.6802058350491649,-1.6802058350491649,-1.6802058350491667,22
spoof,true,True,1.1385530355537345,0.9165349130250853,1.8869006583396057,0.0160316013749231,0.016031601374924875,15
spoof,true,True,0.24333958273038744,0.3960095280437095,0.9059776739215017,0.003949744226193985,0.005434261625683945,19
spoof,true,False,-0.10028562778184329,0.05104985032834802,-0.14449609502558758,-0.041338338123519947,-0.1444960950255867,14
spoof,true,False,1.4037785173852488,0.4759093606013311,0.9278691567839168,1.87968787798658,0.9278691567839177,20
spoof,true,False,0.02334369299196215,0.0,0.023343692991961262,0.023343692991961262,0.02334369299196215,12
spoof,honest_fp,False,0.0,0.0,0.0,0.0,0.0,16
spoof,honest_fp,False,-3.221768553813578,0.0,-3.221768553813579,-3.2217685538135754,-3.221768553813579,10
spoof,honest_fp,False,-1.7775226928374117,2.9802322387695312e-08,-1.7775226928374117,-1.7775226928374117,-1.7775226928374117,14
spoof,true,True,0.27685962501202255,0.4095810266213909,0.9113692748215847,0.009266823436028915,0.9113692748215865,17
spoof,honest_fp,False,-3.493302998624677,0.0,-3.493302998624678,-3.4933029986246744,-3.493302998624678,15
spoof,fabricated,False,-2.018538348074425,0.0,-2.0185383480744257,-2.018538348074422,-2.0185383480744257,19
spoof,fabricated,False,-2.3035326141429224,0.0,-2.3035326141429238,-2.30353261414292,-2.3035326141429238,14
spoof,true,True,0.24584994769452664,0.40587153223510986,0.977369929019396,0.011876242923385405,0.9773699290193978,17
spoof,true,True,0.36987970158459077,0.4569289427055533,0.9426704444145848,0.0053765016018658685,0.0053765016018658685,18
spoof,true,True,-3.7443065432125144,0.0,-3.744306543212513,-3.744306543212513,-3.744306543212513,14
spoof,true,True,1.0042508625447133,0.963839589851118,1.9680904523958311,0.040411272693596345,1.9680904523958311,20
spoof,true,True,0.3185260223189432,0.7281559695398516,1.890912194377183,-0.01528177077100068,-0.042226875321910384,17
spoof,honest_fp,False,0.0,0.0,0.0,0.0,0.0,13
spoof,true,True,0.19826878980666957,0.38251791289291187,0.9389944939731407,0.002152719689615168,0.002152719689615168,19
spoof,true,True,0.3004194358038929,0.7089582255411433,1.8853470027971433,-0.008880878065788522,-0.0358259826167,18
spoof,true,True,0.3190274986784237,0.4368792395597648,0.9741647990501541,0.016569972691442558,0.007777105381565619,13
spoof,true,True,0.465257384223617,0.46760437396049137,0.9651474870570667,0.027853544244347717,0.9651474870570667,15
spoof,true,True,1.1394604713538234,0.9487130080228572,1.9332107218194494,0.005531542117214627,0.005531542117214627,17
spoof,true,True,0.5284557164830157,0.8342110723082694,1.9733241503051495,0.028586922013314364,1.9733241503051495,12
spoof,honest_fp,False,0.0,0.0,0.0,0.0,0.0,19
spoof,honest_fp,False,0.0,0.0,0.0,0.0,0.0,17
spoof,true,True,0.43808966777128105,0.46601744272764883,0.8995561289988405,0.9090337931262304,-0.0496603595232159,18
spoof,true,True,0.5270739805118272,0.4429802252082151,0.9177458177186004,0.024781618388832527,0.9177458177186004,16
spoof,true,True,0.6274416333700521,0.913911227381716,1.9197969776466763,-0.012289614031086415,-0.03830835392753329,18
spoof,true,True,-1.7141452991641921,0.7001981576236656,-2.0,-2.0,-2.0,21
spoof,honest_fp,False,0.0,0.0,0.0,0.0,0.0,14
spoof,honest_fp,False,-2.0000000000000004,0.0,-2.0,-2.0,-2.0,15
spoof,honest_fp,False,0.0,0.0,0.0,0.0,0.0,20
spoof,true,True,1.0320494538993583,0.6108164985058094,0.9827690972156855,1.8918028903419177,0.9827690972156873,16
spoof,true,True,0.6703685640609522,0.9262314612447776,1.924367805254338,-0.007848339717916986,-0.033867079614365636,17
spoof,true,True,1.1812054259720013,1.4519432965655805,1.884738064454627,0.018084443430701924,1.8847380644546288,18
spoof,honest_fp,False,0.0,0.0,0.0,0.0,0.0,17
spoof,true,True,-0.9889116205655117,0.569150676891406,-1.0,-0.04130584735055365,-1.0,16
spoof,true,True,0.40725213530848636,0.44586327455852787,0.8772332928504696,-0.015730906479298312,-0.01573090647930009,19
spoof,true,True,-3.6373980683888463,0.0,-3.6373980683888476,-3.637398068388846,-3.637398068388846,14
spoof,true,True,0.7205032135038137,0.9392910491281786,1.9922884289091858,0.020694612670638435,1.9922884289091858,17
spoof,true,True,0.8531892149618432,1.4328910862256108,1.8789764393326838,-1.988660087541895,0.012322818308760475,13
spoof,true,False,0.04228994728932475,0.0,0.042289947289326335,0.04228994728932278,0.04228994728932456,18
spoof,true,True,0.7671647755033582,0.7236142849073237,0.8937242442887339,-0.0019868438338050964,-0.031224119603812994,13
spoof,true,True,1.4841609843122778,0.4689618008963013,0.9292778984465571,1.8805060456449354,0.9292778984465588,12
spoof,true,True,1.9401796723978917,0.0,1.9401796723978926,1.9401796723978926,1.9401796723978926,22
spoof,true,True,0.8278920656254363,0.9301235328817132,1.8825530184427883,0.007600213434159286,0.007600213434162839,16
spoof,true,True,0.72518098617174,0.7189953011264266,0.97144086837503,0.037735499115093774,0.9714408683750282,15
spoof,honest_fp,False,0.0,0.0,0.0,0.0,0.0,10
spoof,true,True,-0.29178819668371814,0.42340366809175334,-1.0,-0.03509228079644089,-0.06432955656644879,19
spoof,true,True,-0.4451169141342796,0.4689618008963023,-1.0,-0.048771852801625215,-0.04877185280162166,12
spoof,true,True,0.9073245637008263,0.9353908016950735,1.9072993930387625,0.03234658803013346,1.907299393038759,15
spoof,fabricated,False,-2.8784131164557962,0.0,-2.8784131164557962,-2.878413116455798,-2.878413116455798,14
spoof,true,False,0.9592966094130322,1.4901161193847656e-08,0.959296609413034,0.9592966094130304,0.9592966094130322,16
spoof,true,True,-0.4375,0.49607837082461076,-1.0,0.0,-1.0,16
spoof,true,True,0.8300491485905371,0.73717393856643,0.9500467393776724,0.018197698397404594,-0.012518698945369167,16
spoof,true,True,3.5217399008629116,0.0,3.5217399008629116,3.5217399008629116,3.5217399008629116,11
spoof,true,True,1.915493642627551,0.0,1.915493642627549,1.915493642627549,1.915493642627549,19
spoof,honest_fp,False,-1.0,0.0,-1.0,-1.0,-1.0,16
spoof,true,True,0.7983347656546678,0.7393196777488098,0.9747774688510553,0.026214275953446275,0.9747774688510553,17
spoof,true,True,1.898912158413794,0.0,1.8989121584137933,1.8989121584137933,1.8989121584137933,20
spoof,true,True,-0.4375,0.49607837082461076,-1.0,0.0,-1.0,16
spoof,true,True,-0.354498027943325,0.4386478097500527,-1.0,-0.04517725824562646,-0.07589365558840022,19
spoof,honest_fp,False,0.0,0.0,0.0,0.0,0.0,9
spoof,honest_fp,False,0.0,0.0,0.0,0.0,0.0,11
spoof,fabricated,False,-2.0,0.0,-2.0,-2.0,-2.0,16
spoof,fabricated,False,-4.624941615758662,1.3328003749250113e-07,-4.624941615758665,-4.624941615758662,-4.624941615758663,21
spoof,fabricated,False,-2.090181961233848,0.0,-2.0901819612338493,-2.0901819612338457,-2.0901819612338475,12
spoof,true,False,0.012580899952789236,0.0065649161794865555,0.018573821085514197,0.005389394593517949,0.01857382108551464,22
spoof,true,False,1.9121511286633013,1.8272643361232581,3.7394154647865605,0.08488679254004339,0.08488679254004383,18
spoof,true,True,1.9320301659102959,2.1073424255447017e-08,1.9320301659102972,1.9320301659102945,1.9320301659102954,19
spoof,true,False,-0.0050746728283998935,0.006007419321505475,-0.001196900330754147,-0.014381326822750395,-0.014381326822749951,17
spoof,true,False,0.013061901995015054,0.0,0.013061901995016001,0.013061901995014225,0.013061901995015113,15
spoof,true,True,0.9826115407975026,0.0,0.9826115407975031,0.9826115407975013,0.9826115407975022,18
spoof,true,False,2.838711410920627,1.5824573345120474,3.7523435789822566,0.09781490673573856,3.7523435789822566,12
spoof,honest_fp,False,-3.4714457852835134,0.0,-3.471445785283512,-3.471445785283514,-3.471445785283513,15
spoof,honest_fp,False,-2.322381342303566,5.960464477539063e-08,-2.322381342303565,-2.3223813423035677,-2.322381342303567,16
spoof,true,False,-0.013871100971347309,0.0074734969894266765,-0.02166086777764953,-0.003365488084996926,-0.021660867777649084,19
spoof,true,False,1.8298954829028895,1.354345005624144,2.8536840755497064,0.038265445770958806,2.8536840755497055,11
spoof,true,True,0.8817908329093822,0.6913351921667352,0.928841566046847,1.8739194347944252,0.9288415660468472,16
spoof,true,False,3.831945798683323,9.424321830774485e-08,3.831945798683325,3.831945798683323,3.831945798683325,16
spoof,true,False,3.8767491911239134,8.429369702178807e-08,3.876749191123915,3.876749191123915,3.876749191123915,16
spoof,honest_fp,False,0.0,0.0,0.0,0.0,0.0,20
spoof,true,False,-0.025399091440314686,0.009862826465510942,-0.035024254553180256,-0.010770156935281605,-0.035024254553180256,19
spoof,true,True,0.240238686041942,0.4161060317011308,0.883578314929359,0.9450778687475783,-0.023046326108592807,15
spoof,true,False,-0.04705936108326268,0.012139936396138237,-0.05770370981246842,-0.026182234646306313,-0.05770370981246953,16
spoof,true,False,1.0556550254825565,1.3580914719947326,2.83381416007966,0.018395530300912455,0.018395530300912566,19
spoof,true,True,-1.036359653014807,0.7133386598346447,-1.0,-0.03187580514382837,-0.9999999999999999,15
spoof,true,False,3.416471021308102,7.300048299977713e-08,3.4164710213081033,3.4164710213081033,3.4164710213081024,18
spoof,honest_fp,False,-1.7887571392821913,0.0,-1.7887571392821897,-1.7887571392821906,-1.7887571392821906,17
spoof,fabricated,False,-6.408360569780427,1.1920928955078125e-07,-6.408360569780427,-6.408360569780428,-6.408360569780428,15
spoof,true,False,0.0021762146893677466,0.0043678283160518035,0.0050652615627928554,-0.0044273210213177094,0.005065261562791967,23
spoof,true,False,0.0637463775456751,3.1602547054190584,2.7346490878564076,-3.6755174168893543,-3.675517416889349,12
spoof,true,True,0.5281454279159531,0.4627894535460862,0.9693978585695575,0.042767754196987084,0.9693978585695566,21
spoof,true,False,0.3174356451556194,1.1168999044450278,3.6681353584907033,-0.05486432299272437,-0.05486432299272348,10
spoof,true,False,1.106425309226402,0.960192075476376,1.9379760391014482,-0.0023089972736620723,-0.002308997273660296,21
spoof,honest_fp,False,0.0,0.0,0.0,0.0,0.0,14
spoof,true,False,-1.6387889518762373,0.0,-1.6387889518762382,-1.63878895187624,-1.6387889518762373,18
spoof,true,False,-0.5869852347293926,3.197952913724382,2.8317702344683457,-3.578396270277416,2.831770234468344,15
spoof,true,True,0.5993813992549352,0.42950454863407117,0.8889533068713629,-0.037676797501209336,-0.03767679750120578,16
spoof,true,False,0.34772734912813485,0.9011947352700517,3.8380395505188485,0.11503986903542085,3.8380395505188485,16
spoof,honest_fp,False,0.0,0.0,0.0,0.0,0.0,17
spoof,honest_fp,False,0.0,0.0,0.0,0.0,0.0,14
spoof,true,False,-0.022941082028018013,0.0040430590362095275,-0.020680943317515244,-0.030173525901627585,-0.03017352590162581,21
spoof,true,False,1.3298680661594129,0.914659137770419,1.9766297449511168,0.03634470857600647,1.976629744951115,18
spoof,fabricated,False,-2.234645252343077,0.0,-2.2346452523430766,-2.2346452523430784,-2.234645252343075,15
spoof,fabricated,False,-3.2923102582032286,0.0,-3.292310258203228,-3.29231025820323,-3.292310258203228,18
spoof,true,True,0.9527763887257623,2.1073424255447017e-08,0.9527763887257628,0.9527763887257628,0.9527763887257628,13
spoof,true,False,3.8323165413882188,0.0,3.8323165413882183,3.8323165413882165,3.8323165413882183,14
spoof,true,False,0.020326460845595307,2.3283064365386963e-10,0.020326460845595307,0.020326460845595307,0.020326460845595307,13
spoof,honest_fp,False,0.0,0.0,0.0,0.0,0.0,13
spoof,true,False,-1.5836181138542738,0.0,-1.583618113854273,-1.583618113854273,-1.5836181138542749,14
spoof,true,False,1.4547970299985824,1.4354805432630295,2.8902775732616117,0.019316486735553084,2.8902775732616135,10
spoof,true,False,-0.039106609085469535,4.656612873077393e-10,-0.03910660908547037,-0.03910660908546859,-0.03910660908546948,17
spoof,honest_fp,False,-1.7440699279026033,0.0,-1.7440699279026024,-1.7440699279026024,-1.7440699279026042,16
spoof,true,False,1.296495721008844,1.4295364989180581,2.8624744954776045,-0.00848659104845595,-0.00848659104845595,11
spoof,honest_fp,False,-1.5159923515141638,0.0,-1.5159923515141625,-1.5159923515141625,-1.5159923515141642,14
spoof,fabricated,False,-4.228526789512568,0.0,-4.2285267895125696,-4.228526789512566,-4.228526789512568,14
spoof,true,True,0.9626054448012739,0.0,0.9626054448012749,0.9626054448012731,0.9626054448012749,19
spoof,honest_fp,False,-3.436001539738853,0.0,-3.436001539738853,-3.4360015397388537,-3.436001539738853,16
spoof,true,False,0.011356839442290172,0.008531061347645436,0.02484563180088184,0.005961322498851729,0.005961322498853505,14
spoof,true,False,-0.08319561826466536,0.02283489023231484,-0.10472455923922563,-0.058975559668283495,-0.10472455923922563,17
spoof,honest_fp,False,-3.2739802577752517,8.429369702178807e-08,-3.2739802577752526,-3.2739802577752535,-3.2739802577752526,15
spoof,honest_fp,False,-3.54697486911123,0.0,-3.546974869111229,-3.5469748691112315,-3.546974869111229,14
spoof,true,False,0.02974210334911618,0.008350955783979491,0.04359059683727029,0.024706287535241955,0.0435905968372694,15
spoof,true,False,-0.02469376417248673,0.02241234103832271,-0.04299336400086329,0.0027556355700788515,-0.04299336400086329,15
spoof,honest_fp,False,-3.5588574701777285,4.2146848510894035e-08,-3.5588574701777285,-3.5588574701777276,-3.5588574701777285,16
spoof,honest_fp,False,-2.0000000000000004,0.0,-2.000000000000001,-2.0,-2.000000000000001,13
spoof,fabricated,False,-2.8975979654964865,0.0,-2.8975979654964847,-2.8975979654964874,-2.8975979654964847,17
spoof,true,False,0.03286304637902582,0.010638067110114686,0.04171445324918199,0.020077680899909467,0.04171445324918199,22
spoof,true,False,-0.12473697510714017,0.04153129696149556,-0.14331033574706709,-0.03187017190750652,-0.14331033574706709,12
spoof,honest_fp,False,-3.550746958455162,0.0,-3.5507469584551625,-3.5507469584551625,-3.5507469584551616,14
spoof,honest_fp,False,0.0,0.0,0.0,0.0,0.0,19
spoof,true,False,0.004669451324963305,0.009177940251863628,0.009760456583615351,-0.011876315765656287,-0.011876315765656287,17
spoof,true,False,-0.09528938302226807,0.0554893559518175,-0.1560749269347559,-0.044634763095196206,-0.1560749269347559,22
spoof,honest_fp,False,-0.9999999999999997,0.0,-1.0,-1.0,-1.0,19
spoof,honest_fp,False,-2.8000745916252194,9.8843121241194e-08,-2.8000745916252203,-2.800074591625222,-2.8000745916252203,13
spoof,true,False,0.007770933169239572,0.0015024574816927857,0.008690996716833155,0.005317430375656684,0.008690996716833155,11
spoof,honest_fp,False,0.0,0.0,0.0,0.0,0.0,12
spoof,true,False,-0.008084850095989464,0.0016838623317379355,-0.006298844385954183,-0.009672410727130654,-0.009672410727131542,17
spoof,true,False,2.7062577076947814,0.0,2.706257707694781,2.706257707694782,2.706257707694781,21
spoof,honest_fp,False,0.0,0.0,0.0,0.0,0.0,15
spoof,honest_fp,False,0.0,0.0,0.0,0.0,0.0,19
spoof,fabricated,False,-5.988658854604565,0.0,-5.988658854604564,-5.988658854604564,-5.988658854604565,17
spoof,true,True,1.8744326093027113,0.0,1.8744326093027102,1.8744326093027102,1.874432609302711,14
spoof,honest_fp,False,-3.269025220174553,0.0,-3.2690252201745515,-3.269025220174552,-3.2690252201745515,18
spoof,honest_fp,False,0.0,0.0,0.0,0.0,0.0,17
spoof,true,False,0.7058305283410031,1.1539404249773633,2.6194242383775874,0.00997827014588104,2.6194242383775874,15
spoof,true,False,-0.002911372083385433,0.0,-0.002911372083385544,-0.002911372083385544,-0.002911372083385544,16
spoof,true,False,0.8618575937049814,1.2301046261843573,2.6014882391927854,-0.007957729038921002,-0.007957729038921002,12
spoof,honest_fp,False,0.0,0.0,0.0,0.0,0.0,10
spoof,true,True,0.3953396721690838,0.45976941985872277,0.9769070982682102,0.031860030857130184,0.9769070982682093,13
spoof,true,True,1.9627477292161122,0.0,1.9627477292161117,1.9627477292161117,1.9627477292161117,19
spoof,true,True,0.977817436621141,0.0,0.977817436621141,0.977817436621141,0.977817436621141,15
spoof,true,True,1.9617011467228609,0.0,1.961701146722861,1.961701146722861,1.961701146722861,13
spoof,true,True,0.9665398862392217,1.0536712127723509e-08,0.9665398862392216,0.9665398862392216,0.9665398862392207,16
spoof,true,True,0.5898501820936226,0.4714617465988739,0.9747970862298168,0.01242982588933117,0.012429825889330726,15
spoof,true,True,0.9503087829447342,1.4901161193847656e-08,0.9503087829447345,0.9503087829447345,0.9503087829447341,16
spoof,true,False,1.0886277031266607,0.0,1.0886277031266598,1.088627703126658,1.0886277031266598,16
spoof,true,False,-0.01940863756361667,0.0,-0.019408637563616438,-0.019408637563616438,-0.019408637563617326,19
spoof,true,True,0.5265838294615092,0.48035041113788995,0.9794625402099726,0.017095279869487,0.9794625402099735,17
spoof,true,True,0.29663873057417806,0.44549945993788975,0.9266701088482314,-0.0183769585628486,-0.0183769585628486,15
spoof,true,True,-2.0,0.0,-2.0,-2.0,-2.0,14
spoof,true,True,-2.0,0.0,-2.0,-2.0,-2.0,16
spoof,fabricated,False,-1.0,0.0,-1.0,-1.0,-1.0,17
spoof,fabricated,False,-2.7034600623624776,5.1619136559035694e-08,-2.7034600623624776,-2.7034600623624776,-2.7034600623624785,12
spoof,true,True,0.9655517363478587,0.0,0.9655517363478587,0.9655517363478587,0.9655517363478587,14
spoof,true,True,1.990528244470872,0.0,1.9905282444708723,1.9905282444708714,1.9905282444708723,13
spoof,true,True,0.49082038509877407,0.46296911671266233,0.9537895018114373,0.027851268386111627,0.9537895018114364,16
spoof,true,True,0.4030992033387374,0.4684677242494232,0.899984260214433,-0.03857640277299268,-0.03857640277299179,17
spoof,true,True,0.0,0.0,0.0,0.0,0.0,19
spoof,true,False,0.02164322294178593,0.0,0.021643222941786888,0.021643222941785112,0.021643222941786,13
spoof,true,True,0.4221009858488877,0.46216743798701615,0.9123035800152373,-0.013634653410088404,-0.013634653410088404,17
spoof,true,False,-0.03436052849207857,0.0,-0.034360528492078046,-0.034360528492078046,-0.034360528492078046,12
spoof,true,True,0.48236892152055477,0.4684677242494235,0.9792539783962511,0.04069331540882537,0.9792539783962502,17
spoof,honest_fp,False,0.0,0.0,0.0,0.0,0.0,19
spoof,honest_fp,False,0.0,0.0,0.0,0.0,0.0,14
spoof,honest_fp,False,-1.0,0.0,-1.0,-1.0,-1.0,16
spoof,fabricated,False,-5.508692714207891,0.0,-5.508692714207889,-5.50869271420789,-5.508692714207889,20
spoof,fabricated,False,-2.5422217540200327,0.0,-2.542221754020032,-2.542221754020032,-2.542221754020032,13
spoof,true,True,0.9950440378635989,1.4901161193847656e-08,0.9950440378635985,0.9950440378635985,0.9950440378635985,17
spoof,true,True,1.9797040910132175,0.0,1.9797040910132164,1.9797040910132164,1.9797040910132164,23
spoof,true,True,0.3290095222212709,0.44879514875982496,0.9406107173344065,-0.004491252320603323,0.0015296708377832147,20
spoof,true,True,1.1934271442661328,0.4302458455078031,0.9265999979877826,1.8871777245898418,0.9265999979877826,18
spoof,true,True,0.46198868487131056,0.46473285612627174,0.8922477040977181,-0.03998017089283046,-0.039980170892831346,13
spoof,honest_fp,False,-1.0000000000000002,0.0,-1.0,-1.0,-1.0,14
spoof,true,True,0.969296118772948,0.0,0.969296118772947,0.969296118772947,0.9692961187729479,18
spoof,true,False,0.052412114652624756,6.585445079827193e-10,0.05241211465262374,0.05241211465262374,0.05241211465262463,14
spoof,true,True,0.4115209430955997,0.46998449781315144,0.944413518750375,-0.009357759775124208,-0.009357759775125096,16
spoof,true,False,-0.001539382229212786,2.0579515874459978e-11,-0.0015393822292129045,-0.0015393822292129045,-0.0015393822292120163,15
spoof,honest_fp,False,-1.322144471984842,0.0,-1.322144471984842,-1.322144471984842,-1.322144471984843,13
spoof,true,True,0.32677643526469835,0.4412048283831458,0.972611293027601,0.020331070938333085,0.972611293027601,22
spoof,true,True,-0.6340656279611204,0.46647662593014233,-1.0,-0.0394222733979408,-0.0394222733979408,21
spoof,true,True,0.39437582274439714,0.4544592446653505,0.9640706352386221,0.031842760248071755,0.964070635238623,18
spoof,honest_fp,False,0.0,0.0,0.0,0.0,0.0,16
spoof,fabricated,False,-3.0676346397993157,5.960464477539063e-08,-3.0676346397993157,-3.0676346397993157,-3.0676346397993157,20
spoof,fabricated,False,-1.0,1.4901161193847656e-08,-1.0,-1.0,-1.0,22
spoof,fabricated,False,-2.0,0.0,-2.0,-2.0,-2.0,14
spoof,fabricated,False,-2.0,0.0,-2.0,-2.0,-2.0,14
spoof,true,True,0.9427267331450437,0.0,0.9427267331450437,0.9427267331450437,0.9427267331450433,16
spoof,true,True,1.9142846942860068,0.0,1.9142846942860068,1.9142846942860068,1.9142846942860068,15
spoof,true,True,1.1586084738041862,0.9377770477004059,1.943209043416255,0.037750517215517476,1.943209043416255,17
spoof,true,True,0.9259274915566325,2.356080457693621e-08,0.9259274915566333,0.9259274915566316,0.9259274915566329,19
spoof,true,True,0.21335755907267973,0.38667578469475616,0.9101817791457609,-0.014049438501425371,-0.014049438501424483,17
spoof,true,False,0.022777632431150052,0.0,0.022777632431150607,0.02277763243114883,0.022777632431150163,16
spoof,true,True,0.6361225157248614,0.40313118053899993,0.9079135021989,0.0381823454819763,0.03818234548197741,16
spoof,true,True,1.1617603608097993,0.922476142358048,1.8763073081350754,-0.02915121806566212,-0.029151218065661233,16
spoof,true,False,0.0076604674331155476,8.231806349783991e-11,0.00766046743311577,0.00766046743311577,0.00766046743311577,12
spoof,true,True,0.2652589081872244,0.3941458702053091,0.9478632298465488,0.03210245531028022,0.9478632298465488,16
spoof,honest_fp,False,-3.132184549332131,9.424321830774485e-08,-3.1321845493321323,-3.132184549332133,-3.1321845493321328,13
spoof,honest_fp,False,-1.46015313756218,2.1073424255447017e-08,-1.4601531375621803,-1.4601531375621803,-1.46015313756218,19
spoof,honest_fp,False,0.0,0.0,0.0,0.0,0.0,16
spoof,true,True,0.5488391534911545,0.42941060255521185,0.9150417457930171,0.04531058907609342,0.9150417457930164,19
spoof,true,True,0.25133043344754813,0.4078497863846738,0.9274296122782406,-0.01092771399927095,0.01726997068845426,15
spoof,honest_fp,False,-2.0000000000000004,0.0,-2.0,-2.0000000000000018,-2.0,17
spoof,fabricated,False,-2.0,2.9802322387695312e-08,-2.0,-2.0000000000000018,-2.0,18
spoof,true,False,0.018261740661117017,0.0005557303416714015,0.018861998034886085,0.0177472343407441,0.0177472343407441,13
spoof,true,False,1.1390647074825022,0.0,1.139064707482503,1.1390647074825022,1.139064707482503,16
spoof,true,False,-0.0066023976560067865,0.0,-0.0066023976560067865,-0.0066023976560067865,-0.0066023976560067865,16
spoof,true,True,0.46795500906490156,0.46852081849518507,0.9740153318104197,0.03418901814017161,0.9740153318104197,13
spoof,true,True,1.1004567655422908,2.5809568279517847e-08,1.100456765542292,1.100456765542292,1.1004567655422912,21
spoof,true,True,0.3264508704616956,0.44912853329085467,0.9345737793071507,-0.005252534363098249,-0.005252534363097361,17
spoof,honest_fp,False,0.0,0.0,0.0,0.0,0.0,16
spoof,true,False,0.04414297846728669,0.0005516649590523481,0.0447799862925109,0.043665222598368914,0.044779986292510454,14
spoof,true,False,0.027688568517781852,3.2927225399135965e-10,0.027688568517782564,0.027688568517781675,0.02768856851778212,15
spoof,fabricated,False,-2.628056494431213,0.0,-2.6280564944312115,-2.6280564944312115,-2.6280564944312124,18
spoof,fabricated,False,-1.0,1.4901161193847656e-08,-1.0,-1.0,-1.0,20
spoof,fabricated,False,-2.034768717177762,0.0,-2.034768717177762,-2.0347687171777613,-2.034768717177762,18
spoof,true,False,-0.052402989402606286,0.06257626133553719,-0.09904458077729084,0.03155187507182511,-0.09904458077729039,14
spoof,true,False,0.02263487320308935,0.005680148327364528,0.027644293164477585,0.01619419039558956,0.027644293164477807,16
spoof,true,False,-1.8623557010255305,0.0,-1.8623557010255305,-1.8623557010255318,-1.8623557010255298,8
spoof,true,True,0.573785151640929,0.4328503769174556,0.8964127739322081,-0.006944568483373104,-0.006944568483373326,14
spoof,true,False,0.8859325255880688,0.8234804477106789,-0.10376780059956259,1.5711096744871966,-0.10376780059956259,22
spoof,honest_fp,False,-3.513698883707691,7.300048299977713e-08,-3.5136988837076912,-3.5136988837076917,-3.513698883707691,17
spoof,true,True,-1.0466811490577668,0.0,-1.046681149057767,-1.0466811490577683,-1.0466811490577668,21
spoof,true,True,0.45149978258356344,0.4510526436426108,0.9269510154338694,0.023593673018288186,0.9269510154338694,19
spoof,true,False,0.007246262763860756,0.0056801483273642645,0.01225568272524935,0.0008055799563617683,0.0008055799563615462,16
spoof,true,False,-1.122112422959852,0.8025299760594022,-1.7202829497765526,-0.04540547468979206,-1.7202829497765524,14
spoof,honest_fp,False,-1.0,0.0,-1.0,-1.0,-0.9999999999999998,18
spoof,fabricated,False,-5.417453747095813,5.960464477539063e-08,-5.417453747095815,-5.417453747095815,-5.417453747095814,16
spoof,fabricated,False,0.010938050144922603,0.060275287314976674,-0.02924547473172856,0.10135098111738827,-0.029245474731728116,13
spoof,true,False,0.03216210431057842,0.004959533809175614,0.03712163811975433,0.0272025705014034,0.03712163811975433,18
spoof,true,False,-0.06937957838340403,0.0,-0.06937957838340392,-0.06937957838340303,-0.06937957838340392,17
spoof,honest_fp,False,-1.6217743581981583,0.0,-1.6217743581981576,-1.6217743581981576,-1.6217743581981576,19
spoof,honest_fp,False,0.0,0.0,0.0,0.0,0.0,13
spoof,true,False,0.012038164586168864,0.004934673834035223,0.017493651776262276,0.007574584157911346,0.007574584157910902,20
spoof,true,False,1.1634030093692813,0.0,1.1634030093692802,1.163403009369281,1.1634030093692802,15
spoof,true,True,0.934662126370349,1.0536712127723509e-08,0.9346621263703492,0.9346621263703501,0.9346621263703496,17
spoof,fabricated,False,-2.0000000000000004,0.0,-2.0,-2.0000000000000018,-2.0,16
spoof,fabricated,False,-2.0000000000000004,0.0,-2.0,-2.0000000000000018,-2.0,15
spoof,fabricated,False,-1.0,0.0,-1.0,-1.0,-1.0,16
spoof,fabricated,False,-1.1667314323942237,0.0,-1.166731432394224,-1.166731432394224,-1.166731432394223,14
spoof,true,False,-0.07905690028118946,0.007252041752034893,-0.08589419081493865,-0.0713649484307215,-0.0713649484307215,17
spoof,true,True,-1.0019133877764994,0.0,-1.0019133877764999,-1.0019133877764999,-1.0019133877764994,12
spoof,true,True,-0.5474724548581265,0.48878561315859026,-1.0,-0.019523652192608765,-0.019523652192607877,13
spoof,honest_fp,False,0.0,0.0,0.0,0.0,0.0,16
spoof,true,True,0.9396208924918299,1.8250120749944284e-08,0.9396208924918303,0.9396208924918277,0.9396208924918303,11
spoof,true,True,1.431499581758723,0.4891475425774224,0.9085788629281142,1.8890552107355045,0.9085788629281142,15
spoof,true,False,0.01863909252292585,0.007252041752035249,0.011801801989176575,0.026331044373392842,0.011801801989176575,17
spoof,true,False,-0.034353229353806046,0.0,-0.03435322935380558,-0.03435322935380647,-0.03435322935380647,19
spoof,fabricated,False,-2.0000000000000004,0.0,-2.0,-2.000000000000001,-2.0,15
spoof,fabricated,False,-2.4451508112556986,0.0,-2.445150811255698,-2.445150811255699,-2.445150811255698,21
spoof,true,True,0.29610790100282736,0.42659306964153787,0.9836065226320265,0.010140842114111592,0.9836065226320283,18
spoof,true,True,-0.3425744559272405,1.313235693930104,1.9126562852479712,0.013433944595240277,1.9126562852479712,17
spoof,true,True,0.9292374509088015,0.9486611342662895,1.9605408327635843,0.05659612780090839,1.9605408327635843,24
spoof,true,True,0.48116011430660693,0.47278728439837936,0.9865033633035036,0.02175979136770856,0.9865033633035045,15
spoof,true,False,-0.7490747519229158,0.7818761126409399,0.03280136071802353,-1.5309508645638559,0.03280136071802442,16
spoof,honest_fp,False,0.0,0.0,0.0,0.0,0.0,17
spoof,honest_fp,False,0.0,0.0,0.0,0.0,0.0,12
spoof,honest_fp,False,0.0,0.0,0.0,0.0,0.0,15
spoof,true,True,0.3632131349663738,0.44519557021355927,0.9263457537639788,0.010663558183576782,-0.012701784612318967,13
spoof,true,True,-2.003980951300081,1.3708032441343545,1.8732361270995987,-2.488633086100041,-2.488633086100041,18
spoof,true,True,1.7153586401080487,0.5262225173287601,1.8740206988549382,-0.02992400610773771,-0.0299240061077386,12
spoof,true,True,-2.0000000000000004,0.0,-2.0,-2.0,-2.0,12
spoof,true,False,0.4505995113888491,0.49483843746176986,0.9454379488506177,-0.04423892607291968,-0.04423892607292057,18
spoof,true,True,0.42422192995669394,0.4664656965410893,0.9228865694296573,-0.010191188393251949,-0.015372888913613991,15
spoof,true,False,-1.93250930294564,0.7738566584677457,-1.262329777824835,-2.8260820031067144,-2.8260820031067144,14
spoof,honest_fp,False,0.0,0.0,0.0,0.0,0.0,16
spoof,true,True,0.3075918387802532,0.42224232803788647,0.9613858662433614,0.01223223257621342,-0.011133110219682774,17
spoof,true,True,-0.5053114785603513,1.5389455289346976,1.8982560961658939,-0.000966244486836132,-0.0009662444868370201,12
spoof,true,False,0.6327617764005529,0.4848406707589841,1.028632526369968,0.038955651446428874,1.0286325263699698,15
spoof,true,True,0.2905658920302194,0.43597793418914016,0.9494888405363664,-0.00469375830879315,-0.009875458829155637,23
spoof,fabricated,False,-1.2793466869421721,1.3781724513719247,-2.741119315956535,0.020006761070593626,-2.741119315956535,17
spoof,fabricated,False,-1.3999498919335527,1.3805630385135645,-2.7805129304471183,-0.019386853419987915,-2.7805129304471183,16
spoof,true,True,0.39624218541329287,0.44528782814752826,0.9544400188609696,0.04102538231022557,0.9544400188609705,18
spoof,true,True,1.9007124853300952,0.0,1.9007124853300938,1.9007124853300947,1.9007124853300947,17
spoof,true,True,2.9338204237269405,0.9778033686061008,1.9560170551208413,3.9116237923330406,1.9560170551208413,20
spoof,true,True,0.2359922747831313,0.39518150097453786,0.9924305376151885,0.01715013049983849,0.9924305376151894,14
spoof,true,False,-0.008348152721864316,0.03236892349063586,0.020198554532500523,-0.04505106204890641,-0.045051062048906854,16
spoof,true,True,0.45846294902119167,0.45569128293833766,0.9456174218482554,0.03220278529751042,0.03220278529751042,15
spoof,true,True,-2.0,0.0,-2.0,-2.0,-2.0000000000000004,17
spoof,true,True,-1.4412552179393718,0.8834530710229871,-2.0,-0.044393262787801646,-0.04439326278780209,14
spoof,true,True,-2.0,0.0,-2.0,-2.0,-2.0000000000000004,17
spoof,true,False,0.029120844138495413,0.004970607936197261,0.025912330512257498,0.036821276841462414,0.025912330512259274,17
spoof,true,True,0.13455739912384712,0.3407510037913596,0.9212269965458217,-0.00932399612636825,-0.026261605236257424,19
spoof,true,False,0.03675570482567117,0.03257959023946427,0.07109760828956979,0.00584799170816197,0.07109760828957024,19
spoof,honest_fp,False,0.0,0.0,0.0,0.0,0.0,10
spoof,true,True,-1.0,0.0,-1.0,-1.0,-1.0,14
spoof,true,False,-0.04227741616047701,0.00497060793619713,-0.04548592978671451,-0.03457698345750959,-0.034576983457510035,17
spoof,true,True,0.22978191179073965,0.3993261448292494,0.9580647487123617,0.008649143135889048,-0.00828846597400057,13
spoof,true,True,0.5629059056010841,0.4682219853915697,0.9758388828407547,0.03199207772150814,0.9758388828407543,16
spoof,true,True,0.5455718799451512,0.8412673185287681,1.9615205926619428,0.029350267097701277,1.961520592661942,23
spoof,true,True,0.03529854315970719,1.5253519482798328,1.9651081715913108,0.03912263072620448,1.9651081715913108,18
spoof,true,False,-0.15607657820562354,0.22524675404131886,0.012965632590038467,0.0,0.012965632590037857,18
spoof,true,True,0.2546820167557037,0.3901646664347805,0.9580245066470194,0.02847143481985981,0.9580245066470187,17
spoof,true,True,0.4482680097928893,0.4712693157552458,0.9450294861714408,0.0011826810521924358,0.0011826810521935183,19
spoof,true,True,-0.846634500963404,0.9747717587678577,-2.0,-0.022802001651552217,-0.022802001651549497,12
spoof,true,True,0.6852205412109862,0.9172851739688492,1.8693809077082024,-0.03316702088828194,-0.03316702088828152,16
spoof,true,True,-0.04822372353835153,1.5254208169090702,1.866709934046403,-0.02952366512500504,-0.029523665125002374,18
spoof,true,False,-0.14499677516364998,0.21581031854262617,0.0022355346527884734,0.0,-0.015446410011033002,20
spoof,true,True,0.24553346455284894,0.40038187521422297,0.9389290528911864,0.005285465055369087,0.0221848294065653,16
spoof,honest_fp,False,-1.0,0.0,-1.0,-1.0,-1.0,13
spoof,honest_fp,False,0.0,0.0,0.0,0.0,0.0,17
spoof,honest_fp,False,0.0,0.0,0.0,0.0,0.0,15
spoof,honest_fp,False,0.0,0.0,0.0,0.0,0.0,11
spoof,true,True,3.2759442568282866,0.9320600749204404,1.9578122579293211,3.9350102562777707,1.9578122579293198,15
spoof,true,True,0.744304610448066,0.9153189410480554,1.925895059624553,0.016163427734188218,0.014614663064743488,16
spoof,true,True,1.2949026048497856,1.1019121680270894,1.939662843835114,2.4532686324511133,0.00827696393611041,19
spoof,true,False,-1.3425914384611122,0.21674710344065096,-1.0,-1.4720345562190094,-1.487480966230042,14
spoof,true,True,0.19972251627330323,0.370624692288943,0.9408969330950638,0.0027434365368463887,0.0027434365368459446,20
spoof,fabricated,False,-3.248773702697633,0.0,-3.2487737026976315,-3.2487737026976315,-3.248773702697632,14
spoof,fabricated,False,-2.1187783744083446,2.9802322387695312e-08,-2.118778374408345,-2.118778374408345,-2.1187783744083455,17
spoof,fabricated,False,-2.7788673231377246,0.0,-2.7788673231377246,-2.7788673231377246,-2.7788673231377246,17
spoof,fabricated,False,-2.968812743197887,0.0,-2.968812743197887,-2.968812743197887,-2.968812743197887,19
spoof,fabricated,False,-2.278254118486691,0.0,-2.278254118486691,-2.278254118486691,-2.2782541184866916,15
spoof,true,True,0.7345174992153115,0.4098013853918449,0.9711164393855745,0.024720678704522214,0.9711164393855748,16
spoof,true,True,1.9788068560861396,2.9802322387695312e-08,1.9788068560861394,1.9788068560861394,1.9788068560861394,18
spoof,true,True,-0.0408934369379972,2.1645978446974867,1.9631347556072791,-2.37892632824082,1.96313475560728,13
spoof,true,True,1.9178844353692046,2.9802322387695312e-08,1.9178844353692037,1.9178844353692046,1.9178844353692046,19
spoof,true,False,0.005494201739663281,0.00142477872393051,0.0074233612515488545,0.004441932914998503,0.004441932914997698,17
spoof,true,True,0.3094205999616702,0.4335000687950454,0.9716028929689564,0.02562818867283312,0.9716028929689569,20
spoof,honest_fp,False,0.0,0.0,0.0,0.0,0.0,13
spoof,honest_fp,False,-1.2734537823864205,0.0,-1.2734537823864205,-1.2734537823864205,-1.2734537823864205,16
spoof,true,True,0.5604410927052061,0.4636373416803441,0.9389993969776267,-0.007396363703424669,-0.007396363703425696,20
spoof,true,True,-2.0,0.0,-2.0,-2.0,-1.9999999999999998,17
spoof,true,True,-0.4424573377699644,2.166200657093855,1.873308573615688,-2.4687525102324113,-2.4687525102324113,15
spoof,true,False,0.02469628871823009,0.0014754243880098273,0.026399962053401893,0.02341853371685154,0.02639996205340306,14
spoof,true,True,0.5323712454057645,0.47102880397478736,0.9623597473585468,0.016385043062424387,0.016385043062424387,11
spoof,true,False,-0.02736844517528828,0.023948890246320773,-0.0652349654811708,-0.012221837052935669,-0.06523496548117028,14
spoof,true,False,-1.0,0.0,-1.0,-1.0,-1.0,17
spoof,true,False,-0.02811460941886795,0.02550173709866152,-0.061850236600472286,-0.008837108172237151,-0.0618502366004717,11
spoof,honest_fp,False,-1.0,0.0,-1.0,-1.0,-1.0,17
spoof,honest_fp,False,0.0,0.0,0.0,0.0,0.0,15
spoof,true,False,0.0023921408262779467,0.00011543664877185659,0.002473766863420934,0.0022288887519898992,0.0024737668634218224,18
spoof,honest_fp,False,0.0,0.0,0.0,0.0,0.0,14
spoof,true,False,0.01178216542134833,0.0,0.011782165421347912,0.011782165421347912,0.011782165421347912,17
spoof,true,True,0.9088325171887441,2.1073424255447017e-08,0.9088325171887437,0.9088325171887446,0.9088325171887437,22
spoof,true,True,-1.9999999999999993,3.650024149988857e-08,-2.0,-2.0,-2.0,12
spoof,true,True,0.8980392192814592,0.0,0.8980392192814595,0.8980392192814586,0.8980392192814595,15
spoof,true,False,0.46582003837364505,0.4638205591597612,0.9031142552211158,-0.02613595557976023,-0.02613595557975934,17
spoof,honest_fp,False,0.0,0.0,0.0,0.0,0.0,15
spoof,honest_fp,False,0.0,0.0,0.0,0.0,0.0,13
spoof,true,True,1.313268291185364,0.0,1.3132682911853628,1.3132682911853637,1.3132682911853664,18
spoof,true,False,1.3329498443139032,0.0,1.3329498443139016,1.3329498443139025,1.3329498443139016,14
spoof,true,False,0.5562863026603546,0.4609809306625249,0.9628332698857385,0.0335830590848607,0.9628332698857376,16
spoof,true,False,-0.00010936740355433411,0.00011543664877191818,-2.7741366411149215e-05,-0.0002726194778430724,-0.0002726194778421842,18
spoof,honest_fp,False,0.0,0.0,0.0,0.0,0.0,13
spoof,true,True,0.4527073847815428,0.6302716662385612,1.2663846070909912,-0.03549894860412728,-0.035498948604126834,16
spoof,true,False,-0.04764116408943816,0.021581621160107815,-0.0635802476475309,-0.018419510899601477,-0.06358024764753045,17
spoof,true,False,1.3828032103143089,0.0,1.3828032103143082,1.382803210314309,1.3828032103143082,13
spoof,true,False,-1.9698742752396505,1.1245743649677127,-0.04232369500530275,-2.844253075770423,-1.9010605949499464,20
spoof,true,True,0.9120360431300754,0.0,0.9120360431300742,0.912036043130076,0.9120360431300751,14
spoof,true,True,-2.0,0.0,-2.0,-2.0,-2.0,14
spoof,true,False,-0.08007849175299023,0.24617533879909234,-0.03668065110765184,0.0,-0.036680651107651396,15
spoof,honest_fp,False,0.0,0.0,0.0,0.0,0.0,16
spoof,honest_fp,False,-1.0,0.0,-1.0,-1.0,-1.0,11
spoof,honest_fp,False,-2.0,0.0,-2.0,-2.0,-2.0,15
spoof,honest_fp,False,0.0,0.0,0.0,0.0,0.0,14
spoof,true,False,1.0894886189081143,0.9198362138877694,1.8860901474558185,0.027353247511175738,1.8860901474558185,14
spoof,true,True,0.610139089349331,0.6442652754292493,1.3540725497465411,0.05218899405142352,1.354072549746542,14
spoof,true,False,-0.037838406871640404,0.021581621160107825,-0.05377749042973434,-0.008616753681803146,-0.05377749042973301,17
spoof,true,False,-0.07825785797207929,0.2385102303695492,-0.0437881730406815,0.0,-0.04378817304068017,16
spoof,fabricated,False,-2.0,0.0,-2.0,-2.0,-2.0,18
spoof,true,False,-1.285199776864006,0.18670708080911574,-1.0,-1.407428252662866,-1.4074282526628652,20
spoof,true,True,-0.8128819477941479,0.7127088065584759,-1.48483025463264,-0.05694010260084248,-0.05694010260084337,17
spoof,true,False,-0.03364281831894266,0.014377727122208335,-0.05125186587413477,-0.021903453282147822,-0.05125186587413566,15
spoof,true,False,-0.07939451747103154,9.313225746154785e-10,-0.0793945174710311,-0.07939451747103199,-0.07939451747103199,16
spoof,true,True,0.9141655081527416,0.0,0.9141655081527418,0.9141655081527418,0.9141655081527418,20
spoof,true,True,-2.0,0.0,-1.9999999999999991,-2.0,-2.0,18
spoof,true,True,-1.0,1.4901161193847656e-08,-1.0,-1.0,-1.0,12
spoof,honest_fp,False,0.0,0.0,0.0,0.0,0.0,17
spoof,true,False,-0.21613862492418967,0.20162469544316952,0.01667751945459095,-0.39075073320827514,0.01667751945459095,14
spoof,true,True,1.9782457181716657,0.6995204562445991,1.4070896573589469,2.8349798093907452,1.4070896573589469,15
spoof,true,False,0.003838157908088074,0.014523697637376199,-0.01293236357304739,0.01641604901893956,-0.012932363573048278,14
spoof,fabricated,False,-1.4201754839784222,2.1073424255447017e-08,-1.4201754839784213,-1.4201754839784222,-1.4201754839784222,19
spoof,true,False,-0.49470568280483224,0.476396050911639,-1.0,-0.045555178631349946,-0.045555178631349946,17
spoof,true,True,-0.9640107017870463,0.7393952533844916,-1.5538440669375628,-0.03712969940766264,-0.0371296994076622,18
spoof,true,False,0.5578973445859456,0.5802176618602155,1.1381150064461618,-0.022320317274271417,-0.022320317274270085,18
spoof,honest_fp,False,0.0,0.0,0.0,0.0,0.0,18
spoof,true,True,0.6161099338659765,0.4217770621217718,0.9143513546412212,0.01962709231548665,0.9143513546412221,15
spoof,true,True,-1.9999999999999996,0.0,-2.0,-2.000000000000001,-1.9999999999999996,16
spoof,true,True,0.883929889562953,0.0,0.8839298895629533,0.8839298895629515,0.8839298895629528,14
spoof,true,False,2.1089871255286563,0.4761607354856174,1.6635795422232853,2.6180243635919354,1.6635795422232853,15
spoof,true,True,2.1211594185859255,0.7545558706856804,1.4386379531974711,2.9553523207273713,1.4386379531974711,20
spoof,true,True,0.4908608337607713,0.4445920603730431,0.8885160614610985,-0.006208200864637803,-0.006208200864636471,18
spoof,true,False,0.8267733537401221,0.5355855340248147,1.183830376423332,0.023395052702898766,1.183830376423331,13
spoof,fabricated,False,-1.8215413269594214,0.0,-1.8215413269594212,-1.8215413269594212,-1.8215413269594207,17
spoof,fabricated,False,-2.044856417432191,0.0,-2.0448564174321913,-2.0448564174321904,-2.044856417432191,8
spoof,true,True,0.4337299362606915,0.4798143486852347,0.9641846574665873,-0.0002784719986763662,-0.0002784719986763662,20
spoof,true,True,0.2782757438280198,0.43072819725108474,0.9455398936164467,-0.0031661651291639004,0.0017613884042155803,17
spoof,true,True,0.9352370630547381,0.0,0.9352370630547409,0.9352370630547391,0.9352370630547391,17
spoof,true,True,0.24242023830837509,0.4154998136015054,0.9376653685180152,-0.010409978731678038,-0.010409978731678038,19
spoof,true,False,0.12824282622849997,0.0,0.12824282622850092,0.12824282622849914,0.12824282622849914,14
spoof,true,False,1.497334926182675,2.9802322387695312e-08,1.4973349261826758,1.497334926182674,1.4973349261826758,17
spoof,honest_fp,False,-2.5809536984983623,0.0,-2.5809536984983623,-2.5809536984983623,-2.580953698498364,13
spoof,true,True,0.6705659567110083,0.44513682898396645,0.9673238427003223,0.002860713235058654,0.9673238427003206,13
spoof,true,True,0.3168397497978943,0.4380642727169569,0.9665820205364941,0.014701060838863356,0.9665820205364923,16
spoof,honest_fp,False,-1.0,0.0,-1.0,-1.0,-1.0,17
spoof,honest_fp,False,-1.3284331758832064,0.0,-1.3284331758832053,-1.328433175883207,-1.328433175883207,14
spoof,fabricated,False,-2.0758339653222295,4.2146848510894035e-08,-2.0758339653222286,-2.0758339653222304,-2.0758339653222304,21
spoof,true,True,0.61038863328298,0.4412982450497469,0.959265528731061,0.05218560056604815,0.959265528731061,13
spoof,true,True,0.673718666532716,0.6860715105593144,0.969969376408125,0.014034280921094933,0.013810351284517797,13
spoof,true,True,0.9505375611184723,0.0,0.9505375611184714,0.9505375611184732,0.9505375611184723,12
spoof,true,False,0.9234533744213679,0.6960153389479419,1.4786815391801724,0.05095197265753271,1.4786815391801742,18
spoof,true,True,-0.33057060620308326,1.2141139727868455,0.949217891477625,-1.4823802541157214,0.949217891477625,19
spoof,honest_fp,False,-2.0,0.0,-2.0,-2.0,-1.9999999999999996,14
spoof,honest_fp,False,0.0,0.0,0.0,0.0,0.0,14
spoof,true,True,-0.3270740809650314,0.4345072483121491,-1.0,-0.03132174609698524,-0.03132174609698479,17
spoof,true,False,2.5511875163155198,2.9802322387695312e-08,2.551187516315519,2.551187516315519,2.551187516315519,10
spoof,true,False,0.8720115463071781,0.6822899899920106,1.3759160991975214,-0.05181346732511827,-0.05181346732511827,17
spoof,true,True,-0.10128157238256653,1.1912349432402989,0.8713576858547718,-1.5602404597385728,-1.5602404597385733,15
spoof,honest_fp,False,-2.239413852879936,5.1619136559035694e-08,-2.2394138528799363,-2.2394138528799346,-2.239413852879936,21
spoof,honest_fp,False,-1.1782750402247184,1.4901161193847656e-08,-1.1782750402247189,-1.1782750402247153,-1.1782750402247184,19
spoof,honest_fp,False,-2.2501268913359915,0.0,-2.2501268913359915,-2.2501268913359915,-2.250126891335991,16
spoof,true,True,0.51790858702589,0.441298245049747,0.8667854824739702,-0.04029444569104257,-0.04029444569104079,13
spoof,true,True,0.48084822591989496,0.646561769707796,0.9758801413395197,0.045999768211419934,0.9758801413395197,19
spoof,honest_fp,False,-1.0,0.0,-1.0,-1.0,-0.9999999999999996,17
spoof,fabricated,False,-2.0650828121491975,0.0,-2.065082812149196,-2.065082812149196,-2.0650828121491966,13
spoof,fabricated,False,-1.13032892937294,0.0,-1.13032892937294,-1.13032892937294,-1.1303289293729395,16
spoof,fabricated,False,-2.223467992917119,0.0,-2.2234679929171186,-2.2234679929171186,-2.223467992917118,18
spoof,true,True,0.9553071708266944,1.0536712127723509e-08,0.9553071708266945,0.9553071708266927,0.9553071708266949,13
spoof,true,True,0.35474999118822925,0.44441186000565175,0.9831836579298923,0.03273152916731448,0.9831836579298923,18
spoof,true,True,0.976289664856369,1.4901161193847656e-08,0.9762896648563686,0.9762896648563668,0.9762896648563686,15
spoof,true,False,0.006208663959867818,0.007085436422825448,-0.0004191549226284508,0.013783314111293521,-0.0004191549226280067,15
spoof,true,True,0.13812716773044606,1.1213699480138613,0.9310554621898532,-1.4477294211883667,0.9310554621898541,15
spoof,honest_fp,False,0.0,0.0,0.0,0.0,0.0,16
spoof,true,True,0.2800699222523939,0.43044960539138394,0.8886438270717694,-0.022313350236171203,-0.04105025020876818,18
spoof,true,False,-0.014517681196403644,0.007057263601817572,-0.022407941770803852,-0.008205472736882768,-0.022407941770803408,18
spoof,true,True,-0.361343570981155,1.1880431588478484,0.8846866060264853,-1.4940982773517337,-1.4940982773517368,21
spoof,true,True,0.3850799803209587,0.4581563808047221,0.9139219676000367,-0.007372573022561113,-0.02610947299515809,14
spoof,honest_fp,False,-1.0000000000000002,0.0,-1.0,-0.9999999999999964,-1.0,13
spoof,fabricated,False,-2.9381224118899065,0.0,-2.938122411889905,-2.9381224118899034,-2.9381224118899056,17
spoof,fabricated,False,-1.771851312554815,2.1073424255447017e-08,-1.7718513125548139,-1.771851312554812,-1.7718513125548143,17
spoof,fabricated,False,-2.0443269216542412,4.2146848510894035e-08,-2.044326921654241,-2.044326921654239,-2.0443269216542412,16
spoof,fabricated,False,-3.284586587144957,0.0,-3.2845865871449558,-3.284586587144954,-3.284586587144956,15
spoof,fabricated,False,-1.0,0.0,-1.0,-0.9999999999999964,-1.0,16
spoof,true,True,1.276399270068821,0.43685670273219396,0.9674949331600917,1.8942079438862809,0.9674949331600908,15
spoof,true,True,0.938895022010732,0.0,0.9388950220107324,0.9388950220107315,0.9388950220107319,23
spoof,true,True,0.5765417880106292,0.4573309761631377,0.9798697979353195,0.057977203821740986,0.9798697979353195,16
spoof,true,True,0.815750310918758,0.6116829015897549,1.3373952421244146,0.09848853051098061,1.3373952421244146,19
spoof,true,True,0.972835617813502,0.005695061713327842,0.9808896513271268,0.9688086010566881,0.9808896513271268,18
spoof,honest_fp,False,-1.0,0.0,-1.0,-1.0,-1.0,14
spoof,true,True,0.9764447404278431,0.5478651616899743,1.3068198635247583,0.06791315191132519,0.06791315191132474,15
spoof,true,True,-1.0,0.0,-1.0,-1.0,-1.0,17
spoof,true,True,0.41348862756557814,0.46094629705678913,0.8744349246223679,-0.04745766949121055,-0.04745766949121055,18
spoof,true,True,-0.006040525135219059,0.006040525135219059,0.0,-0.012081050270438709,-0.012081050270438265,12
spoof,honest_fp,False,0.0,0.0,0.0,0.0,0.0,23
spoof,fabricated,False,-0.5610306791296998,0.4627142922958117,-1.0,-0.07328698927381083,-0.07328698927381083,19
spoof,fabricated,False,-3.0582626602125633,5.960464477539063e-08,-3.0582626602125647,-3.0582626602125647,-3.0582626602125638,15
spoof,true,False,0.8721941830813947,0.8129551787035518,1.6248444277393261,-0.005897769019529875,-0.005897769019529875,13
spoof,true,False,-0.04744079203942927,0.0,-0.0474407920394313,-0.0474407920394313,-0.047440792039429525,21
spoof,true,True,0.24710340614572482,0.41801374371828626,0.940300187248198,-0.0043860494964391705,-0.004386049496437394,15
spoof,true,False,1.3031475664343062,1.2627704590009083,2.565918025435213,0.04037710743339673,0.04037710743339673,16
spoof,true,True,5.020703038820832,0.0,5.02070303882083,5.020703038820834,5.02070303882083,16
spoof,true,True,0.562701575235914,0.46152004422879617,0.948836947686388,0.011079614592382825,0.011079614592382825,17
spoof,true,False,0.6237497110374963,0.7778144544465311,1.6837321389307505,0.052989942171894455,1.6837321389307576,20
spoof,true,True,0.25481012102037986,0.40964240070616303,0.9341244926777605,0.008319201715458746,0.007038579246232857,15
spoof,true,True,-0.4274851733801084,2.348564276442226,1.921079103062116,-2.7760494498223345,1.921079103062116,16
spoof,honest_fp,False,-1.6794232491374999,2.1073424255447017e-08,-1.6794232491374999,-1.6794232491374999,-1.6794232491374999,20
spoof,honest_fp,False,0.0,0.0,0.0,0.0,0.0,16
spoof,true,True,2.7341503836099017,7.300048299977713e-08,2.734150383609901,2.734150383609908,2.7341503836099044,18
spoof,true,True,0.2603092345441515,0.41838079589136423,0.9541152847357814,0.007966512831671935,0.9541152847357832,15
spoof,true,False,1.6231829490834184,1.2286864038212755,2.594544840622575,0.06900392262076238,2.5945448406225786,13
spoof,true,True,-0.5753263300221919,2.3444974954232123,1.911388786210754,-2.7857397666737,-2.7857397666737,17
spoof,true,True,-5.449218092918742,8.429369702178807e-08,-5.449218092918741,-5.449218092918741,-5.449218092918741,15
spoof,true,True,0.5017876094972745,0.4688786665470024,0.9706662760442768,0.03290894295027158,0.9706662760442768,20
spoof,honest_fp,False,-0.9999999999999996,1.0536712127723509e-08,-1.0,-1.0,-1.0,18
spoof,fabricated,False,-0.9999999999999997,0.0,-1.0,-1.0,-1.0,19
spoof,fabricated,False,-6.2141842434892,8.429369702178807e-08,-6.2141842434892,-6.2141842434892,-6.2141842434892,13
spoof,true,False,-0.047477030106330025,0.0,-0.04747703010633231,-0.047477030106328755,-0.04747703010633053,14
spoof,true,True,3.526275833296221,0.6922820952278546,2.610472702758404,4.0495919078892655,2.610472702758404,22
spoof,true,True,0.9082467206681066,0.0,0.9082467206681066,0.9082467206681066,0.9082467206681066,12
spoof,true,True,0.1961055943977008,0.36151697498827645,0.9412633135741544,0.01430820841038738,0.9412633135741526,21
spoof,true,True,0.22157916148446358,2.2385865262745086,1.8901230435727712,-2.78179982627449,-2.7817998262744883,14
spoof,true,True,5.1350007981628485,0.0,5.135000798162846,5.135000798162849,5.135000798162846,22
spoof,true,True,1.4985455369304077,0.4717200346836572,0.9018616459168172,1.8714729688139045,0.9018616459168154,13
spoof,true,True,-1.2805241683354538,0.5756476820523416,-1.5683480093616247,-0.12922880423076677,-0.12922880423076855,10
spoof,true,True,0.25917437109678965,0.41115374477990024,0.9091291913541788,-0.008685993344297316,-0.008685993344299092,14
spoof,honest_fp,False,0.0,0.0,0.0,0.0,0.0,17
spoof,honest_fp,False,0.0,0.0,0.0,0.0,0.0,13
spoof,true,True,1.93984908628792,3.650024149988857e-08,1.9398490862879214,1.9398490862879214,1.9398490862879214,17
spoof,true,True,0.24844086907504112,0.39948152641165285,0.910888533693317,0.006484632166134929,0.0016315386230498774,15
spoof,true,True,-0.6783100731684717,2.3242522813145654,1.8912475052475202,-2.7806753645997375,1.8912475052475202,20
spoof,true,True,-0.37667843528044387,0.46459646351815403,-1.0,-0.03038867710291271,-0.03038867710291271,14
spoof,fabricated,False,-5.686667692850072,0.0,-5.686667692850072,-5.686667692850072,-5.686667692850067,19
spoof,fabricated,False,-3.0159505926654684,0.0,-3.015950592665469,-3.015950592665469,-3.0159505926654635,15
spoof,true,False,-0.0984736593479178,0.0,-0.09847365934791696,-0.09847365934791696,-0.09847365934791696,17
spoof,true,False,-0.06799703057454376,0.0,-0.06799703057454565,-0.06799703057454565,-0.06799703057454387,17
spoof,true,True,2.47367297809435,0.0,2.473672978094349,2.4736729780943456,2.473672978094349,15
spoof,true,True,0.45842281620443637,0.4437208176689173,0.8734856349785041,-0.0159346909659277,-0.0159346909659277,15
spoof,true,True,0.25149414090342326,0.632834246345356,1.9248071752962161,-0.005581957724881903,1.9248071752962197,24
spoof,true,True,-3.352716563659966,2.5548199495367805,-5.39075784305852,-0.1500802674622257,-0.15008026746222392,18
spoof,true,True,1.4274213539795868,0.47408850570887645,0.9276881904643268,1.8771812011433227,0.927688190464325,19
spoof,honest_fp,False,-1.0,0.0,-1.0,-1.0,-1.0,16
spoof,true,True,-2.0,0.0,-2.0,-2.0,-1.9999999999999982,19
spoof,true,True,0.43282270632849673,0.777078396576724,1.9201106421050511,-0.002947438118980017,-0.0029474381189782406,14
spoof,true,True,-5.524089134439501,0.0,-5.524089134439496,-5.524089134439503,-5.524089134439501,16
spoof,true,True,0.32142954010205527,0.41927676253363855,0.9143764240650114,0.024956098120576087,0.9143764240650096,24
spoof,true,True,0.4545047366452772,0.7884472936403103,1.893993591777825,0.017339987534946033,0.018361610748639734,13
spoof,true,True,1.9460730942608762,2.9802322387695312e-08,1.9460730942608748,1.9460730942608748,1.9460730942608748,15
spoof,true,True,7.337335146821222,2.5548199495367814,5.299293867422662,10.539971443018963,5.299293867422662,18
spoof,true,True,-0.5252534946605009,0.474746505339499,-1.0,-0.05050698932100417,-0.05050698932100239,18
spoof,honest_fp,False,0.0,0.0,0.0,0.0,0.0,16
spoof,honest_fp,False,0.0,0.0,0.0,0.0,0.0,17
spoof,fabricated,False,-2.32725224039111,5.960464477539063e-08,-2.3272522403911076,-2.327252240391111,-2.3272522403911093,16
spoof,fabricated,False,-1.3469848343844784,1.4901161193847656e-08,-1.3469848343844752,-1.3469848343844788,-1.346984834384477,17
spoof,true,False,-0.10257062735483433,1.3170890159654386e-09,-0.10257062735483657,-0.10257062735483302,-0.10257062735483391,15
spoof,true,True,2.593230020270125,1.8545114672208234,2.391370184425302,2.4850592146420354,-0.0486852489177485,16
spoof,true,True,0.3088526453712521,0.43294313352739455,0.9211266965419931,0.002715619785881529,0.9211266965419993,18
spoof,true,True,-0.4143806903491199,2.2896091544182338,1.8752284640691101,-2.703989844767353,-2.703989844767354,14
spoof,true,True,5.072014027146143,0.0,5.072014027146139,5.0720140271461425,5.072014027146139,10
spoof,honest_fp,False,-1.0,0.0,-1.0,-1.0,-1.0,17
spoof,true,True,1.4493366886025922,1.2057537823591244,2.4935461791274243,0.06419061213967936,2.4935461791274296,14
spoof,true,True,0.9013578765447084,1.4901161193847656e-08,0.9013578765447079,0.9013578765447079,0.9013578765447097,13
spoof,true,True,1.494388084418127,0.45716606970731527,0.9479701186869782,1.8768806604299293,0.94797011868698,17
spoof,true,True,-1.3869243557522029,1.2638206733306032,-2.6507394828591515,-0.11699501929936673,-2.650739482859149,14
spoof,true,True,1.9690261947066412,2.9802322387695312e-08,1.969026194706636,1.9690261947066396,1.9690261947066396,11
spoof,true,True,-1.0,0.0,-1.0,-1.0,-1.0,10
spoof,true,True,0.3658928472284765,0.4499277024345143,0.9169394932821433,-0.0014715834739718048,-0.0014715834739709166,15
spoof,true,True,-0.4956643439659254,2.2845154681211253,1.9465854207468531,-2.63263288808961,1.9465854207468567,15
spoof,true,True,1.9183491977164147,0.0,1.9183491977164095,1.918349197716413,1.9183491977164149,15
spoof,true,True,-0.477487820269592,0.4608124281896481,-1.0,-0.07108945825705248,-0.0710894582570516,16
spoof,honest_fp,False,0.0,0.0,0.0,0.0,0.0,16
spoof,fabricated,False,-2.365395425213106,0.0,-2.365395425213105,-2.365395425213105,-2.365395425213106,15
spoof,fabricated,False,-1.3820687925626223,0.0,-1.3820687925626238,-1.3820687925626238,-1.382068792562623,18
spoof,fabricated,False,-1.0,0.0,-1.0,-1.0,-1.0,20
spoof,fabricated,False,-6.542510785960391,1.1920928955078125e-07,-6.5425107859603955,-6.542510785960392,-6.542510785960393,19
spoof,true,True,0.43494305344936657,0.5469468148133134,1.1260966531929428,0.0216985130169558,-0.021063213033473138,13
spoof,true,True,1.3275296289437404,0.8822867581508017,1.9051218937842043,-0.020185655684009873,-0.02018565568401054,20
spoof,true,True,0.36088683186737114,0.4605488677606109,0.8926461354925523,-0.02751169487973648,-0.04457510253640695,14
spoof,honest_fp,False,-2.0,2.9802322387695312e-08,-2.0,-2.0,-2.0,17
spoof,honest_fp,False,0.0,0.0,0.0,0.0,0.0,18
spoof,honest_fp,False,0.0,0.0,0.0,0.0,0.0,14
spoof,honest_fp,False,-2.0,2.9802322387695312e-08,-2.0,-2.0,-2.0,20
spoof,honest_fp,False,-2.0,0.0,-2.0,-2.0,-2.0,17
spoof,true,True,0.2892596520459966,0.48239256828800103,1.1234734374117048,0.012347646893156039,-0.0304140791572729,20
spoof,true,True,1.6242515699331102,0.7339658231053269,1.964011725721619,0.038704176253403944,1.964011725721619,17
spoof,true,True,0.33150450191887687,0.4436654558716182,0.9842794756330457,0.017953319169059512,0.9842794756330453,19
spoof,true,False,0.02415802183624649,3.2927225399135965e-10,0.02415802183624649,0.02415802183624649,0.02415802183624649,14
spoof,true,True,0.8331718641795716,0.9534203703165025,1.9612740597045342,0.027384581661742402,1.9612740597045333,12
spoof,honest_fp,False,0.0,0.0,0.0,0.0,0.0,16
spoof,true,True,0.3547233321597669,0.517501425918475,1.1890256164926738,0.013805781592513,1.1890256164926742,18
spoof,true,True,0.2891564270439355,0.429348095513134,0.9675335785074042,0.010713841126316126,-0.006349566530354123,21
spoof,true,True,0.5872349784994775,0.8811672637488812,1.9523334335885076,0.018443955545714985,0.018443955545714763,17
spoof,honest_fp,False,0.0,0.0,0.0,0.0,0.0,18
spoof,honest_fp,False,-2.0,0.0,-2.0,-2.0,-2.0,16
spoof,true,True,0.648123686718871,0.9030190928705899,1.9251572398559444,0.00141588719445096,0.0014158871944491835,21
spoof,true,True,0.15532471780113505,0.37916936563686426,0.9136466317231617,-0.02941409322575339,-0.029414093225754945,10
spoof,true,True,0.5811172616887689,0.8887269004188266,1.8992356768969865,-0.011542471517124397,-0.030029104273479712,16
spoof,honest_fp,False,0.0,0.0,0.0,0.0,0.0,14
spoof,honest_fp,False,0.0,0.0,0.0,0.0,0.0,23
spoof,honest_fp,False,-1.0000000000000004,0.0,-1.0000000000000009,-1.0,-1.0000000000000002,9
spoof,true,True,0.5249116185689541,0.5392384643323394,1.0933188683228403,0.013345093790459117,1.0933188683228403,19
spoof,true,True,0.9367414769967868,0.9606518277794306,1.9637060713089562,0.025666999151567893,1.9637060713089558,15
spoof,true,True,0.1352620739409169,0.3121986242647419,0.9895969245393372,0.014762017873525934,0.989596924539337,17
spoof,true,False,-0.017943258731333216,0.0,-0.017943258731333067,-0.01794325873133218,-0.017943258731333067,18
spoof,true,True,0.48942973664409284,0.8439555482151093,1.9015365504057558,-0.01090972977203819,-0.029396362528394837,19
spoof,honest_fp,False,-2.0,4.2146848510894035e-08,-2.000000000000001,-2.0,-2.0,17
spoof,true,True,0.6429159777002109,0.529076936638382,1.0749054875131643,-0.0050682870192169105,-0.005068287019219353,15
spoof,true,True,0.713643552827709,0.9274339350754257,1.927938931750937,0.004068693555343117,0.006540470022976752,19
spoof,true,True,0.16064739351517604,0.33782624958378554,0.9875919947132674,0.013726967710969262,0.006624824663802986,14
spoof,true,True,0.7762495453309951,0.9410376701921253,1.9665654020764114,0.025083412639506975,1.9665654020764114,13
spoof,honest_fp,False,0.0,0.0,0.0,0.0,0.0,21
spoof,fabricated,False,-6.023920706647423,8.429369702178807e-08,-6.023920706647423,-6.023920706647422,-6.023920706647423,12
spoof,fabricated,False,-6.495715588154652,0.0,-6.495715588154652,-6.495715588154649,-6.495715588154651,15
spoof,true,True,-1.0872580506425167,0.0,-1.0872580506425162,-1.087258050642518,-1.0872580506425167,18
spoof,true,True,0.2858834257995816,0.6951081759835326,1.8911572230911506,-0.011044322527983041,-0.018341742638163683,19
spoof,true,True,-0.4418276090472091,0.804918803299775,-2.0,-0.01194223902485092,-0.05498647062530104,19
spoof,honest_fp,False,-2.0,0.0,-2.0,-2.000000000000001,-2.0,11
spoof,honest_fp,False,-2.0,0.0,-2.0,-2.000000000000001,-2.0,17
spoof,true,True,0.5562021043784567,0.47155385782408515,0.9547378536521283,-0.0017479446046841929,-0.0017479446046838598,12
spoof,true,True,1.1162332154043781,0.0,1.1162332154043781,1.1162332154043781,1.1162332154043777,16
spoof,true,True,0.3551896856781759,0.7334179934601379,1.9394847785369826,0.013727798224330456,1.9394847785369818,17
spoof,true,True,0.3172164672385107,0.44928909247208976,0.9836198848105298,0.014305822887592967,0.98361988481053,16
spoof,true,False,1.8285720620174502,1.3079407445104787,2.8034535337731565,0.07378541285717866,2.8034535337731565,14
spoof,true,False,-0.0618361570017443,0.0,-0.06183615700174272,-0.061836157001744496,-0.06183615700174422,18
spoof,true,True,0.9606007660785126,1.3773592230239426,1.9070432767646839,0.018105286226818507,-0.02493894537363217,16
spoof,honest_fp,False,0.0,0.0,0.0,0.0,0.0,16
spoof,honest_fp,False,0.0,0.0,0.0,0.0,0.0,12
spoof,true,True,0.4914181175105585,0.47824289912840595,0.9696610166389643,0.013175218382151854,0.9696610166389645,14
spoof,true,True,0.3612705174727957,0.7497289746283192,1.9218594686445876,0.0007507961955415254,-0.006546623914639338,16
spoof,true,True,0.3187668833831417,0.4569390308567904,0.9649762579984333,-0.0043378039245052236,-0.00433780392450378,15
spoof,true,False,1.3685319905860582,1.3648340604579887,2.7333660510440474,0.0036979301280695154,0.0036979301280702925,18
spoof,true,True,1.3145891221312445,1.4470898186314058,1.9599675118944937,0.013760488730016007,1.959967511894492,12
spoof,honest_fp,False,-1.0,0.0,-1.0,-1.0000000000000009,-0.9999999999999999,21
spoof,fabricated,False,-1.2192546913918354,0.0,-1.2192546913918356,-1.2192546913918365,-1.2192546913918352,16
spoof,fabricated,False,-1.0,0.0,-1.0,-1.0000000000000009,-0.9999999999999999,16
spoof,true,True,-1.024686263108548,1.4901161193847656e-08,-1.0246862631085474,-1.0246862631085474,-1.024686263108548,17
spoof,true,True,0.5339467583449338,0.8481773531360537,1.9531029074185042,0.01867789853050894,1.9531029074185033,19
spoof,true,True,1.9285319398133964,2.1073424255447017e-08,1.9285319398133964,1.9285319398133964,1.9285319398133973,22
spoof,honest_fp,False,-2.0,0.0,-2.0,-2.0,-2.0,12
spoof,true,True,0.4165438192716062,0.48198190184225725,0.9926223775348735,0.013288828487318938,0.9926223775348735,17
spoof,true,True,0.591953228307939,0.5413821179111583,1.093175674727524,0.007193707485090073,1.0931756747275232,13
spoof,true,True,0.5154787435057007,0.8508587165838274,1.887419604839705,-0.007010041616796414,-0.021653461662613394,18
spoof,true,True,0.5208867437951107,0.475236769393085,0.9400061790243956,-0.017981101499685792,-0.017981101499685126,16
spoof,true,False,0.04715076566092308,0.027695936356983114,0.015746525691930913,0.07157628563680518,0.015746525691930247,16
spoof,true,False,3.5858615054327814,8.429369702178807e-08,3.585861505432783,3.5858615054327814,3.585861505432783,12
spoof,true,True,0.5300273311399515,0.48821590681759225,0.9820274307003611,0.0026938816528065956,0.0026938816528065956,13
spoof,true,True,0.47530535343722385,0.5387321650545314,1.086170210011094,0.00018824276865991862,0.00018824276865991862,16
spoof,true,True,0.6052799824420679,0.8879114133438244,1.9220749555224597,0.0005380827014249689,-0.01410533734439201,16
spoof,true,True,0.5632009551217223,0.47523676939308535,0.982320390351008,0.024333109826926602,0.9823203903510076,16
spoof,true,False,-0.03663803122249216,0.02791487997243821,-0.06455291119493012,-0.008723151250054073,-0.008723151250054295,14
spoof,honest_fp,False,0.0,0.0,0.0,0.0,0.0,21
spoof,fabricated,False,-2.957368204292797,4.2146848510894035e-08,-2.9573682042927967,-2.9573682042927967,-2.9573682042927976,11
spoof,fabricated,False,-1.0,0.0,-1.0,-1.0,-1.0000000000000002,19
spoof,fabricated,False,-2.039179346013471,2.9802322387695312e-08,-2.039179346013471,-2.039179346013471,-2.039179346013472,18
spoof,fabricated,False,-2.6362888517854657,0.0,-2.6362888517854657,-2.6362888517854657,-2.6362888517854657,16
spoof,true,True,0.6098777770215199,2.0620347751412447,1.9409155009252874,-2.584612760347518,1.9409155009252865,17
spoof,true,True,0.6585126251490756,0.4409560449298717,0.970315634724189,0.034906605998852314,0.9703156347241881,12
spoof,true,True,0.2928091041772068,0.4143364274135441,0.979908337530734,0.04295483750319562,0.9799083375307323,15
spoof,true,True,-2.3230080784226876,0.0,-2.3230080784226868,-2.3230080784226885,-2.3230080784226876,15
spoof,honest_fp,False,0.0,0.0,0.0,0.0,0.0,18
spoof,true,True,0.21277330957207516,2.183007980731002,1.8800731953041616,-2.645455065968644,-2.6454550659686458,19
spoof,true,True,0.3207045941168825,0.4499744843875848,0.9159648851239162,-0.019444143601422326,-0.019444143601421437,22
spoof,true,True,0.4708512681107908,0.4684767500137681,0.9393280181245593,0.002374518097020939,0.0023745180970227153,8
spoof,honest_fp,False,-1.6407916658499746,2.1073424255447017e-08,-1.6407916658499762,-1.6407916658499744,-1.6407916658499753,16
spoof,honest_fp,False,-1.0,0.0,-1.0,-1.0,-1.0,16
spoof,true,True,2.386089679186249,0.0,2.3860896791862505,2.3860896791862523,2.3860896791862505,10
spoof,true,True,2.2223843547719087,4.2146848510894035e-08,2.2223843547719078,2.2223843547719113,2.2223843547719095,20
spoof,true,False,-0.01376569087913948,1.6463612699567982e-10,-0.013765690879138148,-0.013765690879139925,-0.013765690879139036,12
spoof,true,False,0.010005224201433164,1.6463612699567982e-10,0.010005224201433904,0.010005224201432128,0.010005224201433016,12
spoof,fabricated,False,-1.0,0.0,-1.0,-1.0,-1.0,15
spoof,fabricated,False,-5.6976055663192025,0.0,-5.697605566319201,-5.697605566319201,-5.6976055663192,16
spoof,fabricated,False,-2.612640566425476,2.9802322387695312e-08,-2.612640566425478,-2.612640566425476,-2.612640566425477,13
spoof,fabricated,False,-5.9049885630426635,0.0,-5.904988563042661,-5.904988563042664,-5.9049885630426635,17
spoof,true,True,0.6781307739238515,0.9284214620602237,1.9352193761681065,-0.007553918209377564,-0.007553918209378452,17
spoof,true,True,0.0,0.0,0.0,0.0,0.0,14
spoof,true,True,0.9262189234753689,1.4901161193847656e-08,0.9262189234753695,0.9262189234753695,0.9262189234753695,17
spoof,true,True,0.8958121471039429,1.0536712127723509e-08,0.8958121471039426,0.8958121471039435,0.8958121471039426,18
spoof,true,False,-0.002655744764194168,0.0,-0.002655744764194168,-0.002655744764194168,-0.002655744764194168,17
spoof,true,True,0.9093117608963143,0.9685084582040057,1.9554204578688061,0.012647163491322111,1.9554204578688061,13
spoof,true,True,2.2449730855757677,2.9802322387695312e-08,2.2449730855757686,2.2449730855757677,2.2449730855757686,17
spoof,true,True,1.6045119054334818,0.0,1.6045119054334833,1.6045119054334824,1.6045119054334824,17
spoof,true,False,-0.18896528909987154,0.0,-0.18896528909987076,-0.18896528909987076,-0.18896528909987165,18
spoof,honest_fp,False,0.0,0.0,0.0,0.0,0.0,17
spoof,honest_fp,False,0.0,0.0,0.0,0.0,0.0,16
spoof,fabricated,False,-1.0000000000000002,0.0,-1.0,-1.0,-1.0,14
spoof,true,True,1.9007047137539175,0.0,1.9007047137539175,1.9007047137539175,1.9007047137539193,18
spoof,true,True,0.45277051476438973,0.4668222435742586,0.9195927583386485,-0.014051728809871378,-0.014051728809869601,20
spoof,honest_fp,False,0.0,0.0,0.0,0.0,0.0,17
spoof,true,True,0.5465158738467514,0.4639316755737813,0.9614689792460922,0.027824492097574094,0.9614689792460922,18
spoof,true,True,0.9628453131327458,0.0,0.9628453131327444,0.9628453131327444,0.9628453131327461,23
spoof,honest_fp,False,-1.6467885491750347,0.0,-1.646788549175037,-1.6467885491750351,-1.6467885491750343,17
spoof,honest_fp,False,0.0,0.0,0.0,0.0,0.0,13
spoof,true,False,2.173722795906419,2.9802322387695312e-08,2.173722795906418,2.173722795906418,2.173722795906416,14
spoof,true,False,2.2448481895186188,2.9802322387695312e-08,2.2448481895186188,2.2448481895186205,2.2448481895186188,18
spoof,true,True,1.4837215137564428,2.1073424255447017e-08,1.4837215137564428,1.4837215137564428,1.4837215137564428,17
spoof,honest_fp,False,0.0,0.0,0.0,0.0,0.0,13
spoof,fabricated,False,-3.283794925321252,0.0,-3.283794925321251,-3.2837949253212493,-3.2837949253212493,17
spoof,fabricated,False,-3.2172107655282645,4.2146848510894035e-08,-3.2172107655282662,-3.2172107655282645,-3.2172107655282645,16
spoof,true,True,1.9562333572643191,0.0,1.9562333572643187,1.9562333572643187,1.9562333572643187,14
spoof,true,True,0.9063452976813204,0.0,0.9063452976813196,0.9063452976813196,0.9063452976813196,17
spoof,true,True,0.8936310738206296,1.4901161193847656e-08,0.8936310738206288,0.8936310738206288,0.8936310738206306,14
spoof,honest_fp,False,0.0,0.0,0.0,0.0,0.0,17
spoof,true,False,0.08708827483832694,9.313225746154785e-10,0.08708827483832593,0.08708827483832593,0.08708827483832593,14
spoof,true,True,1.4669526888416484,2.9802322387695312e-08,1.4669526888416495,1.466952688841646,1.4669526888416495,14
spoof,true,False,0.05140788813093538,0.0,0.05140788813093522,0.05140788813093522,0.05140788813093522,11
spoof,honest_fp,False,0.0,0.0,0.0,0.0,0.0,17
spoof,fabricated,False,-0.9698757342649234,1.4328789101066501,-3.0790163816759932,0.0035737953094141517,-3.0790163816759915,19
spoof,fabricated,False,-1.115554305364555,0.0,-1.1155543053645545,-1.115554305364558,-1.1155543053645545,15
spoof,fabricated,False,-0.9999999999999997,0.0,-1.0,-1.0,-1.0,19
spoof,fabricated,False,-1.4264423322878803,1.5367282781924323,-3.086298581433871,-0.0037084044484636536,-3.0862985814338693,13
spoof,true,True,0.30655862873496476,0.44098954029447746,0.9801812784293729,0.017863207437361694,0.9801812784293729,20
spoof,true,False,-0.10898649893346352,0.02947293393552215,-0.12863512155714396,-0.06477709803017895,-0.12863512155714485,13
spoof,true,True,1.944275281548069,0.0,1.9442752815480695,1.9442752815480695,1.9442752815480695,20
spoof,true,False,0.051115289634079054,0.0,0.05111528963407963,0.05111528963407963,0.051115289634079186,17
spoof,true,True,0.38557262189197267,0.46451348916031565,0.9678710968698336,0.015019046906061817,0.9678710968698332,18
spoof,true,False,-1.7514141220683705,2.5653230349888423,-5.5993980399357675,-0.04196374046929208,-0.041963740469292965,13
spoof,true,False,0.7502335155420621,0.7800260062869615,1.5302595218290236,-0.029792490744899425,-0.02979249074489987,12
spoof,true,False,1.2788683888681849,2.3279260995026645,0.07233938959717179,0.019616145878053715,0.0193029578661168,18
spoof,true,False,0.6281505475120959,0.7552569329895209,1.6031830553707982,0.04313104279687607,1.6031830553707973,16
spoof,honest_fp,False,0.0,0.0,0.0,0.0,0.0,15
spoof,honest_fp,False,0.0,0.0,0.0,0.0,0.0,17
spoof,true,True,0.4801573246454404,0.481159035496005,0.9613163601414465,-0.0010017108505646632,-0.0010017108505651073,12
spoof,true,False,0.0012470965121126455,0.03192901176348216,-0.03068191525136932,0.033176108275595695,-0.030681915251370206,18
spoof,true,True,0.45280051727231146,0.47536612149995217,0.9609882772529907,0.008136227289218922,0.008136227289218034,15
spoof,true,False,2.1077758186202913,2.684528880529673,0.10183875897827654,0.04473483268440326,0.10183875897827566,11
spoof,honest_fp,False,0.0,0.0,0.0,0.0,0.0,15
spoof,fabricated,False,-4.010532636328972,0.0,-4.010532636328973,-4.01053263632897,-4.010532636328972,19
spoof,fabricated,False,-2.0,0.0,-2.0,-1.9999999999999982,-2.0,13
spoof,true,True,0.9771936892347789,0.0,0.9771936892347792,0.977193689234781,0.9771936892347792,17
spoof,true,False,-0.05923453564079468,1.1406325468715177e-09,-0.05923453564079395,-0.05923453564079395,-0.05923453564079484,17
spoof,true,True,1.8840413423937998,0.0,1.8840413423938003,1.8840413423938003,1.8840413423938003,15
spoof,true,False,-0.009520104062845647,0.0,-0.009520104062845647,-0.00952010406284387,-0.009520104062845203,15
spoof,true,True,0.4363635899340911,0.4736780111453768,0.9479943173958816,-0.002177033604585432,-0.002177033604585432,13
spoof,true,True,2.876103889897335,0.0,2.876103889897335,2.876103889897337,2.876103889897335,16
spoof,true,False,0.00550802449204567,0.004101316698696539,0.0009711176167392921,0.008159928101946434,0.0009711176167392921,18
spoof,honest_fp,False,-1.4083671804569218,0.0,-1.4083671804569224,-1.4083671804569207,-1.4083671804569216,13
spoof,honest_fp,False,-2.488125072901429,0.0,-2.488125072901429,-2.488125072901429,-2.488125072901429,17
spoof,true,False,-1.7044885057629573,1.5975390504212588,-3.198849452930091,0.003352576713762545,-3.19884945293009,15
spoof,true,False,-0.8558298459371289,0.8125179095565935,-1.6191685781755751,0.015858975270852227,-1.6103503978731277,15
spoof,true,True,-1.0,0.0,-1.0,-1.0,-1.0,19
spoof,true,False,-1.4286673779992927,1.591186981326991,-3.2076685055792122,-0.005466475935357096,-3.2076685055792122,18
spoof,true,True,0.36806235843095836,0.45999972730852606,0.9619194528062511,0.01174810180578234,0.9619194528062502,16
spoof,true,False,-0.7293271274613337,0.8085559373406433,-1.6333199024804017,-0.007110529336422644,-1.6333199024804017,18
spoof,fabricated,False,-6.555470588603348,0.0,-6.5554705886033435,-6.555470588603345,-6.555470588603344,12
spoof,fabricated,False,-5.54192413322175,0.0,-5.54192413322175,-5.541924133221748,-5.541924133221749,15
spoof,fabricated,False,-2.845280459169849,0.0,-2.8452804591698495,-2.8452804591698495,-2.8452804591698495,15
spoof,fabricated,False,-2.0,0.0,-2.0,-2.0,-2.0,18
spoof,true,True,1.3302084103761542,0.7759313448035637,0.9570262918348043,0.028296169193023246,0.9570262918348043,18
spoof,true,False,-0.563329317830539,1.2516848126857953,-3.36213579345322,0.0005552300160402979,-3.36213579345322,18
spoof,true,True,-1.0588235294117647,0.9982683969692433,-2.0,0.0,-2.0,17
spoof,true,False,-0.03212406268184562,0.006508585472315021,-0.03931957465772129,-0.026236825610673975,-0.02623682561067575,20
spoof,true,True,0.38911545709572887,0.47275858716774954,0.9484909610617009,-0.010438474308536172,-0.010438474308537948,12
spoof,true,True,1.973483901151173,1.2889632856609616,2.8327927582584813,0.040038972659729666,0.04003897265972789,13
spoof,true,True,1.991103315444187,0.7051196316698304,1.4379619675515976,2.889958005769646,1.4379619675515976,21
spoof,honest_fp,False,0.0,0.0,0.0,0.0,0.0,14
spoof,true,False,-0.990058910559045,1.5364886002750051,-3.337080656282346,0.011890255806012107,-3.337080656282346,10
spoof,true,False,0.06004614909091804,0.006409211919629643,0.05481304947209864,0.06789579851914596,0.05481304947210042,15
spoof,true,True,-1.205269522109347,0.6159113138312631,-1.546915648748886,-0.09491961053084097,-0.09491961053084097,17
spoof,true,True,0.3315922457733657,1.0934087701913058,-1.0,-0.013578602248784932,-0.05444177963310182,13
spoof,true,False,-0.5512723125339012,1.226488295668653,-3.3836944850200013,-0.015248562123172604,-3.3836944850200013,19
spoof,true,True,-1.0,0.9999999999999998,-2.0,3.552713678800501e-15,-2.0,18
spoof,true,True,0.28926649202954413,0.4369314980443538,0.9661578581732435,0.007228422803002843,0.9661578581732417,17
spoof,true,True,1.2415159017991737,1.382054699910674,2.8373752078556045,0.04462142225685284,2.8373752078556045,21
spoof,fabricated,False,-5.23392181112885,0.0,-5.233921811128848,-5.233921811128848,-5.233921811128848,18
spoof,fabricated,False,0.6226693354970863,1.152155380874611,-1.0,-0.005814052179903939,-0.04667722956421905,16
spoof,true,True,0.5844932784994077,0.4383030044584107,0.9341381198639098,0.03505138492662141,0.9341381198639098,18
spoof,true,True,1.8981968060988184,0.0,1.8981968060988184,1.8981968060988201,1.8981968060988184,17
spoof,true,True,0.27759416490249744,0.44808553950728197,0.9422124249391661,-0.024505044205078264,-0.02450504420508004,16
spoof,true,True,2.378417747915856,0.6119702490654089,1.3639400756949254,2.7238465132841547,1.3639400756949254,15
spoof,honest_fp,False,-1.0000000000000002,0.0,-1.0,-1.0,-1.0,14
spoof,true,False,0.0012941185610674713,1.4551915228366852e-11,0.0012941185610664263,0.001294118561069979,0.0012941185610682027,17
spoof,true,True,-0.38884216388064796,0.6283867234668005,-1.4762289039038734,-0.013682926381093807,-0.06941024314991573,16
spoof,true,True,0.4478498982376847,0.44903339184506746,0.8759864386840146,-0.023100296253275587,-0.023100296253278252,21
spoof,true,True,0.34735976051647505,0.4557149852822626,0.9918380732793057,0.025120604135061342,0.9918380732793057,15
spoof,true,True,-0.37215643069256615,0.5958064519685524,-1.4849631532872163,-0.051693054635780555,-0.10742037140460425,18
spoof,honest_fp,False,-2.241167422306218,0.0,-2.2411674223062175,-2.2411674223062192,-2.2411674223062175,19
spoof,honest_fp,False,-1.9999999999999996,2.9802322387695312e-08,-2.0,-2.0,-2.0,19
spoof,fabricated,False,-2.3244916697598335,0.0,-2.3244916697598335,-2.3244916697598335,-2.3244916697598335,14
spoof,fabricated,False,-1.667500241774629,2.1073424255447017e-08,-1.6675002417746292,-1.6675002417746292,-1.6675002417746292,17
spoof,fabricated,False,-3.596565417513809,0.0,-3.5965654175138084,-3.5965654175138067,-3.5965654175138084,13
collusion,true,False,-0.3177590560806107,0.6123415669961695,0.009444736471550641,-0.07063951706459726,-1.587247112780477,16
collusion,true,True,0.7579468056792281,0.7871900521822013,1.5447901613209183,-0.053312398964875385,1.5447901613209183,12
collusion,true,True,-2.0,0.0,-2.0,-2.0,-2.0,19
collusion,true,False,0.00706153011649352,0.01786769443592219,0.046432278315817754,-0.004029582677329557,-0.006029260917035373,16
collusion,true,True,1.9396898454659897,3.650024149988857e-08,1.9396898454659892,1.93968984546599,1.9396898454659892,16
collusion,true,True,1.2526592841584732,0.5690685223623917,1.5071544641300054,1.5071544641300054,-0.019816615699192575,18
collusion,true,False,0.0034341634865581333,0.016231356505600623,0.038093348378479774,-0.006896055025167769,-0.008895733264873584,14
collusion,honest_fp,False,0.0,0.0,0.0,0.0,0.0,20
collusion,true,True,-0.014629756662751403,0.004839375672907255,-0.008417087410759194,-0.018780571524077416,-0.008417087410758306,16
collusion,true,False,0.062425608786490255,0.021425660666979027,0.11198648091402141,0.04286436123239312,0.1119864809140223,15
collusion,true,True,0.9563596542714962,0.0,0.9563596542714965,0.9563596542714965,0.9563596542714956,10
collusion,fabricated,False,-1.2412840853513212,1.0496443300754588,-2.128395456866258,0.0006718347695908733,-2.128395456866258,12
collusion,fabricated,False,-0.8773486153506337,1.0478267627722833,-2.1297411398423094,-0.0006738482064605478,-2.1297411398423094,17
collusion,true,False,0.023287463075179704,0.014627170640495776,0.01566140104227287,0.037873014342956424,0.015661401042271983,16
collusion,true,True,-0.05984935684160121,0.012520616945131043,-0.06047525258797215,-0.04382364749367085,-0.05252355916854601,17
collusion,true,False,-0.03918215359898003,0.020460208862136706,-0.06270824444195355,-0.013154824858030878,-0.04638860966555036,14
collusion,true,True,-2.0,0.0,-2.0,-2.0000000000000018,-2.0,17
collusion,true,True,-0.0030531048491264515,0.00891748120234689,0.009103941898708001,-0.005397288916103804,-0.0027534367591481868,17
collusion,true,False,-0.0829648299457093,0.02937264037800465,-0.12899712002852937,-0.05031749538203201,-0.08355128018954883,16
collusion,true,True,0.8789992340921301,0.9633638401531326,1.9713511525710024,0.029392186386338892,1.9713511525710032,16
collusion,true,True,-0.01607323014710155,0.012150936802626928,-0.003286219953208658,-0.00959970104488761,-0.008655313796793962,13
collusion,true,True,1.9833169701338738,4.2146848510894035e-08,1.983316970133873,1.983316970133874,1.983316970133873,16
collusion,true,False,0.01781525285864783,0.012972845346853985,0.00013705487570803143,0.030279999783871858,0.00013705487570803143,13
collusion,true,True,0.9440559932604512,1.0536712127723509e-08,0.9440559932604504,0.9440559932604486,0.9440559932604504,14
collusion,true,True,0.9018781024729166,0.9688193480848974,1.937589551104736,-0.004369415079928274,-0.0043694150799264975,15
collusion,fabricated,False,-1.5779133725815015,1.1755469610204334,-2.4541143444431626,-0.0007516232305100345,-2.4541143444431635,14
collusion,fabricated,False,-1.623320712937819,1.3539653804422522,-2.7561294240648557,-0.005022554184915151,-2.756129424064855,17
collusion,fabricated,False,-1.4582566855335068,2.232836900382627,-4.917352737525228,-0.01696666387029211,-4.917352737525228,17
collusion,fabricated,False,-1.1613687335412797,1.2249811777232646,-2.452612271021623,0.0007504501910275962,-2.452612271021623,19
collusion,fabricated,False,-1.8290663979714987,1.2968842156406692,-2.7461020212648144,0.005004848615126178,-2.7461020212648135,15
collusion,fabricated,False,-2.024863019111485,2.4159229149777404,-4.883421562076867,0.01696451157807033,-4.883421562076867,12
collusion,true,False,0.018543908360033612,0.004438267797495623,0.012649384951151532,0.021027969345588815,0.01264938495115242,13
collusion,true,True,-0.015539914037385848,0.008416214159135009,-0.014145298029349718,-0.017538189497848578,-0.021660961836978743,18
collusion,true,False,0.04632296874655317,0.07754502067702748,0.13423289259456972,-0.023525107038800286,0.1342328925945715,16
collusion,true,True,0.0008925966260576734,0.004605465431440295,0.00885068118690846,-0.0004583447267840768,-0.004581117065911577,16
collusion,true,False,-1.1383262411240198,1.0166388903166694,-2.0968215793190303,-0.061676887546141757,-2.0968215793190295,17
collusion,honest_fp,False,0.0,0.0,0.0,0.0,0.0,14
collusion,true,True,-0.0036996077105889923,0.007509658897445919,0.0028772481965955166,-0.010802048411633791,0.010695950580720925,15
collusion,true,True,1.9345874194740973,3.650024149988857e-08,1.9345874194740968,1.934587419474095,1.9345874194740968,17
collusion,true,False,0.687474053372942,0.9652821082684216,0.13102632916621104,2.0128340930164157,-0.022310598756473787,13
collusion,true,True,1.6727296204193527,2.1073424255447017e-08,1.6727296204193518,1.67272962041935,1.6727296204193527,18
collusion,honest_fp,False,-3.553242859055435,4.2146848510894035e-08,-3.553242859055434,-3.553242859055434,-3.553242859055433,16
collusion,honest_fp,False,0.0,0.0,0.0,0.0,0.0,15
collusion,fabricated,False,-3.3163752754765783,3.3015198092679556,-6.61789508474453,-0.014855466208622659,-6.617895084744531,16
collusion,fabricated,False,-1.8351662746857955,1.6977099624201728,-3.4069402814784926,-0.001429933427647967,-3.4069402814784935,13
collusion,fabricated,False,-1.2045260386728438,1.5273442236448995,-3.1364806458006367,0.002945590782026386,-3.1364806458006376,13
collusion,fabricated,False,-2.155053514847144,1.525230248589183,-3.2335541664953986,0.0019477884493710462,-3.2335541664953977,15
collusion,fabricated,False,-3.2867084210445965,3.3015198092679543,-6.58822823031255,0.014811388223357369,-6.5882282303125494,16
collusion,fabricated,False,-1.4886014254254325,1.6894000252874184,-3.4042009962040343,0.001309351846813911,-3.4042009962040334,16
collusion,fabricated,False,-1.3110579032221767,1.5477580073982677,-3.142389874562065,-0.00296363797939847,-3.142389874562064,12
collusion,fabricated,False,-1.9051888654397644,1.5923618538089084,-3.2374543762993753,-0.0019524213546056046,-3.2374543762993744,17
collusion,true,False,0.01777090147082383,0.009389228870185532,0.03899733218049661,0.011947213594805106,0.03899733218049661,15
collusion,true,True,-0.005355141582769641,0.010790072675613802,0.009421285329526796,-0.0033424840274243195,-0.012384846443993958,10
collusion,true,True,-2.0,0.0,-2.0,-2.0,-2.0,16
collusion,true,False,-1.928268817440038,1.2727633984789415,-2.780156829251869,-2.7360023187984517,-2.879384656200016,13
collusion,true,True,0.003205059847627842,0.0037660331732937364,0.010686405646636032,-0.0008631926374462751,0.00011234888640920815,18
collusion,true,True,1.1433496869495874,0.9568048969790857,1.9519974165765408,0.011242865471849939,1.9519974165765408,12
collusion,true,False,-0.6722998219774498,1.1630342312646686,-2.2056459131279755,0.015895132980798365,-0.12748720442077044,14
collusion,true,True,-2.0,2.9802322387695312e-08,-2.0,-2.0,-2.0,14
collusion,true,True,1.9196149337611574,2.1073424255447017e-08,1.9196149337611565,1.9196149337611565,1.9196149337611574,16
collusion,honest_fp,False,0.0,0.0,0.0,0.0,0.0,13
collusion,true,True,0.004565978809336682,0.004607824336369074,0.0071413982133705645,0.003901747313879156,-0.005140615102689594,23
collusion,true,True,0.6350771105599181,0.9148804691365209,1.928913477963043,-0.011841073141646064,-0.011841073141645175,21
collusion,true,False,0.31542307230495015,1.021246569816245,0.0828192947918609,-0.5551945983329389,0.08281929479186267,18
collusion,true,True,1.8527720934662695,0.0,1.8527720934662657,1.852772093466271,1.8527720934662684,15
collusion,fabricated,False,-1.7777777777777777,0.6285393610547089,-2.0,0.0,-2.0,9
collusion,fabricated,False,-3.2703408711218858,2.868003529145998,-5.785746365760247,-0.00031372809202068197,-5.785746365760247,23
collusion,fabricated,False,-0.8421052631578947,0.9874559494365115,-2.0,0.0,-2.0,19
collusion,fabricated,False,-4.423866277384541,2.4540792971594914,-5.785144545071184,0.00028809259704232204,-5.785144545071184,17
collusion,true,True,0.6023007333219337,2.0185974140965324,1.9237829401418587,-2.4811577492578927,1.9237829401418587,20
collusion,true,False,0.0018775373513497356,0.0029072099067398555,-0.0002893689740943728,0.005777968737147532,-0.0002893689740934846,14
collusion,true,True,0.2913650818696057,0.6781057141096063,1.9523780731037483,0.01452958333058163,0.014529583330582074,14
collusion,true,True,0.6530248497957909,0.44190067423466234,0.9654958131580287,0.028082923071316657,0.9654958131580282,15
collusion,true,True,1.045769424387251,0.9615919368754298,1.9523669967858144,0.025847155438865954,1.9523669967858162,17
collusion,true,True,1.9041916208927272,0.0,1.9041916208927265,1.9041916208927265,1.904191620892727,12
collusion,true,False,0.007298792914057341,0.0025205913746130884,0.01071168976901582,0.00543721281135312,0.005437212811352676,17
collusion,true,True,1.1133500837475467,1.6792516705803378,1.890692558347503,-2.5142481310522484,-2.514248131052248,17
collusion,true,True,0.40596825527522656,0.775139395909267,1.9562470470937594,0.0183985573205927,1.9562470470937594,10
collusion,true,True,0.6137930492058601,0.4538230639782501,0.9653228829883762,0.027909992901664182,0.027909992901664626,16
collusion,true,True,1.1027679710630374,0.9557048242566818,1.9456204016523273,0.019100560305378878,0.019100560305378878,16
collusion,true,False,0.039570581359013236,0.002451732588686122,0.043179434014255946,0.03790495705659325,0.043179434014256834,19
collusion,true,False,0.0004313135937559749,0.0030025534807283727,-0.0030357365269537695,0.003031601184288135,-0.0030357365269533254,21
collusion,fabricated,False,-2.0129088586240123,2.287442731660891,-4.606625118457,0.004426010134977787,-4.606625118457,16
collusion,fabricated,False,-1.0,1.0000000000000002,-2.0,0.0,-1.9999999999999996,12
collusion,fabricated,False,-1.9030948416443942,2.2693424468222028,-4.615477858463205,-0.004426729871227053,-4.615477858463205,17
collusion,fabricated,False,-0.6666666666666666,0.9428090415820635,-2.0,0.0,-1.9999999999999996,18
collusion,true,True,1.2660924172773687,0.9427237297140503,1.9861095590849889,0.03177731703573272,1.9861095590849889,19
collusion,true,True,1.9077665162012982,0.0,1.9077665162012973,1.9077665162012973,1.9077665162012982,18
collusion,true,False,-0.005737731648180076,0.011253008887512293,0.020137949899117658,-0.012667370792158295,-0.012667370792158072,13
collusion,true,True,1.1085010935280257,0.9487510155056651,1.9452208412440175,0.03271856075032176,1.9452208412440175,16
collusion,true,False,-1.731679221391889,0.2610115254587727,-1.4982234158571988,-2.023498978310254,-1.498223415857198,18
collusion,true,True,-1.0,0.0,-1.0,-1.0,-1.0000000000000002,14
collusion,true,True,1.5060193710591445,0.7953889362561327,1.9472217700757977,0.07211157425502357,1.9472217700757968,17
collusion,honest_fp,False,-1.0,0.0,-1.0,-1.0,-1.0000000000000002,21
collusion,honest_fp,False,0.0,0.0,0.0,0.0,0.0,18
collusion,true,True,1.366805420913645,0.8904819089897614,1.941609021516367,-0.012723220532889101,-0.012723220532888657,17
collusion,true,False,0.01589505435763213,0.0065413016400092845,0.034987504778589695,0.013204934667616186,0.01046456890681613,13
collusion,true,True,1.0407427824127335,0.9545952928742321,1.940743855586236,0.028241575092541993,0.02824157509254155,17
collusion,true,False,-0.17646906516662159,0.24761727480142182,-0.001377211015604729,-0.5266527734686584,-0.0013772110156036188,15
collusion,true,True,1.9681605989681903,5.1619136559035694e-08,1.9681605989681898,1.9681605989681916,1.9681605989681916,14
collusion,true,True,1.0711941956206066,0.9295454628815993,1.8864594981513783,0.01134930233060416,0.011349302330603495,23
collusion,honest_fp,False,0.0,0.0,0.0,0.0,0.0,17
collusion,true,False,0.019684343789365143,0.0110832669605273,0.05233596254679895,0.010752663869114443,0.05233596254679895,15
collusion,fabricated,False,-1.7153453045566578,1.6015039499849733,-3.2134150756588884,-0.003265566154109223,-3.2134150756588884,15
collusion,fabricated,False,-0.9333333333333333,0.9977753031397179,-2.0,0.0,-2.0,15
collusion,fabricated,False,-1.7088599812845047,1.6015039499849728,-3.206929752386735,0.0032197571180425655,-3.206929752386735,15
collusion,fabricated,False,-0.875,0.9921567416492216,-2.0,0.0,-2.0,16
collusion,true,True,1.961410067440282,0.0,1.9614100674402817,1.96141006744028,1.9614100674402835,19
collusion,true,False,-0.02561818013716025,0.004329331969005654,-0.019809771789246255,-0.028845073663781307,-0.028845073663780085,14
collusion,true,True,1.0620851933898192,0.9271337833661161,1.9204442852083385,0.06066625293487604,0.06066625293487904,13
collusion,true,True,1.1754202404511607,0.967792037428247,1.9851331521653428,0.018687509430897364,1.9851331521653428,17
collusion,true,True,1.109783922369985,0.9416985401916715,1.9520647024423425,0.056932947279534574,1.9520647024423425,18
collusion,honest_fp,False,-1.0,0.0,-1.0,-1.0,-0.9999999999999999,13
collusion,true,True,1.8943487180038607,3.650024149988857e-08,1.8943487180038598,1.894348718003858,1.8943487180038612,18
collusion,true,False,0.007832236534422254,0.004116891022121563,0.014210096681152251,0.0051747948066172,0.014210096681152584,17
collusion,true,True,0.8300508462884397,0.9152952575467086,1.924037924096357,0.06425989182289626,1.9240379240963579,17
collusion,true,False,0.7087044488060512,0.7170596142439988,1.4257640630500479,-0.008355165437944123,1.4257640630500488,18
collusion,true,True,1.5214680934474343,0.8285127974103079,1.975263241770767,0.008817599036319734,0.008817599036322232,13
collusion,true,True,0.9954617481455335,1.0536712127723509e-08,0.9954617481455319,0.9954617481455301,0.9954617481455335,19
collusion,true,True,1.1334041246174966,0.9326946968000484,1.9137524943904172,0.018620739227610983,0.01862073922761104,17
collusion,honest_fp,False,0.0,0.0,0.0,0.0,0.0,19
collusion,honest_fp,False,0.0,0.0,0.0,0.0,0.0,15
collusion,true,False,-1.6537554756394324,0.0,-1.6537554756394321,-1.6537554756394321,-1.6537554756394326,15
collusion,true,False,-2.127713063724523,0.7025720680218943,-1.5540653723293243,-2.98818460081732,-2.9881846008173216,15
collusion,honest_fp,False,0.0,0.0,0.0,0.0,0.0,16
collusion,honest_fp,False,0.0,0.0,0.0,0.0,0.0,17
collusion,honest_fp,False,0.0,0.0,0.0,0.0,0.0,17
collusion,fabricated,False,-1.5822604235553062,1.4956583123933425,-3.0011664841132877,-0.00569813404643682,-3.001166484113287,19
collusion,fabricated,False,-2.457478912848969,2.8773263625913357,-5.831443142162424,-0.0036867460755445336,-5.831443142162426,19
collusion,fabricated,False,-1.6787577552129538,2.376845539860166,-5.040124953349199,0.00192584385517236,-5.0401249533492,18
collusion,fabricated,False,-4.392233983073496,1.4120773221079648,-5.390723433095779,-2.3952550830289283,-5.390723433095778,15
collusion,fabricated,False,-3.1047264161044743,2.9073957023650068,-5.824346067611685,0.003410328475194291,-5.8243460676116845,15
collusion,fabricated,False,-2.162814664808392,2.495168044314609,-5.043986548925172,-0.0019357517208042907,-5.043986548925174,14
collusion,true,True,1.96995930981681,3.650024149988857e-08,1.9699593098168098,1.969959309816808,1.9699593098168098,16
collusion,true,True,1.2308598830672421,0.9496203094473419,1.9816006556191201,0.02967464698423683,1.9816006556191201,13
collusion,true,False,-0.03130135715524641,0.016496563996729677,-0.05824013335601741,-0.021199316079957953,-0.058240133356016965,11
collusion,true,True,1.9107879040934215,2.1073424255447017e-08,1.9107879040934215,1.9107879040934215,1.9107879040934224,14
collusion,true,False,-1.6042198092352322,2.1073424255447017e-08,-1.6042198092352304,-1.6042198092352322,-1.60421980923523,16
collusion,true,True,0.3826030578670994,2.1025465288018554,1.9497487126194901,-2.438259120687201,1.9497487126194883,14
collusion,true,True,1.9644156276627034,2.9802322387695312e-08,1.9644156276627047,1.964415627662703,1.9644156276627038,16
collusion,true,True,0.6742992117206883,0.9478960768684335,1.8826343599232356,-0.06929164871164772,-0.06929164871164817,21
collusion,true,True,-0.3134200737538846,2.1940039166533447,1.8805838428994601,-2.5074239904072293,-2.507423990407229,18
collusion,true,True,0.8883109089396263,1.0536712127723509e-08,0.8883109089396264,0.8883109089396264,0.8883109089396259,17
collusion,honest_fp,False,0.0,0.0,0.0,0.0,0.0,15
collusion,honest_fp,False,-2.0,2.9802322387695312e-08,-2.0,-2.0,-1.9999999999999996,12
collusion,true,False,-1.5880995752748535,0.0,-1.5880995752748532,-1.5880995752748532,-1.5880995752748528,16
collusion,true,False,-0.02739032806831254,0.01481632691042378,-0.05702298188916011,-0.01998216461310065,-0.05702298188916011,15
collusion,true,True,-2.0,4.2146848510894035e-08,-2.0,-2.0,-1.9999999999999996,20
collusion,honest_fp,False,-2.0,2.9802322387695312e-08,-2.0,-2.0,-1.9999999999999996,17
collusion,honest_fp,False,0.0,0.0,0.0,0.0,0.0,15
collusion,fabricated,False,-1.6416457873370787,2.078665166716206,-4.270972355207814,0.0016833175821311386,-4.270972355207814,13
collusion,fabricated,False,-1.2583646479607666,1.9468146193875415,-4.2743568875771984,-0.001701214787253491,-4.2743568875771984,17
collusion,true,False,-0.026486334353333852,0.02007011612597314,-0.0649319109837867,-0.021413923112731936,-0.06493191098378626,20
collusion,true,True,0.30076336356457084,0.41486386379616,0.9697112436405035,0.043475717381518564,0.9697112436405035,18
collusion,true,True,1.9510830292242158,2.1073424255447017e-08,1.9510830292242156,1.9510830292242147,1.9510830292242156,13
collusion,true,False,-0.43985678638791004,0.7188741760543852,-0.03000448771880837,-1.6849556691078647,-1.6849556691078642,20
collusion,true,False,-0.023604158644026096,0.02817893854246064,-0.055095663211494283,0.0002333777581853269,-0.055095663211494283,9
collusion,true,False,-4.03149149727844,2.857642707739491,0.009825576423322602,-6.052150034129323,-6.052150034129321,18
collusion,true,False,-0.018974944951436347,0.014029459211407221,-0.034485095690047096,-0.006284821619846781,-0.034485095690047096,20
collusion,true,False,0.008839987227331607,0.0064848315420035305,0.009964448342082655,0.0004781249002228094,0.0004781249002223653,14
collusion,true,False,-0.006368579833589895,0.010303800242605821,-0.017297410368896315,0.003345936197792554,-0.01729741036889676,17
collusion,true,False,0.019217005154766542,0.022301526369955228,-0.01809382489663225,0.02541237431297816,-0.01809382489663225,16
collusion,true,False,-1.9111431331364481,2.857642707739491,0.10951540371443347,-5.952460206838213,0.10951540371443347,9
collusion,true,False,0.0055278379781529274,0.013815256415726743,-0.0057522716499267545,0.022448002420272672,-0.005752271649927199,15
collusion,true,True,0.40061559554631754,0.46120008299519477,0.9058349735057636,-0.020400552753223167,-0.020400552753220502,11
collusion,true,False,-0.02856050863683567,0.0,-0.028560508636835458,-0.028560508636836346,-0.028560508636835458,21
collusion,true,False,-0.37288756385709043,0.720076132515655,0.047258606073173226,-1.6282803178382075,0.047258606073173226,20
collusion,true,False,0.0016621369682556933,0.010298710689199183,-0.007971424762866164,0.012671921803821817,-0.007971424762866608,15
collusion,honest_fp,False,-1.0,0.0,-1.0,-1.0,-1.0000000000000004,18
collusion,honest_fp,False,-1.6487576828402304,0.0,-1.6487576828402304,-1.6487576828402304,-1.6487576828402308,17
collusion,fabricated,False,-0.6235843604479356,0.7197427642467663,-1.4546717178182478,-0.00026884242020130955,-1.4546717178182482,14
collusion,fabricated,False,-1.519127817608069,1.3207377593603773,-2.6629202689514937,0.0059287841831654475,-2.662920268951494,14
collusion,fabricated,False,-0.5451600856790578,0.7041097643866016,-1.4541618828028362,0.00024099259520937721,-1.4541618828028366,16
collusion,fabricated,False,-1.3403545944809372,1.3344245265673302,-2.6747791210482665,-0.00593006791361006,-2.674779121048267,16
collusion,true,True,0.9864676420813614,0.9355172854769985,1.9219849275583596,0.0509503566043632,1.9219849275583596,14
collusion,honest_fp,False,0.0,0.0,0.0,0.0,0.0,18
collusion,true,False,1.9265531139753929,3.650024149988857e-08,1.9265531139753929,1.9265531139753929,1.9265531139753929,16
collusion,true,False,0.030726922488881495,0.0,0.030726922488881314,0.030726922488882202,0.030726922488881536,16
collusion,true,False,-0.09064480865464641,0.010537441028846696,-0.09993795812709205,-0.07869647361864462,-0.09993795812709216,16
collusion,true,False,-0.037261733325427385,4.656612873077393e-10,-0.03726173332542704,-0.03726173332542704,-0.03726173332542737,14
collusion,honest_fp,False,0.0,0.0,0.0,0.0,0.0,13
collusion,true,False,-5.170428738988444,1.0323827311807139e-07,-5.170428738988445,-5.170428738988443,-5.170428738988444,17
collusion,true,False,0.006033621307976397,0.010537441028846493,-0.003259528164469394,0.017981956343978034,-0.003259528164469283,16
collusion,true,True,0.9054774143695798,0.0,0.9054774143695798,0.9054774143695798,0.9054774143695795,15
collusion,true,True,0.8458350308964258,0.9281797817153831,1.8982919770580486,0.02725740610405225,0.02725740610405203,16
collusion,true,False,1.8766493574059275,0.0,1.8766493574059275,1.8766493574059275,1.876649357405927,14
collusion,true,False,-1.4826636170995888,0.0,-1.482663617099588,-1.4826636170995897,-1.4826636170995884,17
collusion,true,False,-3.595140698133477,4.2146848510894035e-08,-3.595140698133477,-3.595140698133479,-3.595140698133477,15
collusion,true,False,-2.0,2.9802322387695312e-08,-2.0,-2.0000000000000018,-2.0,17
collusion,true,False,-0.08132180142549945,0.0,-0.08132180142549927,-0.08132180142549927,-0.08132180142549927,19
collusion,true,False,0.006670561527461385,0.0,0.006670561527461594,0.0066705615274607055,0.006670561527461372,17
collusion,true,True,1.9351068527696325,2.1073424255447017e-08,1.935106852769633,1.935106852769632,1.935106852769633,10
collusion,true,True,0.9512992479016301,0.0,0.9512992479016296,0.9512992479016305,0.9512992479016302,21
collusion,honest_fp,False,-1.5823669086250456,0.0,-1.582366908625045,-1.5823669086250458,-1.582366908625045,18
collusion,honest_fp,False,-2.0,0.0,-2.0,-2.0000000000000018,-2.0,22
collusion,fabricated,False,-1.6003158866537563,1.2791099790368996,-2.6206926606179994,0.003133329575771171,-2.6206926606179985,18
collusion,fabricated,False,-1.2713863043985907,1.370709719987964,-2.751922015736797,-0.002355694680126419,-2.751922015736797,13
collusion,fabricated,False,-1.6065841602690842,1.2791099790369,-2.6269609342333275,-0.003134944039558718,-2.6269609342333284,18
collusion,fabricated,False,-1.0974712837161817,1.3470069001060778,-2.747211076350183,0.0023552447064858484,-2.7472110763501822,15
collusion,true,True,0.578319806797839,0.47904833216161935,0.9791203970952838,0.0057475349443461,0.9791203970952842,17
collusion,true,True,0.2866379973709909,0.4279647066597851,0.9212802320659819,-0.014012095934077706,-0.02671870369314222,16
collusion,honest_fp,False,0.0,0.0,0.0,0.0,0.0,18
collusion,true,False,-1.1351254965794804,2.153011834614735,1.909693039882458,-2.657534764810449,1.909693039882458,18
collusion,true,True,0.37560700800055313,0.4566433260682878,0.9158538766216306,-0.01398893698677739,-0.026695544745841904,12
collusion,honest_fp,False,0.0,0.0,0.0,0.0,0.0,14
collusion,true,False,-0.8647605062812658,2.2374755321098814,1.8755761765344783,-2.6916516281584286,-2.6916516281584286,15
collusion,true,False,-0.06360256930542263,0.0,-0.06360256930542274,-0.06360256930542185,-0.0636025693054223,19
collusion,true,False,0.003311982243392703,4.1159031748919956e-11,0.003311982243392464,0.003311982243392464,0.003311982243392908,13
collusion,true,True,0.5014755553715559,0.48601188268327306,0.9625469111272631,-0.010825951023674563,-0.010825951023674563,19
collusion,true,False,0.0015703694963031811,0.0,0.001570369496302959,0.001570369496302959,0.0015703694963034032,16
collusion,true,True,0.2457176838493161,0.39216017269991293,0.9896548047558094,0.028774575808354186,0.9896548047558089,23
collusion,fabricated,False,-1.704654422616299,2.4044538861035063,-5.105065718444572,-0.00444877470216376,-5.105065718444571,12
collusion,fabricated,False,-1.69576134588773,2.4044538861035067,-5.096172641716003,0.004444302026405111,-5.096172641716003,12
collusion,true,False,-0.005494749656192439,0.0,-0.0054947496561919,-0.0054947496561919,-0.005494749656192288,14
collusion,true,False,0.011575493657990451,0.005307287755717489,0.010133006196610062,0.004762156144444418,0.010133006196609395,18
collusion,true,True,-1.2714921559469547,0.9538406684977612,-2.0,-0.022621566141733496,-0.022621566141734772,19
collusion,true,False,0.0684007255073183,0.026738050891935358,0.09231596525940589,0.03850667581721012,0.09231596525940505,18
collusion,true,False,-0.022422989563169793,0.0,-0.022422989563169793,-0.022422989563169793,-0.022422989563169793,19
collusion,honest_fp,False,-1.0,0.0,-1.0,-1.0,-1.0,18
collusion,true,False,-0.008443961989084888,0.017669645261027076,-0.025782038356163994,0.0011901214336251797,0.0011901214336250132,15
collusion,true,False,0.04538470420095966,0.026867354828303044,0.07087331498936855,0.01706402554717279,0.017064025547173012,19
collusion,true,False,0.019608435996944912,0.0,0.01960843599694506,0.01960843599694506,0.019608435996945006,18
collusion,honest_fp,False,-1.7613876950264387,2.1073424255447017e-08,-1.761387695026439,-1.761387695026439,-1.7613876950264387,14
collusion,honest_fp,False,0.0,0.0,0.0,0.0,0.0,17
collusion,true,False,0.019048503193923882,0.017207627393329632,-0.0032914063839939445,0.030053614504682358,0.006117852511574984,17
collusion,true,True,2.5382052132069575,0.9009827933509149,1.9566233208957033,3.934001754753968,1.956623320895703,17
collusion,true,True,1.9700520262831778,0.0,1.9700520262831787,1.970052026283179,1.9700520262831787,19
collusion,honest_fp,False,0.0,0.0,0.0,0.0,0.0,16
collusion,honest_fp,False,0.0,0.0,0.0,0.0,0.0,16
collusion,honest_fp,False,0.0,0.0,0.0,0.0,0.0,11
collusion,fabricated,False,-1.3395681100187904,1.5681581516880727,-3.1783965371621186,-0.0022383448236418246,-3.178396537162119,19
collusion,fabricated,False,-1.5521352309805667,1.2359724354862387,-2.5381001496342073,-0.002761787381988512,-2.5381001496342077,18
collusion,fabricated,False,-1.5858469196801337,1.5880790961692388,-3.1739260158493714,0.002232176489105342,-3.1739260158493723,16
collusion,fabricated,False,-1.637767008588969,1.2115991896284624,-2.532592312913282,0.0027460493389384055,-2.5325923129132817,17
collusion,true,False,0.013242330055260052,0.005618172510057052,0.018107810171812844,0.006755023233189661,0.018107810171812844,14
collusion,true,False,0.038508652677568776,0.013511957467461961,0.049513804273821904,0.022555891107359116,0.01813833844657431,17
collusion,true,True,-2.0,0.0,-2.0,-2.0,-2.0,16
collusion,true,False,-0.013303786068887173,0.0017142617541727936,-0.011471163167355414,-0.014907331107727018,-0.014907331107728794,15
collusion,true,False,-0.02534612061596484,3.2927225399135965e-10,-0.025346120615965972,-0.025346120615964196,-0.025346120615964196,11
collusion,true,False,0.00011632623403620304,0.0005266993508696925,-0.0004918537899776254,0.0005724612520463523,-0.000491853789975849,14
collusion,true,False,-0.008643344998389257,0.0056763934693117015,-0.002966951529078443,-0.01431973846769985,-0.01431973846769985,16
collusion,true,False,-0.071047106661933,0.0019838216289300653,-0.0716530053956479,-0.0687536242705189,-0.0687536242705189,18
collusion,true,False,0.00719547127733203,0.0016529537878695415,0.008444986892012452,0.005008818951640848,0.008444986892012452,11
collusion,true,False,-0.0037611215410089235,0.0005214057557047889,-0.004399710566223902,-0.0033353955241999245,-0.004399710566222126,15
collusion,true,False,0.05737781491589722,0.01248657419673697,0.06554174709422789,0.03948315042314121,0.06554174709422789,15
collusion,true,True,1.9753080482211867,0.0,1.9753080482211853,1.975308048221187,1.9753080482211853,15
collusion,honest_fp,False,0.0,0.0,0.0,0.0,0.0,17
collusion,fabricated,False,-0.4375,0.49607837082461076,-1.0,0.0,-1.0,16
collusion,fabricated,False,-0.5384615384615384,0.4985185152621431,-1.0,0.0,-1.0,13
collusion,true,False,0.16262270063535855,0.40120136735129963,1.2952403771690335,0.031109370947675075,-0.005696938066176216,18
collusion,true,False,0.21857751419829263,0.5150912302671697,2.1387668880217348,0.041787822066719826,2.1387668880217365,15
collusion,true,False,2.9365724375799545,7.300048299977713e-08,2.9365724375799545,2.936572437579958,2.9365724375799545,21
collusion,honest_fp,False,0.0,0.0,0.0,0.0,0.0,16
collusion,true,False,0.13337863239831027,0.4123870707651124,1.2236093735589115,-0.0027794229721003205,-0.03958573198595161,16
collusion,true,False,-1.9425162950606223,1.5419003661217399,1.9145636416447864,-2.7914900147556345,-0.11181891255989918,12
collusion,true,False,-0.026427896312766652,0.0,-0.026427896312767984,-0.026427896312764432,-0.026427896312766208,12
collusion,honest_fp,False,-2.163042530607867,4.2146848510894035e-08,-2.1630425306078678,-2.1630425306078678,-2.1630425306078678,17
collusion,true,False,0.24729250558701685,0.48000849751987673,1.3201264331894933,0.024723965967115902,1.320126433189495,12
collusion,true,False,0.18935063182205591,0.4848256057562448,2.053476563856993,0.012644066529492903,-0.03161142794012228,16
collusion,true,True,1.9817496002757309,0.0,1.9817496002757302,1.9817496002757302,1.9817496002757302,19
collusion,honest_fp,False,-2.0,2.9802322387695312e-08,-2.0,-2.0,-2.0,15
collusion,fabricated,False,-1.587778337361046,1.2950132838952797,-2.6451522559175302,-0.0017174595263220738,-2.6451522559175284,20
collusion,fabricated,False,-1.2132297835617714,1.5411666846945937,1.9102912301231179,-0.041600360977557926,-0.11595158477378043,20
collusion,fabricated,False,-1.760623389892491,1.246127113435135,-2.641768322022891,0.0016664743683136862,-2.6417683220228927,18
collusion,fabricated,False,-1.3573182082408224,1.5726975485509471,1.968739191306632,-0.016828391689873712,-0.08126083074450463,17
collusion,true,False,0.33533208164640893,0.5285695215816429,1.250823276575403,0.034003244909740715,1.2508232765754048,16
collusion,true,False,0.9220057327691427,1.0406328794108977,2.2654570032605665,0.11593497047428691,2.2654570032605665,16
collusion,true,False,0.052908774992888305,0.02261736257379086,0.07137577420399133,0.025208276176234,0.07137577420399133,20
collusion,true,False,0.010676276269802443,0.012360864547937748,-0.007657848722120164,0.019009969447948194,-0.00765784872211972,16
collusion,honest_fp,False,-1.2192512137775777,1.4901161193847656e-08,-1.2192512137775786,-1.2192512137775786,-1.2192512137775777,17
collusion,true,False,0.2625299612964138,0.5152386531658875,1.1913064218734277,-0.02207508189732099,-0.022075081897320548,17
collusion,true,False,0.7562050609194433,1.0530464342392885,2.045918280591211,-0.10360375219506945,-0.10360375219506857,15
collusion,true,True,1.2372070459723208,0.9241117803271874,1.915319702699481,-0.02214503080669239,-0.02214503080669239,20
collusion,true,False,0.027750413200217153,0.02298816372125238,0.048735639576470646,0.002568141548713321,0.002568141548713321,22
collusion,true,False,-0.06337627312004179,0.013333909085034231,-0.0767101822050762,-0.050042364035007836,-0.0767101822050753,10
collusion,honest_fp,False,0.0,0.0,0.0,0.0,0.0,15
collusion,honest_fp,False,0.0,0.0,0.0,0.0,0.0,18
collusion,true,False,0.4150250812145236,0.5826963543746214,1.2390462433883531,-0.0008328071332002196,0.014556421910029371,12
collusion,true,True,1.8883047156708164,0.0,1.8883047156708148,1.8883047156708148,1.8883047156708157,15
collusion,true,True,1.371832159891809,0.900590800698429,1.9836631283674429,0.04619839486126853,1.9836631283674429,19
collusion,true,False,0.02512885674094493,0.015752851861953836,0.03971316362348176,0.008113832044652547,0.008113832044652547,13
collusion,true,False,1.2245564029610505,0.9180790426124511,1.9257508540817412,0.022508772468437854,0.022508772468437854,19
collusion,true,False,0.01716039576092978,0.0033287467614595764,0.014806616353048696,0.021867954576691773,0.014806616353048696,15
collusion,true,False,1.3210002579300213,1.1596858214553025,2.3582547896567174,0.02443209327164997,2.3582547896567174,18
collusion,honest_fp,False,0.0,0.0,0.0,0.0,0.0,14
collusion,honest_fp,False,0.0,0.0,0.0,0.0,0.0,17
collusion,true,False,0.03744193024138147,0.015242771459999152,0.05739940281748446,0.025800071238655242,0.05739940281748446,19
collusion,true,True,0.9545603975051011,0.9674454460094501,1.922005843514551,-0.012885048504348795,-0.012885048504349683,18
collusion,true,False,1.251485480697453,0.9180790426124507,1.9526799318181443,0.04943785020484004,1.9526799318181443,19
collusion,true,False,6.356557390411895e-05,0.003516049301147702,-0.0037880734571729135,0.003273264766469275,0.003273264766469275,22
collusion,true,True,0.532029770865108,0.46803635810142064,0.9732986810722686,0.03560224688205338,0.9732986810722668,17
collusion,true,True,0.9814146728471145,0.0,0.981414672847114,0.981414672847114,0.981414672847114,21
collusion,true,True,1.2937666065917028,0.9271173350570288,1.9847990680270247,0.049908176008124805,1.9847990680270247,14
collusion,true,False,1.5276129841899855,1.1001745698006362,2.3055538829850075,-0.028268813400059045,-0.028268813400059933,15
collusion,true,True,0.6017742979987185,0.4493042076661023,0.9366658816380813,-0.001030552552133912,-0.001030552552133912,14
collusion,honest_fp,False,-2.0,0.0,-2.0,-2.0,-2.0,21
collusion,honest_fp,False,0.0,0.0,0.0,0.0,0.0,15
collusion,true,True,-1.0,0.0,-1.0,-1.0000000000000018,-1.0,18
collusion,true,False,-0.004067977184433147,0.006184555243455031,0.003850280337079681,-0.005317329569098916,-0.012551595765447399,15
collusion,true,False,-0.023614384808429496,0.0,-0.0236143848084307,-0.023614384808432476,-0.023614384808430255,14
collusion,true,False,0.9336219235476092,1.1364308936270322,2.358193173127802,0.02027238510828866,2.358193173127802,18
collusion,honest_fp,False,0.0,0.0,0.0,0.0,0.0,15
collusion,true,False,-0.00525206677867146,0.006080314692773245,0.002256549029823418,-0.006791196485909978,-0.014025462682258238,16
collusion,true,True,0.6573689039634096,0.925573073110692,1.9187123871294691,-0.021816048510622466,-0.021816048510622688,20
collusion,true,False,0.9482761148607011,1.1386226448603045,2.3090813475001486,0.0001752843431361839,-0.025423840897718764,17
collusion,true,True,0.695741051540081,0.44745983002758233,0.9940476048918025,0.024551306498704406,0.9940476048918023,13
collusion,honest_fp,False,0.0,0.0,0.0,0.0,0.0,21
collusion,honest_fp,False,0.0,0.0,0.0,0.0,0.0,18
collusion,true,False,0.029806900778915384,0.008084022298034265,0.043179171072949885,0.020172319081918744,0.04317917107295011,12
collusion,true,True,0.9923840275324768,0.9702642178200462,1.962648245352522,0.022119809712428662,1.9626482453525238,14
collusion,true,False,1.9447573449470827,0.0,1.9447573449470816,1.9447573449470816,1.9447573449470825,21
collusion,true,True,1.961024509986806,2.9802322387695312e-08,1.9610245099868049,1.961024509986803,1.9610245099868058,10
collusion,true,False,0.7773757014465922,1.0969012296049934,2.272134268901846,-0.020931334655838185,-0.046530459896693355,20
collusion,true,True,0.43321482362130154,0.4840762872670142,0.9434760333018772,-0.02602026509121913,-0.026020265091217354,19
collusion,honest_fp,False,-1.0,0.0,-1.0,-1.0000000000000018,-1.0,17
collusion,fabricated,False,-1.1107246002764752,1.4453019523951642,-3.0030690571102756,-0.0068570004567583,-3.0030690571102756,19
collusion,fabricated,False,-1.6999147905892211,1.2652397979936776,-2.6429688559732103,-0.00241747289804195,-2.6429688559732094,14
collusion,fabricated,False,-0.22222222222222213,0.4157397096415488,-1.0,0.0,-1.0,18
collusion,fabricated,False,-4.487782729241305,3.0265061101089805,-6.52825273242094,0.001251277753894442,-6.528252732420941,16
collusion,fabricated,False,-1.4913458535909894,1.4981060283267589,-2.9894518819177485,0.006760174735767066,-2.9894518819177485,14
collusion,fabricated,False,-1.1858306869143493,1.3136577265971514,-2.6381339476056915,0.0024174354694750377,-2.638133947605692,20
collusion,fabricated,False,-0.44444444444444425,0.496903994999953,-1.0,0.0,-1.0,9
collusion,fabricated,False,-3.5926825512173237,3.248387230330627,-6.530959355795998,-0.0014553456211636728,-6.530959355796,20
collusion,true,False,-0.32904762009120897,0.45264531652348194,-1.0,-0.030162168026409475,-0.04803774978456987,16
collusion,true,False,-0.0373040674547852,0.0060783810002874705,-0.04590019630266262,-0.033006003030847,-0.033006003030846554,21
collusion,true,True,-2.0,0.0,-2.0,-2.0,-2.0000000000000004,19
collusion,true,False,1.1609584014835033,0.9558107901068381,1.9760765820883028,0.0401709031519033,1.9760765820883028,19
collusion,true,False,0.0665586423566233,0.021533375611072797,0.08939823623126308,0.04625678113472098,0.08939823623126353,17
collusion,true,False,0.01736754858832435,0.011750745088485342,0.029929623491304014,0.006375733048216148,0.006375733048217036,15
collusion,honest_fp,False,0.0,0.0,0.0,0.0,0.0,14
collusion,true,False,-0.5922356474197791,0.6558800503493513,-1.5525822731264807,-0.005142350340429758,-0.0230179320985906,17
collusion,true,False,0.011814453748301777,0.006427994085369161,0.005863287622847935,0.01875748089466356,0.005863287622848379,13
collusion,true,False,1.2457480484072627,0.925139534319539,1.9290088762671687,-0.006896802669229984,-0.006896802669230873,17
collusion,true,False,0.0038895643273552825,0.0215333756110728,0.026729158201995062,-0.01641229689454704,-0.01641229689454704,17
collusion,true,False,0.020264586429766456,0.011776945221543355,0.03204153165131007,0.008487641208223096,0.03204153165131052,14
collusion,honest_fp,False,-1.0046466202708881,0.0,-1.0046466202708881,-1.0046466202708881,-1.0046466202708886,11
collusion,honest_fp,False,-3.227684425380634,0.0,-3.227684425380634,-3.227684425380634,-3.2276844253806343,12
collusion,true,False,1.042991591693618,0.633581436173462,0.04706951785245117,1.5464716908539327,0.04706951785245117,19
collusion,true,True,1.964003803826247,0.0,1.9640038038262473,1.9640038038262464,1.9640038038262473,16
collusion,true,True,0.9465813391491144,0.0,0.9465813391491142,0.9465813391491142,0.9465813391491142,14
collusion,fabricated,False,-0.8333519789818334,1.1259596016646893,-2.3579084866472577,-0.001775702073420149,-2.357908486647258,17
collusion,fabricated,False,-1.1762956354853298,1.1780663922869188,-2.3543620277722486,0.0017707568015890018,-2.354362027772249,12
collusion,true,False,-0.017193867964688043,0.0005945203274891213,-0.01659934763719839,-0.017788388292177437,-0.017788388292176993,14
collusion,true,False,-0.03958660925859662,0.002183795395410874,-0.042516478230449906,-0.03795890427423387,-0.03795890427423315,14
collusion,true,True,0.7385010719248066,0.919463846348482,1.9720912698979838,0.05317318416193029,1.9720912698979838,14
collusion,true,False,3.8906202444371285,0.0,3.8906202444371285,3.8906202444371276,3.8906202444371285,11
collusion,true,False,-0.004702385431100353,0.00033480908688939546,-0.005125889149455887,-0.004437695607127701,-0.005125889149456997,13
collusion,true,False,0.45295924236435003,0.9057870093101087,2.3742735919613125,0.01675444335054621,2.3742735919613116,11
collusion,honest_fp,False,0.0,0.0,0.0,0.0,0.0,18
collusion,true,False,0.010011242722414345,0.0022469142618631102,0.007352657914621474,0.011910231870838395,0.007352657914621141,12
collusion,true,True,-2.0,0.0,-2.0,-2.0000000000000004,-1.9999999999999998,17
collusion,true,False,-0.034309204118857434,0.00031898624421558655,-0.034782337179208866,-0.03409414363687979,-0.03478233717920892,16
collusion,true,False,0.31752773227501424,0.7824049537446002,2.3118991153141604,0.019358775596893807,-0.013542826106122785,15
collusion,true,True,-0.5442092453334224,0.4834391001403062,-1.0,-0.031444646333523174,-0.03144464633352295,17
collusion,honest_fp,False,0.0,0.0,0.0,0.0,0.0,16
collusion,true,False,0.0007355770943134073,0.0005931976999830566,0.001369732110301669,0.00018069145532351172,0.001369732110301558,15
collusion,true,True,0.9593564987740484,0.9594590428680262,1.9188155416420756,-0.00010254409397791875,-0.00010254409397780773,10
collusion,true,True,1.9330425015552108,0.0,1.933042501555212,1.9330425015552102,1.9330425015552104,19
collusion,true,False,0.3314280856254496,0.7900768617153765,2.345087181148873,0.026822993424238106,-0.006078608278778375,15
collusion,true,True,1.4060429385869027,0.48427767683323997,0.9217652617536647,1.8903206154201415,0.9217652617536647,18
collusion,fabricated,False,-1.4885326807338068,1.3139093040697,-2.653188799586374,-0.006243074921448155,-2.653188799586374,25
collusion,fabricated,False,-2.173626932262565,1.0090687579007447,-2.6407350013210813,0.0062107233438446485,-2.640735001321082,17
collusion,true,True,-2.0,0.0,-2.0,-1.9999999999999982,-2.0,15
collusion,true,True,-0.10504955525545033,0.47381294654174744,0.9186357768353499,-0.006894686796233174,-1.0627048804391004,13
collusion,true,True,0.4166300391873389,0.7188992329293237,1.8965160678471715,0.058979114846952285,5.724564233045015e-05,21
collusion,true,False,1.288329880621885,1.151202934359083,2.261273938651419,-0.0737918006194569,-0.07379180061946045,12
collusion,true,False,0.9237608334111369,0.0,0.9237608334111371,0.9237608334111371,0.9237608334111362,18
collusion,true,True,0.07000731113706367,0.24928467777562888,0.9660305490454792,-0.0037603226761540043,-0.006095843932889089,14
collusion,true,True,0.7365338243208376,0.44211464650584403,0.9578796249729784,1.0309867069214143,-0.01326573860501945,15
collusion,true,True,0.5190960253627072,0.8220822064631773,1.8178303692861384,0.004219416090396777,0.0042194160903941125,14
collusion,true,True,0.07974038748317078,0.2522593032990728,0.98727673067296,0.00709201391534009,0.9872767306729591,14
collusion,true,True,0.21239713864396081,0.398490598118897,0.9836616164007737,0.008961155401976839,0.9836616164007737,19
collusion,true,True,0.5879665957017076,0.8555348481170204,1.9402538175675321,0.00026355381493914365,1.9402538175675321,14
collusion,true,False,1.1130902230294288,1.1583756077058622,2.4265647013692977,0.09149896209842012,2.4265647013692977,16
collusion,true,True,0.05179122804242775,0.2137025455748751,0.982057484095959,0.0007454187426851888,-0.001590102514050784,20
collusion,honest_fp,False,-0.9999999999999999,0.0,-1.0,-1.0,-1.0,16
collusion,fabricated,False,-0.6767824005240689,1.0363784069025164,-2.2823329246450363,-0.0078030154736659085,-2.2823329246450372,17
collusion,fabricated,False,-0.33333333333333326,0.47140452079103157,-1.0,0.0,-1.0,18
collusion,fabricated,False,-4.483357609238623,2.685210744527927,-6.0880779612145695,0.009859376294016897,-6.088077961214568,19
collusion,fabricated,False,-1.4137943257172623,1.1011520573339237,-2.266743041656527,0.007786867514845142,-2.266743041656527,8
collusion,fabricated,False,-0.4615384615384614,0.49851851526214297,-1.0,0.0,-1.0,13
collusion,fabricated,False,-4.752901715267823,2.535154698108181,-6.107998901380846,-0.010061563872259427,-6.107998901380844,18
collusion,true,True,1.8823170860619696,0.0,1.8823170860619696,1.8823170860619696,1.8823170860619696,16
collusion,true,True,0.9354924944488899,0.0,0.9354924944488898,0.9354924944488898,0.9354924944488898,19
collusion,true,True,0.5512853321392133,0.8099701858767335,1.743528508616925,0.0017752578901646388,-0.002268534901823327,19
collusion,true,False,0.034815187529601783,0.03799160617853109,0.0635341423456861,-0.01544298339854766,0.063534142345687,11
collusion,true,False,0.927457924721389,1.0536712127723509e-08,0.9274579247213888,0.9274579247213888,0.9274579247213888,20
collusion,true,True,0.13304758355328083,0.3157843712650282,0.8736172433630616,-0.0010668760194034732,-0.005435134717820644,13
collusion,true,False,-0.04711014058175029,0.0,-0.04711014058175067,-0.04711014058174978,-0.04711014058175034,18
collusion,honest_fp,False,0.0,0.0,0.0,0.0,0.0,22
collusion,true,True,0.9236272578583369,1.4901161193847656e-08,0.9236272578583371,0.9236272578583371,0.9236272578583369,17
collusion,true,True,0.5097143635600381,0.7926150361738309,1.7629217850139947,0.0046631518037250075,1.7629217850139947,21
collusion,true,True,0.11024633825306553,0.2734000055863299,0.9070735382243331,0.011464274713793188,0.9070735382243335,19
collusion,true,True,0.6627813813270733,0.8468516801109328,1.7560406022912423,0.000999433182009568,-0.0030443596099783976,16
collusion,true,False,-0.02403110264738883,0.0380967007255788,0.02584918729633756,-0.053127938447896206,-0.053127938447896206,19
collusion,true,True,0.15476329609961656,0.32934312758178114,0.8909534441689066,0.0001204755106130051,-0.004247783187803833,12
collusion,honest_fp,False,-1.792355438231838,3.650024149988857e-08,-1.792355438231839,-1.792355438231839,-1.7923554382318385,18
collusion,fabricated,False,-1.2892172984114028,1.0143520323626347,-2.091132991283091,-0.0061521898167020694,-2.0911329912830907,13
collusion,fabricated,False,-1.1059181695643756,1.0401711756118093,-2.078909210248691,0.006071591217698291,-2.0789092102486904,15
collusion,true,True,-1.9999999999999998,0.0,-2.0,-2.0,-2.0,16
collusion,true,True,0.0761752554850762,0.2205179654710711,0.9299965484844552,0.012114307959500081,0.9299965484844557,16
collusion,true,True,0.24990781546403262,0.5885893179855337,1.6908911723987945,0.011623976642763267,-0.021206629874153116,14
collusion,true,True,1.6280059114659906,0.42855815068815845,0.950395978463872,1.899049884666839,0.9503959784638729,14
collusion,honest_fp,False,0.0,0.0,0.0,0.0,0.0,16
collusion,true,True,0.9379605881381469,0.0,0.9379605881381465,0.9379605881381483,0.9379605881381465,20
collusion,true,True,0.25738773610349586,0.582480130751654,1.739454127229962,0.015378924299879415,-0.017451682217036524,15
collusion,true,True,0.57000505358908,0.4485316472075688,0.9362296099719423,0.020668219014789102,0.9362296099719418,15
collusion,honest_fp,False,0.0,0.0,0.0,0.0,0.0,14
collusion,true,True,0.33963824454447056,0.6514788967844962,1.795118014320325,0.012901814361168107,1.795118014320324,12
collusion,true,False,2.17630009145087,4.2146848510894035e-08,2.176300091450871,2.176300091450871,2.176300091450871,15
collusion,true,True,-0.3963111505981127,0.456345875651462,-1.0,-0.05134609379703292,-0.0513460937970347,11
collusion,true,True,0.43846861818054245,0.45778069547857647,0.8962493136591192,-0.019312077298032193,-0.01931207729803397,18
collusion,true,False,1.9752123255940148,4.2146848510894035e-08,1.9752123255940148,1.9752123255940166,1.9752123255940148,21
collusion,honest_fp,False,-1.0,0.0,-1.0,-1.0,-1.0,11
collusion,fabricated,False,-1.2,0.9797958971132712,-2.0,0.0,-2.0,15
collusion,fabricated,False,-0.6,0.4898979485566355,-1.0,0.0,-1.0,15
collusion,fabricated,False,-1.351328870670148,1.0313821573973927,-2.139060005120216,-0.0009326401843168242,-2.139060005120216,19
collusion,fabricated,False,0.09748406784108177,0.2952833625373953,0.8786070834044288,-0.012371515150382706,-0.027734755553374235,8
collusion,fabricated,False,-0.9473684210526315,0.9986139979479093,-2.0,0.0,-2.0,19
collusion,fabricated,False,-0.42857142857142855,0.49487165930539345,-1.0,0.0,-1.0,21
collusion,fabricated,False,-1.4244894346416066,1.007922905857799,-2.137198556286906,0.0009288086489931402,-2.137198556286906,18
collusion,fabricated,False,0.06993621165634277,0.23039412212427612,0.9001687931074009,-0.0007355541246152342,-0.016098794527607208,14
collusion,true,True,-2.0,0.0,-2.0,-1.9999999999999982,-2.0,13
collusion,true,True,0.9239461645857034,1.8250120749944284e-08,0.9239461645857059,0.9239461645857041,0.9239461645857032,17
collusion,true,True,0.9845101198493679,0.8287457723547252,1.6849281354432355,0.00392489801795648,0.003924898017952927,12
collusion,true,False,0.011377383855157963,0.04006533375569232,0.05144271761085051,-0.028687949900533027,-0.028687949900534804,16
collusion,true,False,0.4399437288562914,0.5041430618851801,0.0033430301220551684,1.0220779938352784,0.0033430301220551684,14
collusion,true,True,-2.0767634296129263,0.0,-2.0767634296129263,-2.0767634296129227,-2.076763429612927,18
collusion,honest_fp,False,-1.0,0.0,-1.0,-0.9999999999999982,-1.0,18
collusion,honest_fp,False,0.0,0.0,0.0,0.0,0.0,16
collusion,true,True,-1.9999999999999996,0.0,-2.0,-1.9999999999999982,-2.0,16
collusion,true,True,0.9239355895808851,0.0,0.9239355895808874,0.9239355895808856,0.9239355895808847,19
collusion,true,True,0.9499615934923745,0.0,0.9499615934923753,0.9499615934923753,0.9499615934923735,18
collusion,honest_fp,False,0.0,0.0,0.0,0.0,0.0,19
collusion,true,True,0.7062192401339895,0.8273107136635898,1.6950446739135678,0.014041436488287928,1.6950446739135678,17
collusion,true,False,0.03523238315972321,0.04006533375569221,0.07529771691541676,-0.004832950595968555,0.07529771691541587,16
collusion,true,False,-1.5469250011172642,0.5082342936189915,-2.022334650850098,-1.0035996871368784,-1.003599687136881,15
collusion,honest_fp,False,0.0,0.0,0.0,0.0,0.0,10
collusion,fabricated,False,-0.4117647058823529,0.4921529567847503,-1.0,0.0,-1.0,17
collusion,fabricated,False,-0.5,0.5,-1.0,0.0,-1.0,12
collusion,fabricated,False,-1.225710075195581,1.045559255338608,-2.117366004117301,0.0003168270717850419,-2.117366004117301,19
collusion,fabricated,False,-0.5,0.5,-1.0,0.0,-1.0,14
collusion,fabricated,False,-0.42857142857142855,0.4948716593053935,-1.0,0.0,-1.0,14
collusion,fabricated,False,-1.4562272689370135,0.9815722630508091,-2.1180031536836026,-0.0003203224945167449,-2.1180031536836017,16
collusion,true,True,0.22210887388625275,0.38396908633577537,0.9655189039628667,0.014396485732930842,0.020638191042530174,19
collusion,true,True,2.0148724967071425,0.0,2.014872496707145,2.0148724967071416,2.014872496707145,18
collusion,true,True,1.9749512394259705,0.0,1.9749512394259714,1.9749512394259732,1.9749512394259696,18
collusion,true,True,0.703983113454455,0.5513915197244076,1.1541924040619769,0.02866917754317555,1.1541924040619769,15
collusion,true,True,0.8289978695746655,0.9495864932583218,1.963970207899635,0.03387780411654262,1.963970207899635,17
collusion,true,True,1.3044482003032736,0.89884344393446,1.9400264947344024,0.03329161144102244,0.033291611441019775,15
collusion,honest_fp,False,-3.042264538785332,0.0,-3.042264538785332,-3.042264538785332,-3.042264538785333,22
collusion,honest_fp,False,-1.9999999999999998,2.1073424255447017e-08,-2.0,-2.0,-2.0,16
collusion,honest_fp,False,0.0,0.0,0.0,0.0,0.0,11
collusion,true,True,0.29968344086136117,0.42567885235649566,0.9726294275327874,0.01811969532090174,0.9726294275327865,14
collusion,true,True,0.9499636848549976,1.8250120749944284e-08,0.9499636848549997,0.9499636848549997,0.9499636848549988,17
collusion,true,True,0.5171433451688139,0.5599407352789587,1.1361811197541591,0.010657893235354265,0.010657893235352489,20
collusion,true,True,0.21215556927081602,1.7665390054021037,1.9185019253717073,-2.4958665658795987,-0.011590478411388716,16
collusion,true,True,0.7032314084228463,0.5463836270894814,1.1351855928795551,0.012104713292114155,0.012104713292113267,13
collusion,true,True,1.0992546638968466,0.9474641809142509,1.946692389805019,0.03995750651163732,1.9466923898050155,18
collusion,true,True,0.22888314014405253,0.40492472821904185,0.9302131308622528,-0.009619212632070884,-0.009619212632071772,16
collusion,true,True,-2.06843550379548,0.0,-2.0684355037954774,-2.068435503795481,-2.068435503795479,24
collusion,true,True,-0.22074345365031162,1.897237061150248,1.9115026379199946,-2.499668710178078,-0.0153926227098653,19
collusion,true,True,0.4696757635114852,0.5501950189730704,1.143524291263951,0.02044341167650998,1.143524291263951,20
collusion,honest_fp,False,-2.7936068239199594,0.0,-2.7936068239199585,-2.7936068239199585,-2.793606823919961,14
collusion,fabricated,False,-2.6106327623800745,2.8806755722293724,-5.7953394343224645,-0.004963667154484597,-5.795339434322464,20
collusion,fabricated,False,-3.252165034520345,2.8724801770389954,-5.785454432656337,0.004921334511642783,-5.785454432656336,16
collusion,true,True,1.0797154394643995,0.8558647505690192,1.7957832643850562,0.056761403863461624,1.7957832643850558,17
collusion,true,True,0.9930967502116902,0.9894397205528694,2.026532833791517,0.04578034026351574,2.0265328337915154,23
collusion,true,True,1.1704416496923693,1.0152488650553089,2.078507840229644,0.035358911520777525,2.078507840229644,18
collusion,true,True,0.5937062184581651,0.44059627458921774,0.9286661699503824,0.025751031194864993,0.9286661699503812,21
collusion,true,True,0.677949213016814,0.6083455165465876,1.2550764440084752,0.0366967341371911,1.2550764440084738,19
collusion,true,True,-0.4687865936616665,1.5553743790315264,1.955650684580048,0.037489065970842006,1.9556506845800454,18
collusion,true,True,0.607546590011424,0.5120864697915811,1.0816465365660388,0.05442998569770552,1.0816465365660388,13
collusion,true,True,0.8584872360629856,0.8683057863271386,1.6822344331521624,-0.05678742736943221,-0.056787427369430765,19
collusion,true,True,1.4599781200113886,0.875921709812432,1.98817878495219,0.007426291424188491,0.0074262914241887135,15
collusion,true,True,1.1026297718659939,1.0152488650553093,2.01069596240327,-0.03245296630559835,-0.0324529663055968,18
collusion,true,True,0.7150568160259381,0.381701184335603,0.9171767932836286,0.012569006144829586,0.027038766284024907,17
collusion,true,True,0.7147719970346763,0.5898455407110631,1.1716643882364082,-0.04671532163487413,-0.04671532163487491,16
collusion,true,True,-0.612471518770802,1.6343030991519276,1.8696059611764397,-0.03726714593569369,-0.03726714593569447,16
collusion,true,True,1.9404581423361753,2.1073424255447017e-08,1.9404581423361762,1.9404581423361762,1.9404581423361753,18
collusion,honest_fp,False,-1.6806019340365064,0.0,-1.6806019340365062,-1.6806019340365062,-1.680601934036507,17
collusion,true,True,0.008378287555058376,0.007661506894325932,0.0,0.002786950071296701,0.0027869500712977002,17
collusion,true,True,-1.5035918688472778,1.8537661245815336,1.8808944726735106,-2.5245820270520483,-2.5245820270520496,13
collusion,true,True,0.481815596333017,0.5124656527163924,1.029664423462794,0.0024478725944625523,0.0024478725944623303,15
collusion,true,True,-1.9999999999999996,2.1073424255447017e-08,-2.0,-2.0,-2.0,19
collusion,honest_fp,False,-3.2657790446337662,0.0,-3.2657790446337636,-3.2657790446337636,-3.265779044633766,16
collusion,honest_fp,False,0.0,0.0,0.0,0.0,0.0,11
collusion,fabricated,False,-1.2566407718689507,1.333417941664271,-2.670944074928869,0.0005177197398680278,-2.670944074928872,17
collusion,fabricated,False,-0.4374999999999999,0.4960783708246106,-1.0,0.0,-0.9999999999999999,16
collusion,fabricated,False,-2.1090133079956357,2.2276607219853912,-4.457173886518621,0.004331212675051432,-4.457173886518625,19
collusion,fabricated,False,-1.7815792602959657,1.2593391671273666,-2.6720665251855458,-0.0006047305168053185,-2.6720665251855458,12
collusion,fabricated,False,-0.4117647058823528,0.49215295678475024,-1.0,0.0,-0.9999999999999999,17
collusion,fabricated,False,-2.8724448244572653,2.1377632893769296,-4.465839502740721,-0.0043344035470447295,-4.465839502740723,14
collusion,true,True,1.51909833704564,0.7976958022209831,1.9615803550656565,0.08103177848057541,1.96158035506566,17
collusion,true,True,0.3894067296096909,0.7793564292761233,2.0114591278125538,-0.007480658624473335,0.00590737169957567,16
collusion,true,True,1.044713508133209,1.0670646463225726,2.169498405806987,0.032407100226805596,2.169498405806987,19
collusion,true,True,0.29227337766216754,0.43118694818329717,0.9601979282695154,0.008285084358806927,0.9601979282695146,17
collusion,true,True,0.5888179820256713,0.6192131214587365,1.2909396654233198,0.0427233393830555,1.2909396654233234,16
collusion,true,True,-0.1569767524621086,1.6853255527472286,1.9306868215139588,-2.5219412267072787,0.01975571706773227,14
collusion,true,True,0.45042554782975197,0.4884114257485755,1.0341279865475208,0.03580960439711944,1.03412798654752,17
collusion,true,True,1.0764823037437632,0.9497284816563197,1.9557600213876505,0.050658299825894204,1.9557600213876505,13
collusion,honest_fp,False,0.0,0.0,0.0,0.0,0.0,16
collusion,true,True,1.0582132525039907,0.9246019525743211,1.8275285792887956,-0.05301999729628548,-0.053019997296288146,22
collusion,true,True,0.33473697272559777,0.6978784834987628,2.0436861641658375,0.035604577020968975,2.043686164165841,21
collusion,true,True,0.9945095921832061,1.0670646463225726,2.119294489856987,-0.01779681572319447,-0.017796815723197135,19
collusion,true,True,0.24613304014164464,0.42282267224978026,0.9010786316237933,-0.019313882982864072,-0.036535618032919714,17
collusion,true,True,0.6040828073091685,0.6241081630201334,1.2281909703292975,-0.02002535571096331,-0.0200253557109642,14
collusion,true,True,0.5037757625167503,0.8430274710479911,1.9634852471013282,0.0,1.96348524710133,16
collusion,true,True,0.4431983121183543,0.4827406681927428,0.9592593700556336,-0.008160874621090386,-0.014976219612675479,15
collusion,true,True,0.9113612409916753,0.9504317238716401,1.9274154924912779,0.022313770929525134,0.02231377092952247,15
collusion,honest_fp,False,-2.0,0.0,-2.0,-1.9999999999999982,-2.0,15
collusion,true,True,0.37544993360516987,0.7902383155647886,1.9558980008604259,-0.025600494751934377,-0.025600494751934377,15
collusion,true,True,0.2569431725286673,0.41268525675611645,0.9472319540973935,0.011455443681288813,-0.005766291368768606,19
collusion,true,True,-0.3700035768785485,1.723878688303844,1.8708139821983387,-2.585559424780632,-2.5855594247806337,15
collusion,true,True,0.4313299783029416,0.488034388102839,0.984627609830131,-0.002849834549429886,-0.009665179541013202,16
collusion,fabricated,False,-0.9506476313722871,1.2768169546982213,-2.6636773346899822,0.0010355371375467826,-2.6636773346899822,14
collusion,fabricated,False,-1.7933278310252885,2.2460015671750457,-4.608839797594989,-0.0016383977536591487,-4.60883979759499,18
collusion,fabricated,False,-0.9527476608549345,1.2768169546982218,-2.66577736417263,-0.0010644923451010868,-2.66577736417263,14
collusion,fabricated,False,-2.148393931943758,2.2984758866762074,-4.605568011859134,0.0016333879821956998,-4.605568011859133,15
collusion,true,True,1.1897910211017253,1.0244511114426567,2.124982659099029,0.06756105550496017,2.124982659099029,11
collusion,true,True,0.29925280452268943,0.4154022648938116,0.9559806618037499,0.026722442108798816,0.9559806618037516,14
collusion,true,True,0.8563454072203446,0.6359712891723015,1.3636749903013268,0.05911320523594554,1.3636749903013259,18
collusion,true,True,1.90677019104872,0.0,1.9067701910487198,1.906770191048718,1.9067701910487198,14
collusion,true,True,0.38919397778481,0.460129746062007,0.9830566328905199,0.012115911797774714,0.9830566328905199,16
collusion,true,False,0.023348736341064442,3.2927225399135965e-10,0.02334873634106316,0.02334873634106316,0.023348736341064047,18
collusion,true,True,0.6390081744877586,0.8970738662932458,1.9846189739276259,0.040958930292259055,1.9846189739276276,13
collusion,honest_fp,False,0.0,0.0,0.0,0.0,0.0,14
collusion,honest_fp,False,0.0,0.0,0.0,0.0,0.0,17
collusion,true,True,0.5880248765609737,0.9563502949557663,1.9957343948095456,-0.06168720878452305,-0.061687208784520386,19
collusion,true,True,1.989640836223162,0.0,1.9896408362231632,1.9896408362231632,1.9896408362231632,19
collusion,true,True,0.2270794005889279,0.4031508420037964,0.8956008882453403,-0.021704093101657662,-0.013755626112255115,15
collusion,true,True,0.8443769229295811,0.6234300025348004,1.3048104941291285,0.00024870906374374613,0.0002487090637455225,17
collusion,true,True,-1.9999999999999996,0.0,-2.0,-1.9999999999999982,-2.0,13
collusion,true,True,-0.4065324956947814,1.073009290024546,0.8837426034401723,-1.615481875461688,-0.055781161682972424,19
collusion,true,False,-1.2067302833766793,0.0,-1.2067302833766789,-1.2067302833766789,-1.2067302833766798,15
collusion,true,True,0.590503195924745,0.8970738662932459,1.9361139953646127,-0.007546048270754113,-0.007546048270751449,13
collusion,true,True,0.26262987398309623,0.4153015917517598,0.9191869205800103,-0.008347996353698761,-0.00039952936429354935,14
collusion,true,True,-0.2976742859236755,1.0730886882339512,0.9348480000241786,-1.566428805969533,-0.006728092190815715,18
collusion,honest_fp,False,-2.0,0.0,-2.0,-1.9999999999999982,-2.0,17
collusion,honest_fp,False,0.0,0.0,0.0,0.0,0.0,14
collusion,fabricated,False,-1.6436427706419956,1.1590849841163884,-2.4632396228821953,-0.004449066161598125,-2.4632396228821953,15
collusion,fabricated,False,-0.3333333333333333,0.4714045207910317,-1.0,0.0,-1.0,15
collusion,fabricated,False,-1.4419058735680084,1.2101010426044643,-2.454349043982372,0.0044415127382251285,-2.454349043982372,17
collusion,fabricated,False,-0.35714285714285715,0.47915742374995496,-1.0,0.0,-1.0,14
collusion,true,False,0.3236491443592139,1.6482141481846821,1.3660713003547897,-2.2824062456297263,-2.2824062456297245,14
collusion,honest_fp,False,-1.7681217842974386,0.0,-1.7681217842974384,-1.768121784297442,-1.7681217842974384,15
collusion,true,True,0.8727090002051986,0.9619411521531789,1.9010673480897058,-0.02710455419374469,-0.027104554193746466,15
collusion,true,True,0.44758046994910444,0.46819980006026224,0.9604676537739341,0.02017448342841277,0.9604676537739341,22
collusion,honest_fp,False,-0.9999999999999999,0.0,-1.0,-1.0,-1.0,15
collusion,honest_fp,False,-2.0,0.0,-2.0,-2.0,-2.0,19
collusion,honest_fp,False,-1.0,0.0,-1.0,-1.0,-1.0,12
collusion,true,True,0.8961161302366608,0.9565243759545662,1.9807128252711035,0.052540922987653005,1.9807128252711035,16
collusion,true,True,0.5730319827981137,0.4627680640300537,0.9602115235286224,0.019918353183104642,0.019918353183102866,17
collusion,true,False,0.03851781173451252,6.585445079827193e-10,0.038517811734513074,0.03851781173451485,0.038517811734513074,16
collusion,true,False,-0.09784240782787477,1.795609012019048,1.4044718758128063,-2.2440056701717097,1.4044718758128063,17
collusion,honest_fp,False,-1.1651858395580632,0.0,-1.1651858395580632,-1.1651858395580632,-1.1651858395580632,17
collusion,fabricated,False,-2.2597532666449274,3.0374487182663987,-6.33491835397289,0.004227337426161881,-6.334918353972892,14
collusion,fabricated,False,-2.44249115781441,3.084021354532904,-6.34350389098306,-0.004358199584004296,-6.343503890983062,13
collusion,true,False,0.012313495071060283,0.004938265077294766,0.006411139370200658,0.016445144061663086,0.006411139370200658,17
collusion,honest_fp,False,-1.605882007923114,0.0,-1.605882007923114,-1.605882007923114,-1.605882007923114,12
collusion,honest_fp,False,0.0,0.0,0.0,0.0,0.0,17
collusion,honest_fp,False,-3.030411427572942,0.0,-3.0304114275729415,-3.0304114275729397,-3.0304114275729415,10
collusion,true,True,-2.0,2.9802322387695312e-08,-2.0,-2.0,-2.0,15
collusion,true,True,-0.5,0.5,-1.0,0.0,-1.0,18
collusion,true,True,-0.5294117647058824,0.49913419848462176,-1.0,0.0,-1.0,17
collusion,true,False,-0.023233622599606714,0.004938265077294944,-0.029135978300466547,-0.01910197360900412,-0.019101973609007672,17
collusion,true,False,-1.4900648429079348,0.0,-1.4900648429079357,-1.490064842907934,-1.4900648429079357,17
collusion,honest_fp,False,0.0,0.0,0.0,0.0,0.0,18
collusion,honest_fp,False,-2.0,0.0,-2.0,-2.0,-2.0,11
collusion,fabricated,False,-1.2222222222222223,0.9749960430435689,-2.0,0.0,-2.0,18
collusion,fabricated,False,-1.0,0.9999999999999999,-2.0,0.0,-2.0,22
collusion,true,False,1.3037365663318117,2.5809568279517847e-08,1.3037365663318123,1.3037365663318123,1.3037365663318121,18
collusion,true,False,0.08889742419939436,1.3170890159654386e-09,0.08889742419939495,0.08889742419939495,0.08889742419939428,16
collusion,true,False,-1.2007017764683263,1.0464663627116428,-2.1069682307825097,0.007653495950584954,-2.1069682307825093,14
collusion,true,True,-0.7805929189614867,0.9445486634219117,-2.0,-0.0489486703383788,-0.04894867033837902,16
collusion,true,True,0.0,0.0,0.0,0.0,0.0,18
collusion,honest_fp,False,-2.0,0.0,-2.0,-2.0,-2.0,18
collusion,true,True,3.0311780293895447,0.9726352120631432,1.980611928802519,3.9316632584641393,1.980611928802519,13
collusion,true,True,0.0,0.0,0.0,0.0,0.0,14
collusion,true,False,-0.49577028829264463,1.046466362711643,-1.4020367426068283,0.7125849841262664,-1.4020367426068279,14
collusion,honest_fp,False,0.0,0.0,0.0,0.0,0.0,17
collusion,fabricated,False,-2.1636351785116448,0.9386620447294732,-2.5700877666636295,0.004111958298935292,-2.5700877666636295,19
collusion,fabricated,False,-1.7202454074758065,1.2134893877663833,-2.578311982463328,-0.004112257500763938,-2.5783119824633283,24
collusion,true,False,-0.039467363706257086,0.0,-0.03946736370625725,-0.039467363706256364,-0.03946736370625725,16
collusion,true,False,0.1051029074119915,0.07452752198360632,0.1841512816814479,0.034837685839141486,0.034837685839141486,17
collusion,true,True,0.6229341141734098,0.8989038676830774,1.894176155120448,-0.012686906300109158,-0.012686906300109158,9
collusion,true,True,0.0,0.0,0.0,0.0,0.0,14
collusion,true,True,0.4291495726156402,0.7442722501119512,1.9784758100198427,0.07161274859928568,1.9784758100198427,16
collusion,true,True,0.0,0.0,0.0,0.0,0.0,17
collusion,true,False,0.1420908948851506,0.07449070917721927,0.21177057294489376,0.06245697710258824,0.21177057294489376,15
collusion,true,False,-1.3216679646434328,3.650024149988857e-08,-1.3216679646434315,-1.3216679646434333,-1.3216679646434324,17
collusion,fabricated,False,-1.310004633393412,1.4619605040284671,-2.944526167107165,-0.002387406422407423,-2.944526167107166,18
collusion,fabricated,False,-0.26250725044493756,0.7821392438645658,-2.735634951731651,-0.01032607899075444,-2.735634951731651,11
collusion,fabricated,False,-0.1873443579992429,0.7161854343033303,-2.6681263400270883,0.012099065292565214,-2.6681263400270883,13
collusion,fabricated,False,-1.2364087679536,1.4526162116529657,-2.939752260981617,0.002386499703140643,-2.939752260981617,19
collusion,fabricated,False,-0.17269933099746496,0.6406858581958405,-2.7351820012148576,-0.010172490239535037,-2.7351820012148567,17
collusion,fabricated,False,-0.1573921378100671,0.6515749981991866,-2.6806469780298325,0.008062114815912125,-2.6806469780298317,16
collusion,true,True,-2.3410857544748374,2.926963658731435,3.134085069333567,-3.9506077172867347,-3.9506077172867347,18
collusion,honest_fp,False,-1.4200247930036711,0.0,-1.4200247930036713,-1.4200247930036696,-1.4200247930036713,11
collusion,true,True,2.963697679202791,1.04792560533095,2.02640452364974,4.135314123644104,2.0264045236497417,18
collusion,true,True,0.9960929235812438,0.0,0.9960929235812408,0.9960929235812443,0.9960929235812443,19
collusion,true,True,0.35519805797297843,2.266027725683405,3.0842919667605067,0.010047685468851597,0.010047685468851597,13
collusion,true,False,-0.06730237300099488,0.0,-0.06730237300099517,-0.06730237300099517,-0.06730237300099429,18
collusion,true,False,0.025771822176462678,0.0,0.025771822176462678,0.025771822176462678,0.025771822176462678,14
collusion,honest_fp,False,-1.703737912453484,0.0,-1.7037379124534837,-1.7037379124534837,-1.7037379124534837,12
collusion,true,True,-1.9999999999999996,0.0,-2.0,-2.0,-2.0,13
collusion,true,True,-1.0739377772413228,1.0544547999971792,-2.1283925772385004,-0.01948297724414516,-0.019482977244143385,20
collusion,true,True,0.35108657415086103,2.217030173257613,3.1349590421235884,-0.044722603190223253,3.1349590421235884,14
collusion,fabricated,False,-1.0526291281339941,1.1672585859136808,-2.3430820490661617,0.0031959889923278695,-2.3430820490661617,20
collusion,fabricated,False,-1.7629082940188165,1.0159681926500808,-2.3494778035334374,-0.0031997654749496007,-2.3494778035334374,12
collusion,true,True,0.9161540993813065,1.0506618006909811,2.0908297032349914,-0.02358638370164101,-0.0235863837016419,9
collusion,true,False,-0.005042963280494262,0.0008428004432348647,-0.0057617059134642545,-0.0040546921601603,-0.0057617059134642545,19
collusion,honest_fp,False,-2.0,0.0,-2.0,-2.0,-2.000000000000001,17
collusion,true,True,1.9781843982158056,0.0,1.9781843982158058,1.9781843982158058,1.9781843982158067,17
collusion,true,True,0.4707276405736945,0.8620103464903824,2.1400034986815637,0.02558741174492951,2.1400034986815637,19
collusion,true,False,-0.15357738746872954,0.0,-0.1535773874687294,-0.1535773874687294,-0.1535773874687303,13
collusion,true,False,-0.008710105098338595,0.0008321658274462501,-0.00937394378017764,-0.0076669300268754625,-0.009373943780178529,18
collusion,true,False,-1.2339934509053871,2.1073424255447017e-08,-1.2339934509053858,-1.2339934509053876,-1.2339934509053885,16
collusion,honest_fp,False,0.0,0.0,0.0,0.0,0.0,13
collusion,honest_fp,False,-2.0,0.0,-2.0,-2.0,-2.000000000000001,16
collusion,honest_fp,False,-1.0000000000000004,0.0,-1.0,-1.0,-1.0000000000000009,17
collusion,fabricated,False,-1.8324126018211244,2.049732231647551,-4.124082904639257,0.0009236404333847759,-4.12408290463926,18
collusion,fabricated,False,-1.225064837598616,1.4386723916779047,-2.9120577523858415,0.0018391004284588064,-2.9120577523858424,19
collusion,fabricated,False,-1.314701327627331,1.387591356151154,-2.7773510432938444,0.0016834164725310075,-2.7773510432938453,19
collusion,fabricated,False,-1.9421036133478196,2.0589318356186523,-4.1259306077980415,-0.000924062725399466,-4.125930607798044,17
collusion,fabricated,False,-1.5559281490233454,1.453707157817329,-2.915746680336685,-0.0018498275223848282,-2.915746680336686,15
collusion,fabricated,False,-1.9256390794520217,1.282631289122942,-2.780726605533985,-0.0016921457676062346,-2.780726605533986,13
collusion,true,True,-0.7810383717262112,2.2364101308988507,1.8919829989293708,-2.6521533311851204,1.8919829989293708,17
collusion,true,True,0.4571358076709644,0.5366438061673359,1.0921013221494054,0.003589011614934634,1.0921013221494063,12
collusion,honest_fp,False,0.0,0.0,0.0,0.0,0.0,20
collusion,true,True,-0.676899106935834,2.2542477474481215,1.8791775787535663,-2.664958751360924,-2.6649587513609228,16
collusion,true,True,2.323880965286455,0.0,2.323880965286455,2.3238809652864525,2.323880965286455,23
collusion,true,True,0.14727052759220036,0.3358356712903466,0.9348338014391722,0.0009260669707380487,0.006946691404803751,13
collusion,true,False,-0.037352713800650444,6.585445079827193e-10,-0.03735271380065086,-0.03735271380065086,-0.03735271380064997,15
collusion,true,True,0.36047906159186865,0.5131296241226408,1.0861539352815157,-0.0023583752529567903,-0.00235837525295457,15
collusion,true,True,0.12423733195248718,0.30129775638086104,0.9492967716899035,0.010301808676580038,0.949296771689903,17
collusion,honest_fp,False,-1.9999999999999998,0.0,-2.0,-2.0,-1.9999999999999996,15
collusion,fabricated,False,-0.5,0.8660254037844386,-2.0,0.0,-1.9999999999999996,16
collusion,fabricated,False,0.11417011528281551,0.3076724141295144,0.9281551996649124,-0.003428123580938802,-0.010465696294434945,16
collusion,fabricated,False,-3.1717602009384036,2.996601275316839,-5.996982977323462,0.006615422494789414,-5.996982977323462,17
collusion,fabricated,False,-1.0526315789473681,0.9986139979479093,-2.0,0.0,-1.9999999999999996,19
collusion,fabricated,False,-0.5714285714285714,0.9035079029052513,-2.0,0.0,-1.9999999999999996,14
collusion,fabricated,False,0.13502960372611486,0.3328582889143783,0.9156473784549402,-0.007786242626277584,-0.014823815339775503,13
collusion,fabricated,False,-3.0084189076467025,3.001799199909125,-6.010218107555827,-0.006619707737577585,-6.010218107555827,18
collusion,fabricated,False,-1.538461538461538,0.8426500884694864,-2.0,0.0,-1.9999999999999996,13
collusion,true,False,0.024410200368461532,0.0,0.024410200368461865,0.024410200368462753,0.024410200368462087,16
collusion,honest_fp,False,0.0,0.0,0.0,0.0,0.0,12
collusion,true,False,1.8807143940281856,2.9802322387695312e-08,1.8807143940281856,1.8807143940281854,1.8807143940281856,14
collusion,true,False,0.005961975968784378,0.034831062070568755,-0.030981944310258136,0.03880101621682286,-0.030981944310258136,17
collusion,true,True,0.0,0.0,0.0,0.0,0.0,17
collusion,true,False,0.03191405546820203,0.0,0.03191405546820203,0.03191405546820292,0.03191405546820225,14
collusion,honest_fp,False,-3.527937930634693,9.424321830774485e-08,-3.5279379306346943,-3.5279379306346943,-3.5279379306346943,14
collusion,honest_fp,False,-3.556584416561883,9.424321830774485e-08,-3.5565844165618845,-3.5565844165618845,-3.5565844165618845,16
collusion,honest_fp,False,0.0,0.0,0.0,0.0,0.0,16
collusion,true,False,-0.08078703107481351,0.03483106207056823,-0.11773095135385647,-0.04794799082677592,-0.11773095135385625,17
collusion,honest_fp,False,-1.1648218696637316,0.0,-1.1648218696637311,-1.1648218696637311,-1.164821869663731,21
collusion,honest_fp,False,0.0,0.0,0.0,0.0,0.0,15
collusion,fabricated,False,-1.3502201106308243,1.5708417698152548,-3.192195358963424,-0.010601748207115236,-3.192195358963424,19
collusion,fabricated,False,-1.686252706535249,1.5872577647198824,-3.1709963915548602,0.010597219201448738,-3.1709963915548602,15
collusion,true,True,0.6037693032332052,0.9415641893398102,2.165176869270855,0.03598473376496969,2.165176869270855,15
collusion,true,False,1.627946630683113,1.3692299555250453,2.7735266016039493,-0.008596184918079786,-0.008596184918079786,17
collusion,true,True,0.722074358250354,0.6752337413697252,1.353697687299114,0.00021912505177290598,0.0002191250517720178,15
collusion,true,False,0.04258508241463197,0.025514494452505403,0.0815591164636782,0.025881924965041492,0.0815591164636773,10
collusion,true,False,0.009082831442613208,0.007020623407525045,0.02656967745458161,0.005252064153317804,0.02656967745458161,15
collusion,honest_fp,False,0.0,0.0,0.0,0.0,0.0,14
collusion,true,True,0.6574939692450625,1.0037107983101858,2.0769553929156537,-0.052236742590233476,-0.05223674259023259,12
collusion,true,True,0.47507678989480623,0.485351182749684,0.9604279726444904,-0.010274392854876524,-0.010274392854877412,20
collusion,true,False,-0.01350029606850732,0.0059043406324065855,-0.001439517922726452,-0.011062459765621924,-0.019583472905577715,17
collusion,true,False,1.4828603656009758,1.3891333793153708,2.8007080013219365,0.01858521479990749,2.8007080013219365,19
collusion,true,True,0.8499550587204817,0.658473080140244,1.37052373650792,0.017045174260578833,1.3705237365079217,13
collusion,true,True,0.9208821284255401,0.0,0.9208821284255393,0.9208821284255411,0.9208821284255402,18
collusion,true,False,0.0025719101725638184,0.022270876599454505,0.047113663371472825,-0.008563528127163877,-0.00856352812716299,15
collusion,true,True,0.7644000516923828,0.40898121708279167,0.9884082898845445,0.017705924385177596,0.9884082898845445,13
collusion,true,False,-0.0028921512529569947,0.007187824591416834,0.011158074004260499,-0.0018469279280761697,-0.010367941068032849,17
collusion,honest_fp,False,0.0,0.0,0.0,0.0,0.0,16
collusion,fabricated,False,-0.010774642554077925,0.005122102297492898,-2.877061444152943,-0.006676077895876986,-2.8770614441529405,11
collusion,fabricated,False,0.008299026903796785,0.005384999342670893,-2.8423414850829793,0.004921375771422376,-2.8423414850829767,13
collusion,fabricated,False,-0.00486026442989125,0.006405282520356513,-2.8681818487952206,-0.0034760939568254656,-2.8681818487952198,13
collusion,fabricated,False,0.008733803974308044,0.005122899472748946,-2.843068531027914,0.0047861337995573905,-2.843068531027913,12
collusion,true,True,1.9249277425371913,1.5444534071714011,2.2440945311236735,0.05167542624799282,2.2440945311236735,15
collusion,true,False,0.0009431458822483085,0.018320354775788136,0.017100180104652196,-0.019830183832270976,-0.019830183832270976,16
collusion,true,True,1.4361513570787015,2.9802322387695312e-08,1.4361513570787032,1.4361513570787015,1.4361513570787015,17
collusion,true,False,0.04253870589788684,0.0006420424937554444,0.043400096294176294,0.04206015567772603,0.043400096294176294,14
collusion,true,False,0.015539867203719235,0.00356051757069029,0.019795499668246563,0.012560924478549396,0.019795499668246563,17
collusion,true,True,1.6697572921788413,1.578488403850136,2.186836824158254,0.05808238509900221,-0.022151950433903167,17
collusion,true,True,1.7159187747977933,0.0,1.7159187747977942,1.7159187747977924,1.7159187747977942,15
collusion,true,False,-0.02178690299070709,0.003609240226492697,-0.01792846288953598,-0.025163038079233147,-0.025163038079233147,15
collusion,honest_fp,False,0.0,0.0,0.0,0.0,0.0,16
collusion,true,True,-0.7802771373102272,1.0058251719666855,-2.202188363844332,-0.04166323682906814,-0.12189757236197352,21
collusion,true,False,0.04998674825719407,0.018320354775788004,0.06614378247959785,0.029213418542674674,0.06614378247959607,16
collusion,true,True,-1.410388210215583,2.1073424255447017e-08,-1.410388210215583,-1.410388210215583,-1.410388210215583,16
collusion,true,False,-0.14228340198760314,0.000667196092135664,-0.1415525252877199,-0.14289246590417193,-0.14289246590417193,11
collusion,true,True,-1.0,0.0,-1.0,-1.0,-1.0,17
collusion,honest_fp,False,-1.1076442952630061,0.0,-1.1076442952630057,-1.1076442952630057,-1.1076442952630057,21
collusion,true,True,0.5145219648673527,0.8996430285221422,2.3084978875048563,0.04568500935007336,2.3084978875048563,15
collusion,true,False,0.006962899800043524,0.03701947707598271,0.034303595571390844,-0.043161709114095004,-0.04316170911409323,17
collusion,true,True,1.5346679253310953,2.1073424255447017e-08,1.534667925331096,1.534667925331096,1.534667925331096,19
collusion,true,False,3.2710881088259405,0.0,3.271088108825939,3.2710881088259427,3.271088108825939,15
collusion,true,False,0.028888465517171724,0.01984652069727112,0.06247523583997605,0.010460864884212384,0.011889621183865273,18
collusion,true,True,0.5126065258018596,0.899234338597366,2.3056233250200293,0.04520825541357709,-0.0013634202255872196,15
collusion,true,True,1.7886654407549862,0.0,1.7886654407549862,1.7886654407549862,1.788665440754988,15
collusion,true,False,0.03404701282132008,0.019924282488015685,0.07178791285719655,0.01687258901185018,0.0717879128572001,21
collusion,honest_fp,False,-1.3816597835949802,1.4901161193847656e-08,-1.3816597835949764,-1.38165978359498,-1.3816597835949782,14
collusion,true,True,0.2635388584272892,0.7575814813186437,2.066371276956094,-0.022580200349558766,-0.0691518759887213,20
collusion,true,False,0.05147467599185798,0.03824678799329728,0.08409164638574396,0.006626341700261662,0.08409164638574751,19
collusion,true,False,-3.284953307689026,7.300048299977713e-08,-3.2849533076890225,-3.2849533076890296,-3.2849533076890243,17
collusion,true,False,-0.003632584510482571,0.015371593353298726,0.02055200278614322,-0.01589990091364868,-0.01589990091364868,14
collusion,honest_fp,False,-1.0056038737621809,0.0,-1.0056038737621797,-1.0056038737621797,-1.0056038737621797,20
collusion,fabricated,False,-1.5323319654323644,2.0430018488273367,-4.273306572713768,-0.00956829472047005,-4.273306572713768,14
collusion,fabricated,False,-1.8966211795163654,1.471189996595754,-3.036200050700824,0.0026769391244023666,-3.036200050700824,16
collusion,fabricated,False,-1.3228541251793966,1.976295585414109,-4.254174191299786,0.0095640866935085,-4.254174191299786,16
collusion,fabricated,False,-1.6909611875915513,1.5100301165575867,-3.0415731830694277,-0.002696193244201339,-3.0415731830694277,18
collusion,true,True,1.5430744293909058,1.8724715200817583,2.426609027335907,0.04348675615022479,2.426609027335907,14
collusion,true,True,1.5866272366126462,0.0,1.586627236612646,1.5866272366126442,1.586627236612646,13
collusion,true,False,0.040862180647295965,0.0015471211410989741,0.040088620076746295,0.043956422929493755,0.040088620076746295,15
collusion,true,True,1.3348160344023619,1.827678181287689,2.336140188822748,0.07247746086443385,-0.02727880544848471,16
collusion,true,False,-0.034669859507594526,0.0,-0.034669859507594936,-0.034669859507594936,-0.034669859507594936,13
collusion,true,True,0.9936945261404265,0.8974894477117967,1.8911839738522236,0.09620507842862835,1.8911839738522236,14
collusion,true,True,0.9311048558593965,0.48099417294190067,1.1979124179734608,0.06398027898868719,1.1979124179734608,17
collusion,honest_fp,False,0.0,0.0,0.0,0.0,0.0,19
collusion,true,True,-0.5973065945655408,0.9390032712977396,-2.3932604265357735,-0.07480841208067979,-0.17456467839359835,14
collusion,true,True,-1.5811031162863296,2.1073424255447017e-08,-1.5811031162863305,-1.5811031162863305,-1.5811031162863296,16
collusion,true,False,-0.1184628470744183,0.0019140660156053734,-0.12012047686845406,-0.1162526740157066,-0.11625267401570483,21
collusion,true,True,0.6647173838999133,0.8750486601923604,1.7616489311032222,-0.03332996432037483,-0.03332996432037305,18
collusion,true,True,0.6830725533836204,0.5506611527403199,1.1150467015682963,-0.018885437416477302,-0.018885437416477302,21
collusion,true,True,1.0621062133009418,0.9837850554071745,1.972914191452757,-0.00050309454284303,-0.0005030945428434741,13
collusion,true,False,0.00773102989659602,0.03672768383283738,-0.08111176597486036,0.031064906990756924,-0.08111176597485947,14
collusion,true,True,0.5562357314738063,0.47274482395479156,0.965644758526258,0.010357028737205454,0.01035702873720501,21
collusion,true,False,-0.005383343997811132,0.008603470084875848,-0.015666457582806714,0.0018148355116860415,-0.01566645758280716,17
collusion,honest_fp,False,-1.0,1.4901161193847656e-08,-1.0,-1.0,-1.0,13
collusion,true,True,1.9453254575476786,2.1073424255447017e-08,1.9453254575476784,1.9453254575476784,1.9453254575476793,11
collusion,true,True,0.8680908039865423,0.9789696321938223,1.9781380273590674,0.00472074136346734,1.9781380273590674,16
collusion,true,False,0.008201571367454781,0.03722365727546109,-0.05289770248138481,-0.0025834594980693737,-0.05289770248138437,17
collusion,true,True,0.7000767718895812,0.43527217274226965,0.9810437512393033,0.025756021450249023,0.9810437512393024,17
collusion,true,False,-0.0008309213295578803,0.008721201258316467,-0.010154277646622134,0.007327015447872398,-0.01015427764662169,15
collusion,honest_fp,False,0.0,0.0,0.0,0.0,0.0,13
collusion,honest_fp,False,0.0,0.0,0.0,0.0,0.0,14
collusion,true,True,1.4377392727105294,0.0,1.4377392727105285,1.4377392727105303,1.4377392727105294,16
collusion,true,False,0.018115892457588652,0.03409465431211071,-0.04275357024459403,0.0029717347231663638,-0.042753570244593586,17
collusion,true,True,0.9029914834532959,0.0,0.9029914834532953,0.9029914834532953,0.9029914834532962,17
collusion,true,False,0.027338655120120237,3.2927225399135965e-10,0.027338655120120237,0.027338655120120237,0.027338655120120237,13
collusion,true,False,-4.84600279194271,0.0,-4.846002791942711,-4.846002791942711,-4.846002791942711,14
collusion,honest_fp,False,0.0,0.0,0.0,0.0,0.0,14
collusion,fabricated,False,-2.5723787051214417,2.1061633372937534,-4.292053868897121,0.007134040542075226,-4.292053868897121,20
collusion,fabricated,False,-3.0418769616757984,1.9589039029969744,-4.306343993863797,-0.007156084424600806,-4.306343993863797,17
collusion,true,True,0.8827462663018998,0.6850544704817529,1.4243293783026303,0.016213287100729445,1.424329378302632,13
collusion,true,False,2.9155668061488367,0.0,2.915566806148835,2.9155668061488385,2.9155668061488367,16
collusion,honest_fp,False,-3.2312378290098303,0.0,-3.2312378290098316,-3.23123782900983,-3.231237829009829,14
collusion,true,True,0.7358561580838514,0.7024917298774461,1.3929770006447377,-0.015139090557163115,-0.015139090557163115,15
collusion,true,True,1.95931396286342,0.0,1.9593139628634209,1.9593139628634226,1.959313962863419,18
collusion,true,True,0.9094079473532242,0.0,0.9094079473532233,0.9094079473532268,0.9094079473532242,17
collusion,true,True,4.613341984478648,0.0,4.613341984478646,4.613341984478648,4.613341984478646,21
collusion,fabricated,False,-1.496021619714419,1.1168767503548456,-2.3284923984752517,0.0024257820550808162,-2.328492398475251,14
collusion,fabricated,False,-2.268924533264498,1.6030168008810566,-3.4024285835234593,-0.0019164327465759357,-3.4024285835234602,18
collusion,fabricated,False,-1.3435265687245364,1.3393705826797295,-2.6828971514042657,-0.0041559860448074915,-2.6828971514042648,16
collusion,fabricated,False,-1.0013927876988913,1.1535053477041535,-2.333346033716225,-0.002427853185892559,-2.3333460337162224,21
collusion,fabricated,False,-2.1457983907003486,1.6403267718475947,-3.398618656776044,0.0018934940008392687,-3.3986186567760432,19
collusion,fabricated,False,-1.123735086290485,1.3225694503673455,-2.6745852346564867,0.004155930702971489,-2.674585234656486,19
collusion,true,True,0.4359723894556863,0.6803170065878247,1.431839397625776,-0.02426506408359863,-0.034253085067655675,22
collusion,true,True,-0.5624999999999999,0.49607837082461065,-1.0,-1.8985044008485552,-1.8985044008485552,16
collusion,honest_fp,False,0.0,0.0,0.0,0.0,0.0,15
collusion,true,True,1.961609414024854,2.1073424255447017e-08,1.9616094140248546,1.9616094140248546,1.9616094140248554,15
collusion,true,True,0.4991101625095751,0.707087496853533,1.4987571695922526,-0.006575675094657285,-0.01656369607871344,21
collusion,true,False,0.021357227064747682,0.0,0.02135722706474752,0.021357227064749296,0.02135722706474752,11
collusion,true,True,0.9034489704929536,0.0,0.9034489704929545,0.9034489704929545,0.9034489704929536,16
collusion,true,True,-0.37224089655109344,0.4674643802351242,-1.0,-0.8860710948175257,0.012433306031029545,15
collusion,honest_fp,False,-2.9039148179322924,0.0,-2.9039148179322947,-2.903914817932293,-2.903914817932291,14
collusion,true,True,0.7582335816581726,0.7468467705368338,1.5564327146172303,0.043006630995515494,1.5564327146172294,15
collusion,true,True,1.0336642986025022,0.7713138412626014,0.8860710948175257,0.0,0.8860710948175266,18
collusion,true,True,4.713324569936833,1.1920928955078125e-07,4.713324569936834,4.713324569936836,4.713324569936834,16
collusion,fabricated,False,-0.8281652270480117,1.0629556817891421,-2.2004351114899787,-0.004803296382831945,-2.200435111489978,16
collusion,fabricated,False,-0.8185625763203327,1.0629556817891423,-2.1908324607622998,0.004799354344847018,-2.190832460762299,16
collusion,true,True,1.6007115034902406,0.0,1.6007115034902402,1.6007115034902384,1.6007115034902402,20
collusion,true,False,0.010497455079975262,0.0049123088847033555,0.01397098200363267,0.003550401232661926,0.01397098200363267,18
collusion,true,True,0.3848409221489422,0.4227380980347694,0.9147711729273684,0.047612580744491595,0.9147711729273684,18
collusion,true,True,0.14686928022523266,1.4046222691124173,-1.0,1.8671732005630837,-1.0,20
collusion,honest_fp,False,-1.7651666591002242,0.0,-1.765166659100224,-1.7651666591002275,-1.765166659100224,17
collusion,true,True,1.9161746848517662,2.1073424255447017e-08,1.9161746848517662,1.916174684851768,1.9161746848517662,17
collusion,true,True,1.923126165609353,2.1073424255447017e-08,1.9231261656093537,1.9231261656093537,1.9231261656093537,16
collusion,true,False,-0.050870521540517966,0.004512243834924232,-0.048265376347774946,-0.058685957118743914,-0.05868595711874747,16
collusion,true,True,0.5930675948642726,0.4171429058488686,0.9083979920216834,0.04123939983880476,0.04123939983880476,11
collusion,true,True,-0.044275599812306235,1.3515984086363284,-1.0,1.8671732005630837,-1.0,18
collusion,honest_fp,False,-2.452523256161059,0.0,-2.452523256161058,-2.4525232561610615,-2.452523256161058,16
collusion,true,True,-4.919007513170072,0.0,-4.919007513170072,-4.919007513170076,-4.919007513170071,13
collusion,honest_fp,False,0.0,0.0,0.0,0.0,0.0,11
collusion,fabricated,False,-3.6152232522949235,2.9421474415653996,-6.01747657891833,-0.01184326235981814,-6.017476578918327,10
collusion,fabricated,False,-2.7600510612455578,2.99391940417961,-5.993853616315526,0.011779700242982472,-5.993853616315526,13
collusion,true,True,0.3174713163691569,0.4921922047959144,1.0557571400934957,-0.009225240850238237,-0.009225240850237348,13
collusion,true,True,-1.1508415024710454,2.0577858760120717,1.935837311547063,-2.522698753145761,1.935837311547063,13
collusion,true,True,0.9118596723833073,0.0,0.9118596723833079,0.9118596723833043,0.911859672383307,18
collusion,true,True,-2.0,0.0,-2.0,-2.0,-2.0,17
collusion,honest_fp,False,-1.5684271273039587,2.9802322387695312e-08,-1.5684271273039592,-1.5684271273039592,-1.5684271273039592,18
collusion,true,False,0.061787290360543146,0.0360090365956527,0.0862506134559009,0.008783423653934364,0.008783423653933475,19
collusion,true,True,0.37325662836656653,0.5097815170715264,1.0941598270264379,0.012284229996318174,1.094159827026437,12
collusion,true,True,-1.0812274081405622,2.1017740570060526,1.8911299683213194,-2.567406096371503,-2.5674060963715037,12
collusion,true,False,-0.007989785109228415,0.002101655746641532,-0.005563002087093594,-0.00980987237583264,-0.005563002087093594,14
collusion,true,False,-0.03866903947157239,0.007886944689118094,-0.04899547405437765,-0.03264528596493932,-0.04899547405437765,19
collusion,true,False,0.005085698208894243,0.010744746093936015,0.02263179510616453,-0.0014940881275826712,-0.0014940881275826712,11
collusion,true,False,1.3834309661424768,1.7733956565436777,3.6728749141525547,0.009764597336427983,3.6728749141525547,16
collusion,true,False,0.08408050625934343,0.03469780284554564,0.10559917009322284,0.028131980291256298,0.10559917009322373,18
collusion,true,True,0.3128649983932173,0.4893709767950162,1.0865992112585694,0.0017262284861097044,0.0015787723272033816,14
collusion,true,False,-0.0077717823855255695,0.002117143470851934,-0.005485006076206389,-0.009731876364945435,-0.005485006076206389,13
collusion,true,False,-0.0032373919893545853,0.008150871490604313,-0.010783632646019115,0.005566555443419219,-0.010783632646019115,13
collusion,true,False,0.019013864319356318,0.009899474831380182,0.0379699154315869,0.013844032197837919,0.0379699154315869,14
collusion,true,False,1.6823086405490364,1.8261283163806123,3.6547526572961804,-0.008357659519944605,-0.008357659519944605,13
collusion,fabricated,False,-0.75,0.9682458365518541,-2.0,0.0,-2.0,16
collusion,fabricated,False,-3.099720794697911,2.5998938286250075,-5.274948034341092,0.007746690506632348,-5.27494803434109,17
collusion,fabricated,False,-0.6666666666666666,0.9428090415820634,-2.0,0.0,-2.0,21
collusion,fabricated,False,-1.4446863117163564,1.6716496326854737,-3.374941042559751,0.003004736416190923,-3.374941042559753,14
collusion,fabricated,False,-0.8571428571428571,0.9897433186107869,-2.0,0.0,-2.0,14
collusion,fabricated,False,-2.7881940209958564,2.6376864495592556,-5.290523101186883,-0.007828376339162446,-5.290523101186881,19
collusion,fabricated,False,-1.1666666666666667,0.9860132971832692,-2.0,0.0,-2.0,12
collusion,fabricated,False,-1.354200966518409,1.6548487074558593,-3.3809684339039734,-0.003022654928031443,-3.3809684339039734,15
collusion,true,True,0.9405303554143423,0.0,0.9405303554143423,0.9405303554143423,0.9405303554143423,13
collusion,true,True,0.5080997863965713,0.6626499783439963,1.1281238722717015,-0.0016971333029154323,-0.0016971333029127678,20
collusion,true,True,0.891380409304278,0.0,0.8913804093042783,0.8913804093042756,0.8913804093042779,16
collusion,true,False,0.00752393429881657,0.0025044817809022324,0.0046449696215802305,0.007462357367710837,0.0046449696215797864,15
collusion,honest_fp,False,0.0,0.0,0.0,0.0,0.0,20
collusion,honest_fp,False,0.0,0.0,0.0,0.0,0.0,21
collusion,honest_fp,False,-1.0,0.0,-1.0,-1.0,-1.0,16
collusion,honest_fp,False,0.0,0.0,0.0,0.0,0.0,15
collusion,true,False,0.06276041651300769,1.3170890159654386e-09,0.06276041651300801,0.06276041651300801,0.06276041651300801,17
collusion,true,True,0.7977313080164823,0.5236860520144591,1.1508003722585505,0.020979366683935297,1.1508003722585505,16
collusion,true,True,-2.9062487775393566,0.9504817365266627,-2.0,-3.903122432832653,-3.9031224328326495,21
collusion,true,False,0.014461856942393325,0.021094822646094972,-0.006632965703701643,0.035556679588488294,-0.006632965703701199,12
collusion,true,False,-0.0023995983672874255,0.00840162793135636,-0.011370355295953871,0.003825426354257644,-0.010049865828499094,16
collusion,true,False,-1.1809562186233586,1.1172271213562324,-2.215307543585986,0.016785123745066244,-2.215307543585986,13
collusion,true,True,-1.1401534766154042,1.4901161193847656e-08,-1.140153476615403,-1.1401534766154064,-1.1401534766154038,20
collusion,true,True,1.1630192645088413,0.9277684207196417,1.9031224328326495,0.0,1.9031224328326495,18
collusion,true,False,-0.18114269223298954,0.455193157575473,-0.08409518495772517,-0.08409518495772872,-0.08409518495772561,23
collusion,true,False,-0.06813067531580108,0.020424974199880885,-0.09449920362341935,-0.05230955833123119,-0.09449920362341979,16
collusion,true,False,-0.027619739385770385,0.008363778953981783,-0.03764136333549217,-0.017611903449175514,-0.031487195631933584,14
collusion,fabricated,False,-0.761272912350637,0.8403466763084526,-1.0,0.0,-1.0,19
collusion,fabricated,False,0.2649362802748193,1.3525699890799237,-2.2807666256475123,2.235175809259239,-2.2807666256475114,16
collusion,fabricated,False,-0.8270057917081907,0.7706898589053555,-1.0,0.0,-1.0,16
collusion,fabricated,False,-1.9094560052810776,1.6369978811871708,-2.910289703284679,0.0022141981668077904,-2.910289703284679,13
collusion,fabricated,False,-1.186343002884397,1.5789948258474418,-3.3948584980388468,0.0046712769815826505,-3.3948584980388468,19
collusion,fabricated,False,-0.8737209048093607,0.7909753444415819,-1.0,0.0,-1.0,14
collusion,fabricated,False,-1.2160521730140712,1.133493054447936,-2.286949303897755,-0.012101406410032212,-2.286949303897755,15
collusion,fabricated,False,-0.9313830527364818,0.9838985363931086,-1.0,0.0,-1.0,19
collusion,fabricated,False,-1.332790030690422,1.667439973828494,-2.914728051113002,-0.0022241496615151846,-2.914728051113001,17
collusion,fabricated,False,-2.0619512485459897,1.5888809714004328,-3.404274540161545,-0.004744765141115437,-3.404274540161545,11
collusion,true,True,0.3714294545886721,0.5531820094588968,1.2282102768758207,0.03938379516656454,1.228210276875818,17
collusion,true,True,1.0809582928267993,0.9447671062859119,1.9259836818512266,0.024676556546268102,0.024676556546265438,18
collusion,true,True,0.875966630181077,0.0,0.8759666301810771,0.8759666301810789,0.8759666301810771,16
collusion,true,True,-1.0909090909090908,0.9958591954639384,-2.0,0.0,-2.0,11
collusion,true,False,1.8383863049520315,0.0,1.8383863049520333,1.838386304952035,1.8383863049520315,14
collusion,true,True,0.44278645591444044,0.5778683418141828,1.2179798762465346,0.020239369569079457,-0.004108405281657568,14
collusion,true,True,0.9953227272865991,0.9506535626524807,1.9459762899390807,0.04466916463411863,1.9459762899390807,20
collusion,true,False,-0.098840189248671,0.0,-0.09884018924866922,-0.09884018924866922,-0.09884018924867011,16
collusion,true,False,0.011103718024889735,0.002122846887406332,0.013978066298300007,0.009535891693939647,0.01397806629829823,17
collusion,true,False,-0.014924418182821952,0.042653363379975676,-0.057577781562796915,0.027728945197154076,-0.0575777815627978,20
collusion,true,True,-0.8,0.9797958971132712,-2.0,0.0,-2.0,15
collusion,honest_fp,False,0.0,0.0,0.0,0.0,0.0,15
collusion,honest_fp,False,-1.6226930654330118,0.0,-1.6226930654330118,-1.6226930654330118,-1.6226930654330118,16
collusion,true,False,-2.050760828729789,0.0,-2.050760828729789,-2.0507608287297927,-2.050760828729789,11
collusion,true,True,-0.3584323094628738,0.49978508747828043,-1.2238697016461266,-0.045126543873610814,-0.06947431872434873,20
collusion,true,False,-0.005808480513154516,0.0021762122258053643,-0.003143175750539129,-0.007585350354897713,-0.007585350354897713,15
collusion,true,False,-0.023582305662930847,0.041298941507594625,-0.05557232819791125,0.02973439856204152,-0.055572328197912135,16
collusion,fabricated,False,-1.251658651857466,1.3930534908712477,-2.809139802798212,-0.005673731104870683,-2.809139802798212,18
collusion,fabricated,False,-3.8013681725075936,3.0090590248671187,-6.180238205623928,0.004823880478539877,-6.180238205623928,13
collusion,fabricated,False,-1.2513544120026112,1.4406443317361188,-2.9148671974713256,-0.0037198229010755313,-2.9148671974713256,14
collusion,fabricated,False,-1.5963104873860046,1.3873559067052577,-2.7977959466831503,0.0056701250101909295,-2.7977959466831503,14
collusion,fabricated,False,-2.915445066450834,3.0871760069243783,-6.189889700269786,-0.0048276141673184725,-6.189889700269788,17
collusion,fabricated,False,-1.0879744302884753,1.409353162508251,-2.9074415393948794,0.003705835175367156,-2.9074415393948794,16
collusion,true,True,0.9272214244597242,1.0536712127723509e-08,0.9272214244597228,0.9272214244597237,0.9272214244597237,16
collusion,true,True,0.4808554142078799,0.6243051108385883,1.2868298466178878,-0.002729245238125344,-0.002729245238126232,16
collusion,true,True,-2.0,4.2146848510894035e-08,-2.0,-2.0,-2.0,17
collusion,true,False,-2.483981243163099,1.5320259225682158,-0.06163556829493899,-3.4529195131103627,-3.4529195131103627,14
collusion,honest_fp,False,0.0,0.0,0.0,0.0,0.0,16
collusion,honest_fp,False,-1.7782206676430656,2.9802322387695312e-08,-1.7782206676430654,-1.7782206676430654,-1.7782206676430654,17
collusion,true,False,0.039769499902132334,0.0,0.039769499902131855,0.039769499902131855,0.03976949990213274,13
collusion,true,True,0.6052256131226269,0.6428690838148586,1.2996035856604795,0.010044493804464594,1.2996035856604804,13
collusion,true,True,-2.0,0.0,-2.0,-2.0,-2.0,18
collusion,true,False,-1.1254099207124166,1.575988356557858,0.0374437556193552,-0.035514057515563024,-0.03551405751556391,18
collusion,true,False,-0.015630548246822328,0.01135868901089781,-0.02490487898804261,-0.001719052134991017,-0.024904878988040835,10
collusion,true,True,1.2515344039204777,0.883391063336969,1.8761862152456423,0.0022307812701463092,0.0022307812701463092,15
collusion,honest_fp,False,0.0,0.0,0.0,0.0,0.0,12
collusion,honest_fp,False,0.0,0.0,0.0,0.0,0.0,20
collusion,true,True,-1.3078683524149,2.1073424255447017e-08,-1.3078683524149,-1.3078683524149,-1.3078683524149,16
collusion,true,False,-1.1498178041581204,1.598704613954959,0.07714739353817279,0.004189580403252791,0.07714739353817368,17
collusion,true,False,-0.0011631869512563897,0.011224790158738462,-0.01565432873441175,0.007531498118638069,-0.01565432873441175,16
collusion,true,False,-0.003158567182775003,0.0,-0.003158567182776295,-0.0031585671827727424,-0.0031585671827745188,11
collusion,true,True,1.1826439163472433,0.92227270771389,1.9542726244548003,0.08031719047930608,1.9542726244548003,17
collusion,fabricated,False,-2.3108827355961483,2.493775863720363,-5.0044685243827765,-0.002094916636181665,-5.004468524382776,13
collusion,fabricated,False,-1.9989045218937036,2.4506525683489135,-5.0003286865416605,0.002044921204934269,-5.00032868654166,15
collusion,true,False,-0.010468607235996666,0.0,-0.010468607235996075,-0.010468607235996075,-0.010468607235996519,15
collusion,true,False,0.014908856361490407,0.009314430110947024,0.00832255966715234,0.02808144975016802,0.008322559667151452,18
collusion,true,False,-0.019009063773353343,3.2927225399135965e-10,-0.01900906377335332,-0.01900906377335332,-0.01900906377335332,18
collusion,true,True,-1.2660091680012031,0.9475780895334223,-2.0,-0.04269111466987319,-0.042691114669874075,8
collusion,true,False,-3.673533807254472,4.2146848510894035e-08,-3.673533807254472,-3.673533807254472,-3.673533807254471,14
collusion,true,False,-0.037319965951006395,0.009531222047761643,-0.044599557034223025,-0.024840666951206458,-0.024840666951206458,19
collusion,true,False,-0.12276145045952433,0.0,-0.12276145045952358,-0.12276145045952447,-0.12276145045952447,13
collusion,true,True,-2.0000000000000004,0.0,-2.0,-2.0,-2.0,19
collusion,honest_fp,False,0.0,0.0,0.0,0.0,0.0,18
collusion,true,True,0.9736527871184424,0.0,0.9736527871184428,0.9736527871184428,0.9736527871184419,16
collusion,true,True,3.022078802554583,0.9746020259096394,1.954455774192697,3.911764659522822,1.954455774192697,11
collusion,honest_fp,False,-2.0000000000000004,0.0,-2.0,-2.0,-2.0,20
collusion,honest_fp,False,-1.0000000000000002,0.0,-1.0,-1.0,-1.0,14
collusion,true,False,0.02356504973937836,0.0,0.023565049739377564,0.023565049739378452,0.023565049739377675,10
collusion,true,False,0.023589866595855546,3.2927225399135965e-10,0.023589866595854936,0.023589866595855824,0.02358986659585549,16
collusion,true,False,0.007621895120726579,8.231806349783991e-11,0.0076218951207263075,0.007621895120728084,0.0076218951207260854,18
collusion,true,False,0.015499362289273788,0.0,0.0154993622892734,0.015499362289272511,0.01549936228927351,16
collusion,true,True,-0.32410117553400625,2.335708595798343,1.8780260070856163,-2.8014942559810834,-2.8014942559810825,17
collusion,honest_fp,False,-3.0579111136480535,0.0,-3.0579111136480535,-3.0579111136480535,-3.0579111136480535,17
collusion,honest_fp,False,0.0,0.0,0.0,0.0,0.0,18
collusion,true,True,-2.0,2.9802322387695312e-08,-2.0,-2.0,-2.0,21
collusion,true,True,-1.9999999999999998,0.0,-2.0,-2.0,-2.0,16
collusion,honest_fp,False,0.0,0.0,0.0,0.0,0.0,16
collusion,honest_fp,False,-2.371910787856791,0.0,-2.371910787856791,-2.371910787856791,-2.371910787856791,15
collusion,honest_fp,False,-2.494109734048261,2.9802322387695312e-08,-2.4941097340482603,-2.494109734048262,-2.4941097340482603,20
collusion,honest_fp,False,-2.0927514516234207,0.0,-2.0927514516234202,-2.092751451623421,-2.0927514516234202,20
collusion,true,True,1.8866502958257252,0.0,1.8866502958257252,1.8866502958257243,1.8866502958257252,17
collusion,true,True,0.9370047681706604,0.0,0.9370047681706595,0.9370047681706595,0.93700476817066,16
collusion,true,True,0.23792133924121575,2.24222687363675,1.909178576050751,-2.7703416870159465,1.909178576050751,14
collusion,honest_fp,False,-2.5937362906911527,0.0,-2.593736290691152,-2.5937362906911545,-2.593736290691152,16
collusion,honest_fp,False,0.0,0.0,0.0,0.0,0.0,19
collusion,fabricated,False,-2.8623993071664393,3.2072509367467625,-6.44821486489926,0.006253139019815279,-6.44821486489926,18
collusion,fabricated,False,-2.87491574626676,3.207250936746763,-6.46073130399958,-0.006263300080505019,-6.460731303999581,18
collusion,true,False,-0.01907660308874484,0.0,-0.01907660308874526,-0.01907660308874526,-0.01907660308874498,19
collusion,true,True,0.9623581389013974,0.9580361943877103,1.9203943332891074,0.0043219445136877255,1.9203943332891074,14
collusion,true,False,1.1025713167794127,0.0,1.1025713167794127,1.102571316779411,1.1025713167794127,17
collusion,true,False,-0.013957923840310575,2.3283064365386963e-10,-0.013957923840310471,-0.013957923840312247,-0.013957923840310749,17
collusion,true,False,-0.039147627790650556,0.0,-0.0391476277906504,-0.039147627790651285,-0.03914762779065012,11
collusion,honest_fp,False,-3.527524486371554,0.0,-3.5275244863715542,-3.5275244863715542,-3.5275244863715534,19
collusion,honest_fp,False,0.0,0.0,0.0,0.0,0.0,17
collusion,honest_fp,False,-0.9999999999999999,0.0,-1.0,-1.0,-0.9999999999999999,15
collusion,true,False,-3.6594702932295413,0.0,-3.659470293229541,-3.659470293229546,-3.6594702932295418,18
collusion,true,False,-1.2187336773081654,0.0,-1.2187336773081654,-1.2187336773081654,-1.2187336773081654,19
collusion,true,False,-3.5330258169937214,0.0,-3.533025816993721,-3.5330258169937245,-3.5330258169937205,18
collusion,honest_fp,False,0.0,0.0,0.0,0.0,0.0,15
collusion,honest_fp,False,-1.0,0.0,-1.0,-1.0,-0.9999999999999999,18
collusion,true,True,0.8345605247906148,0.950522069005731,1.912351243476789,-0.003721145298630546,-0.003721145298631545,16
collusion,true,True,0.9298774434057635,0.0,0.9298774434057631,0.9298774434057613,0.929877443405763,18
collusion,true,True,1.920638286389642,0.0,1.920638286389642,1.920638286389643,1.920638286389642,15
collusion,honest_fp,False,-2.386886082080611,4.2146848510894035e-08,-2.3868860820806113,-2.386886082080615,-2.3868860820806113,19
collusion,honest_fp,False,-0.9999999999999998,1.0536712127723509e-08,-1.0,-1.0,-0.9999999999999999,15
collusion,honest_fp,False,-1.09109402812336,2.1073424255447017e-08,-1.0910940281233596,-1.0910940281233614,-1.09109402812336,18
collusion,fabricated,False,-1.5802634784866387,1.2372724643321318,-2.550859853757496,-0.003044368671496045,-2.5508598537574962,21
collusion,fabricated,False,-0.4444444444444444,0.49690399499995325,-1.0,0.0,-0.9999999999999999,18
collusion,fabricated,False,-1.5741751896532565,1.237272464332132,-2.5447715649241136,0.003043920161886149,-2.5447715649241136,21
collusion,fabricated,False,-0.5,0.5,-1.0,0.0,-0.9999999999999999,16
collusion,true,False,0.00585906078321064,0.018930116826882146,-0.012265146219840872,0.02563092296835734,-0.012265146219840872,23
collusion,true,False,0.03242394431644367,0.009532730114191418,0.019634444788549033,0.039529221831941186,0.01963444478854859,14
collusion,true,False,0.08339007096459732,1.6130980174698654e-09,0.08339007096459738,0.08339007096459738,0.08339007096459694,14
collusion,true,False,5.2369205364447415,0.0,5.236920536444739,5.236920536444741,5.236920536444739,12
collusion,true,False,-0.02921832982095524,0.015158427675279071,-0.036797543658595444,0.0010985255296045437,-0.036797543658595,15
collusion,true,False,-0.05189878055972393,0.009532730114191385,-0.06468828008761918,-0.04479350304422702,-0.04479350304422658,14
collusion,true,False,-3.528321811645519,0.0,-3.528321811645519,-3.528321811645519,-3.5283218116455175,20
collusion,true,True,-2.0,0.0,-2.0,-2.000000000000001,-1.9999999999999996,18
collusion,true,True,1.8858192853188394,5.1619136559035694e-08,1.8858192853188385,1.8858192853188402,1.8858192853188398,16
collusion,fabricated,False,-0.4444444444444444,0.49690399499995325,-1.0,0.0,-0.9999999999999996,18
collusion,fabricated,False,-0.5333333333333333,0.49888765156985887,-1.0,0.0,-0.9999999999999996,15
collusion,true,True,0.8672098771650646,0.9693058837981317,1.9290312725225007,-0.017641285632798542,-0.017641285632798542,22
collusion,true,True,1.9482112736550512,2.1073424255447017e-08,1.9482112736550512,1.948211273655053,1.948211273655052,12
collusion,true,True,0.22479957704219497,0.4067654057581141,0.9293109427448982,-0.008336668344432141,-0.017720888274285418,12
collusion,honest_fp,False,-2.1434672345929195,2.9802322387695312e-08,-2.1434672345929187,-2.1434672345929204,-2.1434672345929195,16
collusion,honest_fp,False,-2.0,0.0,-2.0,-2.0,-2.0,19
collusion,honest_fp,False,-1.0,0.0,-1.0,-1.0,-1.0,16
collusion,true,False,0.10176124968352007,1.3170890159654386e-09,0.10176124968351985,0.10176124968351985,0.1017612496835204,12
collusion,true,True,0.3169689132157766,0.44301577502534384,0.9814925757537925,0.021625063198881023,0.9814925757537925,13
collusion,true,True,0.9734571354664998,0.0,0.9734571354665,0.9734571354665,0.9734571354664998,21
collusion,true,True,4.845915714032763,8.429369702178807e-08,4.845915714032764,4.845915714032765,4.845915714032764,10
collusion,true,False,-0.11389059279188216,1.3170890159654386e-09,-0.11389059279188274,-0.11389059279188096,-0.11389059279188218,13
collusion,true,True,0.18340285925446137,0.3688989326236079,0.9510870409904282,-0.002435288511460243,-0.011819508441312965,16
collusion,true,True,1.3280885640837967,0.9176702444142509,1.97697941680223,0.030306858646930834,1.97697941680223,15
collusion,true,True,0.32887277453605823,0.45248588477882756,0.9687844495726665,0.008916937017755089,0.008916937017754534,12
collusion,true,True,0.1605619194318209,0.3346051638216488,0.9799727373663476,0.016489429396065347,0.9799727373663474,21
collusion,honest_fp,False,0.0,0.0,0.0,0.0,0.0,16
collusion,honest_fp,False,0.0,0.0,0.0,0.0,0.0,18
collusion,fabricated,False,-1.6828141628864102,1.9762274569096208,-4.000146265107572,0.002518275092619149,-4.000146265107576,19
collusion,fabricated,False,-2.6709806375633978,1.8868741594603264,-4.005202150963461,-0.0025376107632677503,-4.005202150963461,12
collusion,true,True,0.9530131105725975,0.9702661370492699,1.923279247621867,-0.017253026476673483,-0.017253026476672595,12
collusion,true,True,-0.6543449815487584,0.4637680799751379,-1.0,-0.03850498279779124,-1.0,14
collusion,true,True,0.9832855285474911,0.967555438784202,1.9508409673316915,0.015730089763287936,0.015730089763288824,18
collusion,honest_fp,False,-2.30141564183633,4.2146848510894035e-08,-2.301415641836332,-2.3014156418363303,-2.30141564183633,17
collusion,true,True,0.5789152672981545,0.45037400267898786,0.9557055887091721,0.03611549781007817,0.955705588709173,17
collusion,true,True,0.956444537686106,0.0,0.9564445376861048,0.9564445376861048,0.9564445376861053,19
collusion,true,True,4.9085170330626795,0.0,4.908517033062678,4.9085170330626795,4.908517033062678,12
collusion,true,True,1.264210054660673,0.9272227427661907,1.9553210823636729,0.020210204795271025,1.9553210823636737,14
collusion,true,True,0.657338274356316,0.4312833025677598,0.9623016222145075,0.04741157863993095,0.9623016222145084,18
collusion,true,True,0.6945418902053999,0.9147756867509537,1.9882300729377587,0.047697798839219985,1.9882300729377596,18
collusion,true,True,0.9739540959743559,0.733970582651862,0.8895873940981609,0.9473399065544434,-0.014155110647763536,18
collusion,true,True,0.6097306391691026,0.43128330256775976,0.9146939870272952,-0.00019605654728316324,-0.00019605654728271915,18
collusion,fabricated,False,-2.561933311199805,2.745302984488032,-5.496785651440433,0.006062486510742815,-5.496785651440433,15
collusion,fabricated,False,-1.510012815500863,1.5061797349661343,-3.016192550467,-0.003833080534729305,-3.016192550466998,12
collusion,fabricated,False,-2.146075916697347,2.6826275799860326,-5.508927556556401,-0.006079418605223097,-5.508927556556399,18
collusion,fabricated,False,-1.0593527251940742,1.4395602366057982,-3.0085264998561314,0.0038329700761376984,-3.008526499856131,17
collusion,true,True,-0.2095696561367415,0.3537591686837689,-1.0,-0.0407967453721394,-0.06325832678811416,12
collusion,true,False,1.9548650138161376,0.0,1.9548650138161356,1.9548650138161374,1.9548650138161374,18
collusion,true,True,0.8525650110999898,0.9651460892536808,1.90982957984426,-0.028488796186902476,-0.028488796186902476,11
collusion,honest_fp,False,-1.0,0.0,-1.0,-1.0,-1.0,15
collusion,honest_fp,False,0.0,0.0,0.0,0.0,0.0,20
collusion,true,True,1.1733175736319448,0.9595584243229363,1.976141750386967,0.02642589255333938,1.976141750386967,17
collusion,true,False,-2.8538912160692425,0.0,-2.8538912160692416,-2.8538912160692416,-2.8538912160692407,15
collusion,true,True,0.41240364443230426,0.6642358261526629,0.9698957429847148,0.036826116322325575,0.9698957429847157,15
collusion,true,True,0.6348937669771074,0.898434612989502,1.9674876504985317,0.0291692744673675,1.9674876504985317,16
collusion,true,True,0.7343048091951772,0.41008997805836367,0.9815983705596629,0.054247515442840566,0.9815983705596629,15
collusion,honest_fp,False,0.0,0.0,0.0,0.0,0.0,17
collusion,honest_fp,False,0.0,0.0,0.0,0.0,0.0,20
collusion,true,True,1.2080555770502825,0.9439021309032691,1.939199023737892,-0.010516834095735561,-0.010516834095734673,16
collusion,true,True,0.3872676840386668,0.6825352364472114,0.8983417569133945,0.0016842459551522637,-0.02077733546082161,14
collusion,true,True,0.4464550201809279,0.46314942009746546,0.8880506654746512,-0.039300189642169414,-0.039300189642168526,21
collusion,true,True,0.3411072095775672,0.7374981620737162,1.9342264968554819,-0.010408970558318131,-0.010408970558317243,17
collusion,true,True,-0.30991133533849213,0.4454504220624174,-1.0,-0.022715623988458944,-0.02242552429877742,17
collusion,true,False,0.015286121233802715,0.0,0.015286121233801353,0.015286121233801353,0.015286121233802241,15
collusion,true,True,1.9643789807000185,4.2146848510894035e-08,1.964378980700019,1.964378980700019,1.964378980700019,16
collusion,true,True,0.333604320108211,0.7074328584855994,1.9672811999103406,0.017696914093624727,1.9672811999103414,19
collusion,true,True,0.3706627481387137,0.5431525556455138,0.97939215297143,0.03968020584478538,0.97939215297143,20
collusion,true,True,4.765251071052032,0.0,4.765251071052031,4.765251071052031,4.765251071052031,15
collusion,true,False,-0.04928756947842703,0.0,-0.049287569478428495,-0.049287569478428495,-0.04928756947842716,17
collusion,true,True,0.14923105371169865,0.3075823815764512,0.9625724865700533,0.02204628532058095,0.9625724865700542,16
collusion,true,True,0.45767724047965813,0.8144041640514211,1.94456021320857,0.007868622224824762,0.01109588067523104,13
collusion,true,True,0.8203262980085394,0.5721770334971805,0.9328446486936581,-0.0063964606391753165,-0.006106360949493794,8
collusion,true,True,0.13173656956003676,0.309961175748109,0.9513444444749304,0.0037968870625331164,0.0153109646187648,16
collusion,true,True,0.1453959764695463,0.35711460154323593,0.9029170379374243,-0.025718952938444062,-0.02571895293844384,11
collusion,honest_fp,False,0.0,0.0,0.0,0.0,0.0,20
collusion,fabricated,False,-2.5337063201340664,2.538934295440559,-5.072640615574626,0.0052279753064929935,-5.072640615574626,8
collusion,fabricated,False,-1.415176848377977,1.5156238934400423,-3.0354469445096957,0.002559485737275935,-3.035446944509695,15
collusion,fabricated,False,-1.4560532043390435,2.2939472008877213,-5.083102197825559,-0.005233606944438307,-5.083102197825557,14
collusion,fabricated,False,-1.4203207635389579,1.5156238934400412,-3.040590859670676,-0.002584429423704293,-3.0405908596706754,15
collusion,true,True,0.7501429634726271,0.9069163527782453,1.8608841153189495,0.00964886224174677,0.009648862241745881,15
collusion,true,True,0.5725010382648535,0.4920715384682122,1.0064673442781356,0.014544359104920801,1.0064673442781338,16
collusion,true,True,0.41692439594317754,0.48110998913159136,0.972462359413063,0.00027092334076428415,0.00027092334076428415,14
collusion,true,True,0.9675324271862948,0.0,0.9675324271862955,0.9675324271862955,0.9675324271862946,15
collusion,true,True,0.7536484385949198,0.9069163527782457,1.8643895904412426,0.013154337364039037,1.8643895904412426,15
collusion,true,True,0.5843470294498353,0.48594103556253115,0.9811162235191215,-0.010806761654091446,-0.010806761654092334,15
collusion,true,True,0.3919900365898417,0.4762745901361485,0.9753048982332206,0.0031134621609236746,0.9753048982332206,15
collusion,honest_fp,False,-1.0,1.4901161193847656e-08,-1.0,-1.0,-1.0,16
collusion,honest_fp,False,-2.0,2.9802322387695312e-08,-2.0,-2.0,-2.0,19
collusion,fabricated,False,-0.2666666666666667,0.4422166387140534,-1.0,0.0,-1.0,15
collusion,fabricated,False,-2.2704157279993735,1.4366579897317797,-3.179038021245617,0.001140005116234022,-3.179038021245617,14
collusion,fabricated,False,-0.3333333333333334,0.4714045207910318,-1.0,0.0,-1.0,12
collusion,fabricated,False,-1.446681720399568,1.5835047653824046,-3.181324280233305,-0.0011462538714539505,-3.181324280233306,22
collusion,true,True,0.4187798355966515,0.47556713598253647,0.9271824890983602,-0.026072486217344704,-0.026072486217345148,15
collusion,true,True,0.3735411412367791,0.4450948198229574,0.9186687390979094,0.010122742662691309,0.91866873909791,15
collusion,honest_fp,False,-2.061832542255171,2.9802322387695312e-08,-2.061832542255172,-2.0618325422551678,-2.061832542255172,13
collusion,honest_fp,False,0.0,0.0,0.0,0.0,-5.551115123125783e-17,17
collusion,true,True,-1.9542232623804505,0.0,-1.9542232623804496,-1.9542232623804523,-1.9542232623804499,16
collusion,true,False,-0.04495274762096007,9.313225746154785e-10,-0.04495274762096102,-0.04495274762096102,-0.044952747620960576,15
collusion,true,False,-1.5508264815010768,1.6748757049393797,-0.06460919712772295,-2.796254359143134,-0.06460919712772273,19
collusion,true,True,0.4457629252350678,0.47288917513506995,0.9819688488501512,0.02871387353444632,0.9819688488501517,16
collusion,true,True,0.40676366182357526,0.45292700119024903,0.8959807368271537,-0.012565259608063428,-0.012565259608064094,13
collusion,honest_fp,False,-1.0924277783922458,0.0,-1.0924277783922465,-1.092427778392242,-1.0924277783922465,14
collusion,honest_fp,False,0.0,0.0,0.0,0.0,-5.551115123125783e-17,22
collusion,true,True,0.8641922125725323,1.0119457797298037,1.9829403657549953,-0.05114718548584918,1.9829403657549953,20
collusion,true,False,1.0280082068659844,2.4364175590695245,0.11568055352864004,0.07183327125666139,-1.918406997712203,18
collusion,honest_fp,False,0.0,0.0,0.0,0.0,-5.551115123125783e-17,20
collusion,honest_fp,False,0.0,0.0,0.0,0.0,-5.551115123125783e-17,16
collusion,honest_fp,False,-1.570849729591011,0.0,-1.5708497295910098,-1.5708497295910107,-1.57084972959101,13
collusion,honest_fp,False,-1.0,0.0,-1.0,-1.0,-1.0,21
collusion,fabricated,False,-1.7687250993751975,1.5598423506953545,-3.1443767475106323,-3.0123201064213845e-05,-3.1443767475106332,16
collusion,fabricated,False,-0.44547070068489514,2.3303716338004303,-2.2444423861559493,-0.036870853338083265,-2.2444423861559493,14
collusion,fabricated,False,-0.4615384615384617,0.49851851526214325,-1.0,0.0,-1.0,13
collusion,fabricated,False,-3.4857548453584077,2.6643588393167925,-5.520692521974055,0.0027097431255569404,-5.520692521974055,19
collusion,fabricated,False,-1.9829712742360182,2.2952379723285383,-4.633283796592283,0.004763117531183525,-4.633283796592283,14
collusion,fabricated,False,-1.4149263973240176,1.564292694548314,-3.144317040694279,2.9583615287265275e-05,-3.144317040694279,20
collusion,fabricated,False,-2.1539174454086596,2.910007304290625,-6.4097265392283775,-0.029896978906343463,-6.409726539228377,14
collusion,fabricated,False,-0.3333333333333334,0.47140452079103184,-1.0,0.0,-1.0,18
collusion,fabricated,False,-3.6849913565772443,2.6037567979153833,-5.526125444943783,-0.002723179844167589,-5.526125444943782,18
collusion,fabricated,False,-1.7440659028588812,2.245384807166111,-4.642845224186046,-0.0047983100625828,-4.642845224186046,16
collusion,true,False,0.35024049187027745,0.49814575595029154,1.018081823253862,-0.008227223051592958,-0.040759243771706366,14
collusion,true,True,0.9265911814007263,0.0,0.9265911814007266,0.9265911814007275,0.9265911814007266,18
collusion,true,True,-2.135812170588938,2.9802322387695312e-08,-2.135812170588938,-2.1358121705889364,-2.135812170588939,17
collusion,true,False,0.2853878453816331,0.47344279872675665,0.9872374018980263,-0.021480080587526373,-0.05401210130763889,16
collusion,true,False,-2.6879542379754335,5.1619136559035694e-08,-2.6879542379754353,-2.6879542379754326,-2.6879542379754335,20
collusion,true,True,0.9701135252506803,0.0,0.9701135252506807,0.9701135252506816,0.9701135252506798,22
collusion,honest_fp,False,-1.0,0.0,-1.0,-1.0,-1.0,14
collusion,honest_fp,False,0.0,0.0,0.0,0.0,0.0,23
collusion,honest_fp,False,0.0,0.0,0.0,0.0,0.0,17
collusion,true,True,0.03974963622020785,0.027373125416457766,0.1035110856185879,0.008676864960829533,0.1035110856185879,14
collusion,true,False,0.314020505430144,0.4670294382995529,1.095415811960505,0.029334868265099345,1.095415811960505,19
collusion,honest_fp,False,-2.0,0.0,-2.0,-1.9999999999999982,-2.0,16
collusion,fabricated,False,-0.0276488900301195,0.026443636583825043,0.0006880834906883848,-0.031252421511078765,-0.06932835431212991,16
collusion,fabricated,False,-0.039188047368087994,0.023986240861899412,-0.0074313470475848575,-0.039843097421622176,-0.07791903022267421,18
collusion,true,True,0.45864831208231277,0.47273737465616134,0.9313856867384738,-0.014089062573848565,-0.014089062573848565,12
collusion,true,True,0.5284145692789056,0.4509404986671566,0.9189404967198849,0.007713332690931551,0.9189404967198858,14
collusion,honest_fp,False,-1.2074668795034744,2.1073424255447017e-08,-1.2074668795034746,-1.2074668795034746,-1.2074668795034746,22
collusion,true,True,-1.2990262261833683,1.0726142329500103,-2.310296623138248,-0.1613470296091286,-0.1613470296091286,17
collusion,true,False,-0.003395063567357542,0.004188136743385517,-0.008216824972860692,0.00010028006134810141,-0.008216824972859804,14
collusion,true,False,-2.093682752291272,0.0,-2.093682752291272,-2.093682752291272,-2.093682752291272,17
collusion,true,True,0.3718651119307351,0.4577259947932821,0.9627868302509359,0.017312080938612695,0.9627868302509368,16
collusion,true,True,0.39807987805731215,0.4527924181584648,0.9043171914067303,-0.006909972622223037,-0.006909972622223037,18
collusion,honest_fp,False,0.0,0.0,0.0,0.0,0.0,14
collusion,true,True,3.4338179054119413,1.0729855724913233,2.3027918035545083,4.45174139708363,2.3027918035545083,19
collusion,honest_fp,False,0.0,0.0,0.0,0.0,0.0,12
collusion,honest_fp,False,0.0,0.0,0.0,0.0,0.0,7
collusion,fabricated,False,-0.43478260869565233,0.49572844569527746,-1.0,0.0,-1.0,23
collusion,fabricated,False,-0.7142857142857145,0.95831484749991,-2.0,0.0,-2.0,14
collusion,fabricated,False,-1.0074970586302248,0.7796282213191973,-1.6150269983124481,-0.0009130736677409601,-1.6150269983124472,16
collusion,fabricated,False,-0.6666666666666669,0.47140452079103184,-1.0,0.0,-1.0,15
collusion,fabricated,False,-0.7142857142857145,0.95831484749991,-2.0,0.0,-2.0,14
collusion,fabricated,False,-1.0052106626485915,0.7794013023102707,-1.612018112145659,0.000724760641707789,-1.612018112145658,16
collusion,true,True,0.3163146997653633,0.7362004000898201,2.1924182895605533,0.022369238254817958,-0.009866894517617464,15
collusion,true,True,0.5819075143156877,0.4684234221919257,0.9777975625956863,0.027661446723690197,0.9777975625956863,12
collusion,true,True,0.9538136820447776,0.0,0.9538136820447782,0.9538136820447773,0.9538136820447773,14
collusion,true,False,2.9597869850850174,5.960464477539063e-08,2.959786985085021,2.9597869850850165,2.9597869850850174,11
collusion,true,True,0.28198932380076397,0.7073955705788684,2.2190043077989845,0.011194652342523703,2.2190043077989827,17
collusion,true,True,2.962478635417857,0.0,2.962478635417858,2.962478635417855,2.962478635417858,19
collusion,true,False,0.0013124190452708604,0.002689665578853615,0.004466331500200482,-0.0009813354674035324,-0.0009813354674035324,19
collusion,true,True,0.33118719218918785,0.803410252679032,2.1273559734978864,-0.020585512792135496,-0.05282164556457136,12
collusion,true,True,0.41779204473582393,0.47134197642340353,0.9522436099138218,0.002107494041826641,0.0021074940418257526,16
collusion,true,True,0.9388680978866762,1.4901161193847656e-08,0.9388680978866777,0.9388680978866768,0.9388680978866764,15
collusion,true,True,1.94179560990111,2.1073424255447017e-08,1.94179560990111,1.94179560990111,1.941795609901109,14
collusion,true,False,0.01280704495534577,0.00217906678704054,0.013896578348866484,0.008448911381264246,0.01389657834886604,10
collusion,fabricated,False,-0.7079318229771333,1.1418184084664436,-2.549058685138835,0.000193893238905396,-2.549058685138834,18
collusion,fabricated,False,-0.7968386273327451,1.1816101946868571,-2.5494497749674387,-0.0001971965897018535,-2.5494497749674414,16
collusion,true,False,-0.013784838589370841,0.005803434940225067,-0.018810760676815974,-0.0070836091394461675,-0.018810760676815974,21
collusion,true,True,0.655416853990161,1.002777359275544,2.3141588658043304,-0.08229166095512497,2.3141588658043304,15
collusion,true,True,0.9879784294748593,0.0,0.9879784294748593,0.9879784294748575,0.9879784294748584,14
collusion,true,True,0.5767196028805509,0.4745685175449837,0.9877079949108278,0.028735080173515115,0.9877079949108278,14
collusion,true,True,1.924541984624003,0.0,1.9245419846240033,1.9245419846240033,1.9245419846240033,17
collusion,true,True,0.9582315076543962,0.0,0.9582315076543964,0.9582315076543964,0.9582315076543964,15
collusion,true,False,-0.03200261829406811,0.014478500032575496,-0.04382426406762718,-0.043824264067630736,-0.04382426406762807,15
collusion,honest_fp,False,-1.0,0.0,-1.0,-1.0,-1.0,12
collusion,true,False,-0.05272757672254802,0.005078005572696567,-0.055659364606890804,-0.043932213069521,-0.05565936460689125,16
collusion,true,True,-0.7571447078547562,2.1234117511582467,2.035231726281536,-3.0970381596505945,-0.1675445280589516,14
collusion,true,True,2.9206720272357587,4.2146848510894035e-08,2.9206720272357583,2.9206720272357565,2.9206720272357583,18
collusion,true,False,-1.9410330658690402,0.3128537766462538,-1.6283344313312043,-2.273434443362813,-1.6283344313312043,18
collusion,true,True,-1.1743400339586485,2.0975520708384243,2.13066473298041,-3.024794673688479,-0.09530104209683898,18
collusion,true,True,0.32499807382304113,0.4613097902621229,0.9352535650195133,-0.023719349717801208,-0.023719349717799876,22
collusion,true,False,-0.2509564910043417,0.30980719257470374,-0.014589503443225738,-0.6301354010409277,-0.014589503443226182,15
collusion,honest_fp,False,0.0,0.0,0.0,0.0,0.0,13
collusion,fabricated,False,-0.75,0.9682458365518543,-1.9999999999999982,0.0,-2.0,16
collusion,fabricated,False,-2.75869703689482,2.252649444887544,-4.597977606674236,0.0002238177743123515,-4.597977606674239,15
collusion,fabricated,False,-3.049022721576861,3.047416448674935,-6.096439170251797,-0.0016062729019239441,-6.096439170251796,22
collusion,fabricated,False,-1.1961914307727077,1.5186636287029702,-3.117165857315767,0.004417585816703706,-3.117165857315767,13
collusion,fabricated,False,-0.75,0.9682458365518543,-1.9999999999999982,0.0,-2.0,16
collusion,fabricated,False,-2.1783304001061525,2.2959141539191688,-4.598436412973809,-0.00023498852526415703,-4.59843641297381,19
collusion,fabricated,False,-3.9423197929486444,2.9126268545828826,-6.093437286130948,0.0013956112189248415,-6.093437286130951,17
collusion,fabricated,False,-1.119270731821657,1.4957298806318704,-3.126002945263961,-0.00441950213149056,-3.126002945263961,14
collusion,true,False,0.5953178550503722,1.0375250893384773,2.7537356574119087,0.09828290810656526,2.7537356574119123,16
collusion,true,True,0.7396413287377738,1.0222222169458959,2.407514898994922,0.07082084386199838,2.4075148989949273,11
collusion,true,True,0.5459470004407094,0.4822862919320665,0.9924573433561896,0.025018267039317976,0.9924573433561901,13
collusion,true,True,0.5860783688525989,0.4723861177397564,0.9853175061350399,0.027143576657181256,0.9853175061350403,12
collusion,true,True,0.934807500115874,0.946006006403586,1.9461304606280159,0.04989990966775082,1.946130460628015,15
collusion,true,True,0.9529801211473302,0.0,0.9529801211473306,0.9529801211473306,0.9529801211473303,21
collusion,true,False,1.4133950904706245,1.4901161193847656e-08,1.4133950904706225,1.413395090470626,1.4133950904706243,16
collusion,true,False,0.45010183350506583,0.97819195819345,2.635330805493613,-0.002637409271464719,0.06840506362302567,18
collusion,true,True,0.5958987348819906,1.0168949228898658,2.148725819514876,-0.02742011182909465,-0.09582121274643501,10
collusion,true,True,1.3092121219268353,1.447423876842639,2.9504365304222304,0.032704248652635215,2.9504365304222357,16
collusion,true,False,3.181175421264869,5.960464477539063e-08,3.181175421264868,3.181175421264868,3.181175421264868,15
collusion,true,False,3.5302606198910147,7.300048299977713e-08,3.5302606198910134,3.530260619891017,3.5302606198910134,13
collusion,true,False,0.719670151160606,1.165551117924994,2.73812246908469,-0.020181605062585817,-0.020181605062585428,12
collusion,true,True,0.3888143157216596,0.8172730724829756,2.330512327178017,0.04057444971070723,-0.02782665120663369,20
collusion,true,True,0.36044791524337494,0.4716246356473383,0.9516606841036861,-0.015778392213185555,-0.015778392213186443,18
collusion,true,True,1.4335326324375313,1.4588661408848025,2.892398773322327,-0.02533350844727167,-0.025333508447270725,14
collusion,true,True,0.3776605100982372,0.4671078948942094,0.9632112447791528,0.005037315301294143,0.0050373153012927,18
collusion,true,True,0.8683742300815005,0.9406789624282225,1.9350039149966491,0.038773364036384095,0.038773364036384594,16
collusion,honest_fp,False,0.0,0.0,0.0,0.0,0.0,16
collusion,fabricated,False,-3.0134109843987633,2.671153273664933,-5.369146743016586,0.015392133824150278,-5.369146743016586,16
collusion,fabricated,False,-1.6666666666666672,0.7453559924999303,-2.0,0.0,-2.0,12
collusion,fabricated,False,-1.3333333333333335,0.9428090415820636,-2.0,0.0,-2.0,15
collusion,fabricated,False,-1.918680461096753,1.7824702270678683,-3.56892722456233,0.006607429613087135,-3.5689272245623282,13
collusion,fabricated,False,-2.449957299038899,2.1588236094830124,-4.353860764087855,-0.002081415404525444,-4.353860764087857,16
collusion,fabricated,False,-2.5659697935261736,2.6885379474539364,-5.3999376234423515,-0.015398746601615443,-5.399937623442351,19
collusion,fabricated,False,-1.1111111111111116,0.9938079899999067,-2.0,0.0,-2.0,18
collusion,fabricated,False,-1.1111111111111114,0.9938079899999067,-2.0,0.0,-2.0,18
collusion,fabricated,False,-1.6752191373937195,1.7837900867282206,-3.582170952953941,-0.006636298778527561,-3.582170952953941,15
collusion,fabricated,False,-1.8630122197571564,2.1535722672138644,-4.349743276147631,0.0020360725356987075,-4.349743276147632,21
collusion,true,False,-1.3746017093195948,1.6136017590502332,-0.06348668074505426,-3.4710981520850446,-0.06348668074505381,18
collusion,true,True,0.5363146949451981,1.4530110681460928,2.369048085055173,0.17456574145273152,2.369048085055173,17
collusion,true,True,0.25993182427470896,1.5556944226857599,0.929044919930659,-0.0035430098861830572,-0.0035430098861852777,15
collusion,true,True,0.25514553785302485,1.6661785057381,0.9803526194272791,0.02583796520575632,0.98035261942728,18
collusion,true,True,0.249009503047394,1.4034323704485383,0.9507256882716622,0.9507256882716639,0.9507256882716635,10
collusion,true,False,-0.21823236897232057,1.5033511854401973,0.0010539389102621755,0.0010539389102639518,0.0010539389102635077,16
collusion,honest_fp,False,-0.26989084047087314,1.663718876271714,0.0,0.0,0.0,13
collusion,honest_fp,False,-2.389842325124594,1.6073610838250834,-2.0,-2.0,-2.0,18
collusion,true,False,0.015810165226459616,0.05631166520872741,-0.1310803069413886,-0.013236284706913182,-0.1310803069413886,16
collusion,true,False,0.15530925639052576,0.9035977452318166,-0.09530366690385605,-3.603884593025203,-0.09530366690385605,14
collusion,true,False,-0.556696415263604,1.2659002515765732,-0.016914734321858305,-0.016914734321858305,-0.016914734321858305,13
collusion,true,True,0.715992210838863,1.6695005017935929,2.3068299834729746,0.11234763987053142,0.11234763987053098,16
collusion,true,True,0.04557450551056272,1.1790531126344679,0.9535212360889584,0.020933306272116425,0.9535212360889593,18
collusion,true,True,0.5890033966565458,1.6201054857280957,0.9561244175109778,0.0016097632894549463,0.0016097632894545022,13
collusion,true,True,1.5859035571695699,1.0767561368097538,1.9552278651823425,1.9552278651823443,1.9552278651823425,19
collusion,fabricated,False,-1.6142540372351375,1.7761917893883465,-2.4768293650185456,-0.004002769210558199,-2.4768293650185456,16
collusion,fabricated,False,0.09683800178780573,0.5207296221377139,-0.1747261355940033,-1.2714867023133145,-0.1747261355940024,18
collusion,fabricated,False,-2.4981294325356,2.133188929009072,-4.317319063681966,0.003256310290652209,-4.317319063681965,19
collusion,fabricated,False,-0.8296929934490131,1.2951328948915493,-2.808041168738283,0.01817051024639227,-2.808041168738284,20
collusion,fabricated,False,-0.8887099657196544,1.2584248668029177,-2.4688290169490426,0.0039975788589430294,-2.4688290169490426,21
collusion,fabricated,False,-1.517242719184182,1.612821108635433,-0.19438500299767547,-3.55194362785425,-0.19438500299767458,15
collusion,fabricated,False,-2.7989263418650694,2.0647364863692896,-4.323835297384816,-0.0032599234121946097,-4.323835297384815,17
collusion,fabricated,False,-3.475893890299786,1.3986120631274277,-5.0908719925767425,-2.264660313592067,-5.0908719925767425,14
collusion,true,True,0.9751236179636263,0.0,0.9751236179636269,0.9751236179636251,0.975123617963626,16
collusion,true,True,0.41107339908559365,0.47865671121118153,0.9831775943751087,0.010600462382932996,0.010600462382932996,17
collusion,true,True,0.9832900163920845,1.8250120749944284e-08,0.9832900163920844,0.9832900163920844,0.9832900163920844,13
collusion,honest_fp,False,0.0,0.0,0.0,0.0,0.0,14
collusion,true,False,-0.10263760109961804,0.0,-0.10263760109961773,-0.10263760109961861,-0.10263760109961861,17
collusion,true,True,-1.0,0.0,-1.0,-1.0,-1.0,20
collusion,true,True,1.9685451226046062,2.1073424255447017e-08,1.9685451226046071,1.9685451226046062,1.9685451226046071,15
collusion,true,True,0.46583890715086507,0.485206721350125,0.984546710880025,0.01196957888784933,0.984546710880025,15
collusion,true,True,-2.0,0.0,-2.0,-2.0,-2.0,20
collusion,honest_fp,False,0.0,0.0,0.0,0.0,0.0,18
collusion,true,True,-0.9999999999999998,0.0,-1.0,-1.0,-1.0,14
collusion,true,True,1.391725500112922,0.4803298921857213,0.9113956079272008,1.8720553922986412,0.9113956079272008,22
collusion,true,True,0.8822134557253063,0.0,0.8822134557253065,0.8822134557253065,0.8822134557253065,16
collusion,honest_fp,False,0.0,0.0,0.0,0.0,0.0,20
collusion,honest_fp,False,0.0,0.0,0.0,0.0,0.0,19
collusion,true,False,-0.0019688852946034337,0.0,-0.001968885294603595,-0.0019688852946053714,-0.0019688852946053714,22
collusion,true,True,1.909726087702872,4.2146848510894035e-08,1.9097260877028717,1.9097260877028717,1.9097260877028717,19
collusion,true,True,-0.6609436055159617,0.45908452835428776,-1.0,-0.039340215628559605,-0.03934021562855783,17
collusion,true,True,1.930849571815453,2.1073424255447017e-08,1.930849571815454,1.930849571815454,1.930849571815454,15
collusion,fabricated,False,-1.0911557088456063,1.0918859238164227,-2.1830416326620288,0.0007302149708152683,-2.1830416326620288,16
collusion,fabricated,False,-2.8084342068210466,1.9080776991933388,-4.104717741717092,0.00018011878705692652,-4.104717741717092,19
collusion,fabricated,False,-0.45454545454545453,0.4979295977319692,-1.0,0.0,-1.0,11
collusion,fabricated,False,-0.9712963183918819,1.0851249552571913,-2.184502900410127,-0.0007310527772830255,-2.1845029004101306,18
collusion,fabricated,False,-2.66839419166809,1.9579114934737272,-4.105108442844539,-0.00021058234039372792,-4.105108442844541,20
collusion,fabricated,False,-0.2631578947368421,0.4403473823863555,-1.0,0.0,-1.0,19
collusion,true,True,0.8806517541454071,0.0,0.8806517541454078,0.8806517541454078,0.8806517541454073,16
collusion,true,True,0.8823011730171665,0.0,0.8823011730171668,0.8823011730171668,0.8823011730171664,11
collusion,true,False,-0.03188769604180456,6.585445079827193e-10,-0.03188769604180308,-0.03188769604180486,-0.031887696041804414,15
collusion,true,False,0.03665334365668735,4.656612873077393e-10,0.036653343656688264,0.036653343656687376,0.036653343656687376,17
collusion,true,True,-3.0737776823584584,0.9299187509392015,-2.0,-3.8791109441273015,-3.879110944127302,14
collusion,true,True,1.8795953577167634,2.9802322387695312e-08,1.8795953577167648,1.8795953577167648,1.879595357716764,16
collusion,honest_fp,False,0.0,0.0,0.0,0.0,0.0,11
collusion,true,True,1.9432701128981136,5.5755039852469285e-08,1.9432701128981158,1.9432701128981158,1.9432701128981158,20
collusion,true,True,0.704666604047738,0.9097206740351418,1.8791109441273024,0.0,1.879110944127301,16
collusion,fabricated,False,-1.502915210250759,1.1320745003815267,-2.3586830941385344,-0.005321413447151535,-2.3586830941385335,22
collusion,fabricated,False,-1.642032131181533,1.0784458039376756,-2.348040635388948,0.0053210453024341575,-2.3480406353889474,20
collusion,true,True,1.6150139766440808,0.4359871684775565,0.8920110510193204,1.8779241314167212,0.8920110510193213,15
collusion,true,True,0.8885586787657016,2.1073424255447017e-08,0.8885586787657012,0.8885586787657012,0.888558678765702,22
collusion,honest_fp,False,0.0,0.0,0.0,0.0,0.0,14
collusion,true,False,0.008524239761179133,0.0,0.00852423976117933,0.00852423976117933,0.008524239761178443,9
collusion,true,True,1.4911069186445107,0.46706273668906706,0.951789325132756,1.8955951137783256,0.9517893251327578,14
collusion,true,True,-2.0,2.9802322387695312e-08,-2.0,-2.000000000000001,-2.0,14
collusion,true,True,-0.37079614090295476,0.4449143155162656,-1.0,-0.056194211354432255,-0.05619421135443137,18
collusion,true,True,-0.577465822686829,0.48790044202715255,-1.0,-0.014086919602601,-0.014086919602600112,7
collusion,true,True,1.9048332280124958,0.0,1.904833228012495,1.9048332280124942,1.904833228012495,17
collusion,true,True,-2.0,2.9802322387695312e-08,-2.0,-2.000000000000001,-2.0,10
collusion,honest_fp,False,0.0,0.0,0.0,0.0,0.0,16
collusion,true,False,0.09862317042655858,0.43571442123242404,-0.004075703544847542,-0.004075703544849318,-0.004075703544847542,19
collusion,true,True,0.6143268905358702,0.6947142122945015,0.9744418442985943,0.023072580851202673,0.9744418442985943,21
collusion,true,True,0.27186098948995413,0.43330091535413384,0.9794233659889713,-0.0009799219661701386,0.004699413473387537,11
collusion,true,True,0.9397106820988861,2.110003300546112,2.0740225687997995,0.05483606018685094,-0.01369699736129526,12
collusion,honest_fp,False,0.11478109443863058,0.4591243777545223,0.0,0.0,0.0,17
collusion,honest_fp,False,-3.3307244023643983,0.4591243777545171,-3.445505496803028,-3.445505496803026,-3.4455054968030296,17
collusion,honest_fp,False,-2.276725128994514,2.9802322387695312e-08,-2.276725128994512,-2.2767251289945136,-2.2767251289945154,19
collusion,true,True,0.6204757790787145,0.5528463297958182,0.9803507558806359,0.029485444050930454,0.9803507558806359,21
collusion,true,True,0.2866481381826664,0.5437374670537889,0.9888993362999496,0.01199511988360058,0.9888993362999496,18
collusion,true,True,1.2894321482690234,1.8226646591181674,2.101912414846506,0.0542873880217023,2.101912414846506,16
collusion,honest_fp,False,0.12195491284104498,0.4723293464215443,0.0,0.0,0.0,16
collusion,honest_fp,False,-1.8852189055613693,0.4591243777545219,-2.0,-2.0,-2.0,17
collusion,honest_fp,False,-1.3777567842462999,0.5025310760492896,-1.5171338274932076,-1.5171338274932076,-1.5171338274932094,14
collusion,true,True,0.5948450877845777,0.46354495825067665,0.964626042385019,0.013760730555311795,0.013760730555312684,18
collusion,true,True,1.084689937120755,0.45912437775452236,0.9699088426821252,0.9699088426821234,0.9699088426821234,17
collusion,true,True,1.1326996086092205,0.5853835816370156,0.937571748063549,0.9375717480635473,0.9375717480635499,10
collusion,true,True,0.6319602575328023,0.701968102286404,0.9298379155392453,-0.021531347908148035,-0.021531347908148035,19
collusion,true,True,0.4069474785625635,0.7622494833149569,0.9617611109322564,2.619258418956118,-0.011086142669083365,18
collusion,fabricated,False,0.327268495001,1.3002893152020105,-2.0890503827349978,2.642122884237658,-0.10941752510982639,19
collusion,fabricated,False,-0.5833333333333334,0.4930066485916346,-1.0,0.0,-1.0,24
collusion,fabricated,False,-1.2283188879661577,1.1328930753710051,-2.0876785141487773,-0.05667275879274314,-0.11295011985292547,19
collusion,fabricated,False,-0.7368421052631579,0.44034738238635557,-1.0,0.0,-1.0,19
collusion,true,False,-0.01609403523878683,0.004431641586728974,-0.12792212936953185,-0.009110266363347108,-0.1279221293695305,13
collusion,true,True,0.3813568706362755,0.44555901071966536,0.927052983917493,0.017559461782127528,0.9270529839174939,10
collusion,true,True,-0.5,0.5,-1.0,0.0,-1.0000000000000004,12
collusion,true,True,-2.9058433298217405,1.4369462964406319,-2.112770123971984,-3.8071605856679795,-3.8470447762396964,18
collusion,true,True,-0.5722214516811492,1.3901062727359161,-2.818793955382871,-0.00042198375855306836,-5.20052154413627,19
collusion,true,False,0.0029572099483196057,0.012716689628481513,-0.0018492469455324567,-0.0018492469455324567,-0.0018492469455315685,16
collusion,true,True,1.065218777037288,1.4747000182206826,1.7706771846763836,0.01613446468869384,1.7706771846763827,16
collusion,true,True,0.3093212188311263,0.7910224561876514,2.4021463069056708,0.0073792548754276766,2.4021463069056708,16
collusion,honest_fp,False,0.0,0.0,0.0,0.0,0.0,13
collusion,true,True,0.9506007220288374,0.0,0.9506007220288364,0.9506007220288382,0.9506007220288373,18
collusion,true,False,-0.009128430576619606,0.0,-0.009128430576620161,-0.009128430576620161,-0.009128430576619717,16
collusion,true,True,0.891642811347841,0.0,0.8916428113478396,0.8916428113478432,0.8916428113478405,15
collusion,true,False,-0.009655753902588136,0.003996195878601456,-0.13208274244524,-0.004964865963835052,-0.13208274244524043,14
collusion,true,False,0.029274575657484193,3.2927225399135965e-10,0.02927457565748348,0.029274575657481705,0.029274575657483926,15
collusion,true,True,0.2906333754195238,0.4287393579647704,0.8969623901764336,-0.012531131958933628,-0.012531131958931407,12
collusion,true,True,-0.42857142857142855,0.4948716593053935,-1.0,0.0,-1.0000000000000004,14
collusion,true,True,-0.37375050398945553,0.7901969026608887,-2.0798265205855806,-0.0012035954766815848,-0.04108778604839891,17
collusion,honest_fp,False,-1.0,0.0,-1.0,-1.0,-1.0000000000000004,14
collusion,honest_fp,False,0.0,0.0,0.0,0.0,0.0,16
collusion,fabricated,False,-1.2000000000000004,0.9797958971132713,-2.0,0.0,-2.0000000000000004,20
collusion,fabricated,False,-0.8375513078604618,1.6163719829601944,-2.796828282534875,0.005435185786655694,-5.193445970470121,12
collusion,fabricated,False,-1.5000000000000004,0.8660254037844386,-2.0,0.0,-2.0000000000000004,16
collusion,fabricated,False,-0.6316020714075646,1.446703686123231,-2.8108459611380745,0.002038541078000833,-5.200509006144783,16
collusion,true,False,0.016750440133321456,0.0017646312830955628,0.01415297321506337,0.017949271018672164,0.01415297321506337,19
collusion,true,False,0.03836231772311893,0.014960241680496726,0.016192874036981664,0.047616938347523785,0.016192874036981664,16
collusion,true,False,-0.11112621126091766,0.0,-0.1111262112609186,-0.11112621126091682,-0.1111262112609177,21
collusion,true,True,0.39543184196238124,0.44118168436848765,0.8956848504633559,0.006346168683844411,0.8956848504633568,16
collusion,true,True,-0.47058823529411786,0.49913419848462204,-1.0,0.0,-1.0,17
collusion,true,True,-1.7244285406231414,1.4658619117746081,-1.954700143920114,-0.014621882760160076,-3.5455005107626487,16
collusion,true,True,-1.6042340807372637,2.1887952556606685,-2.678213049793131,-0.014502154654998378,-4.960994259328919,11
collusion,honest_fp,False,-3.557214013603727,0.0,-3.557214013603728,-3.5572140136037262,-3.557214013603728,15
collusion,honest_fp,False,0.0,0.0,0.0,0.0,0.0,16
collusion,true,False,-0.03520849938063364,0.0018925247445463612,-0.037252659736422444,-0.03345636193281365,-0.033456361932815426,13
collusion,true,True,0.5534351442552664,0.7549974353905498,1.6211318103270198,0.015285123105133636,1.6211318103270216,15
collusion,true,True,0.23043447151074564,0.65692230083743,2.307783044227808,0.015212277995818368,2.307783044227808,11
collusion,true,True,0.897383979213424,0.0,0.8973839792134228,0.8973839792134228,0.8973839792134237,14
collusion,true,False,-2.928153683082888,4.2146848510894035e-08,-2.928153683082888,-2.9281536830828863,-2.928153683082888,16
collusion,true,True,0.5615072998250561,0.42781254241792765,0.8849031841085147,-0.004435497670996824,-0.004435497670996824,11
collusion,true,True,-0.44444444444444486,0.4969039949999533,-1.0,0.0,-1.0,18
collusion,true,True,-1.6017958091691877,1.4799137756635727,-1.9243040909639486,2.0489818162161555e-05,-3.5308581381843283,17
collusion,true,True,-0.9715965153695417,1.8793956804237908,-2.662005473098054,-0.0027054605711249735,-4.949197565245045,18
collusion,fabricated,False,-0.12533717916616935,0.04345670769441115,-0.17014606571087754,-0.0767276091913267,-0.13744183715578107,12
collusion,fabricated,False,-1.7313898822957348,1.6370441269316127,-3.2844263036874413,-0.005793858527169959,-3.2844263036874413,19
collusion,fabricated,False,-0.9305993824013354,0.8248749298726741,-1.6580706914596473,0.004720872102208062,-1.6580706914596473,16
collusion,fabricated,False,-0.7226347120433767,1.1128000247871968,-2.4465770975073813,-0.004325384766705298,-2.4465770975073813,17
collusion,fabricated,False,-0.09766555725010728,0.04323358014835827,-0.1548544039710098,-0.06098081208649475,-0.12169504005094645,16
collusion,fabricated,False,-1.6335237123342623,1.639316222580135,-3.272839934914396,0.005792510245871796,-3.272839934914396,20
collusion,fabricated,False,-0.8361313231125348,0.8313957817809289,-1.6675271048934626,-0.004735541331605475,-1.6675271048934626,18
collusion,fabricated,False,-1.216801605566268,1.2211258563703378,-2.4379274619366047,0.0043242508040712835,-2.4379274619366047,10
collusion,true,False,-0.08495207268235003,0.004959291239186046,-0.07999278144316513,-0.0899113639215372,-0.07999278144316335,14
collusion,true,False,-0.1625081497618951,1.862645149230957e-09,-0.16250814976189432,-0.16250814976189787,-0.16250814976189432,18
collusion,true,True,0.3369209037347649,0.4414475441280327,0.9346437040894919,0.010890285359458574,0.9346437040894919,17
collusion,true,True,0.877556744987236,0.0,0.8775567449872366,0.8775567449872312,0.8775567449872366,15
collusion,true,True,-0.7729101754236083,0.8789846526833829,-1.0,0.0,-1.8755029824149219,11
collusion,true,True,-2.523145004411588,1.8437891731561573,-2.522632067639343,-4.603414405123914,-4.640603726325306,17
collusion,honest_fp,False,-1.7447711232096559,2.1073424255447017e-08,-1.7447711232096559,-1.7447711232096523,-1.7447711232096559,14
collusion,true,True,0.04607910433762746,0.19549708288883302,0.8755029824149219,0.0,0.8755029824149219,19
collusion,true,True,2.3961994571496916,1.7770415665024284,2.1419151239802687,0.012764250452903525,2.1419151239802687,15
collusion,true,True,0.9633171967996015,1.0536712127723509e-08,0.9633171967996024,0.9633171967996006,0.9633171967996024,20
collusion,true,False,-0.04628839733365532,0.004835289334507301,-0.040227041374649275,-0.05014562385302668,-0.040227041374649275,18
collusion,true,True,0.5624788818391047,0.45254490480802306,0.9319802493311187,0.008226830601081758,0.008226830601085311,10
collusion,true,True,-0.5001183488035112,0.7977185697320136,-1.0,0.0,-1.8755029824149219,17
collusion,true,True,-0.8851053586228277,1.1919900975787958,-2.4989750325537123,-8.369895870430355e-05,-0.037273020160100145,17
collusion,honest_fp,False,0.0,0.0,0.0,0.0,0.0,13
collusion,fabricated,False,-1.2848487964438662,1.3618275051106707,-2.7292849919490365,-0.000905511550378435,-2.7292849919490347,17
collusion,fabricated,False,-0.8333333333333339,0.98601329718327,-2.0,0.0,-2.0,12
collusion,fabricated,False,-2.4081580737648522,3.1178213259882703,-6.433248097765816,0.006895940635729403,-6.433248097765814,16
collusion,fabricated,False,-0.6703227856409579,0.7589728655131738,-1.530917123066926,-0.0009716343096428659,-1.5309171230669278,16
collusion,fabricated,False,-2.0644914896636672,2.809175540909832,-5.892752449857301,-0.003120203405558186,-5.892752449857298,20
collusion,fabricated,False,-0.8397527483944927,1.0262724334999476,-2.096674647974119,-0.0018048153414085277,-2.096674647974119,15
collusion,fabricated,False,-1.4542347081447662,1.3611548315674769,-2.727478465664138,0.0009010147345165365,-2.727478465664136,15
collusion,fabricated,False,-0.5882352941176475,0.9112901991076281,-2.0,0.0,-2.0,17
collusion,fabricated,False,-3.227302478996767,3.2200720192007717,-6.4473744981975365,-0.007230459795991351,-6.4473744981975365,12
collusion,fabricated,False,-0.7640213479107896,0.7649727443786405,-1.5289940922894285,0.0009513964678546927,-1.5289940922894303,14
collusion,fabricated,False,-3.1682203492605767,2.936090722941162,-5.886512155315227,0.0031200911365161232,-5.886512155315227,13
collusion,fabricated,False,-0.783797029000229,1.01417449678235,-2.093090674395672,0.001779158237042111,-2.093090674395672,16
collusion,true,True,0.3738817843732609,0.46376040083056164,0.9724924943970024,0.007624708846520889,0.9724924943970032,16
collusion,true,False,0.01076931361350057,0.009859165936163823,-0.006508572820312253,0.019336426379233274,0.004603586406926041,17
collusion,true,True,0.3292011250571909,0.456046337351849,0.9741480404107516,0.006727667380410196,0.9741480404107516,18
collusion,true,False,0.09092561430659127,1.3170890159654386e-09,0.09092561430659174,0.09092561430659174,0.09092561430659174,15
collusion,true,True,0.33249871087346616,0.45721259466153774,0.9514858109426605,-0.01547955204405227,-0.015479552044054046,17
collusion,true,False,0.0052512997527353385,0.010890662855176371,0.0024524640259855346,0.005920748496432537,0.005920748496432537,17
collusion,true,True,1.960851061912192,0.0,1.9608510619121908,1.9608510619121944,1.9608510619121908,18
collusion,true,True,0.4066887967944319,0.4787489252473674,0.9595004385260548,-0.007919934504283077,-0.007919934504285742,14
collusion,honest_fp,False,-1.9047496761400409,0.0,-1.9047496761400406,-1.9047496761400389,-1.9047496761400406,14
collusion,honest_fp,False,0.0,0.0,0.0,0.0,0.0,17
collusion,true,True,0.3522517324569333,0.44923524649475355,0.960502318740609,0.01381703734876183,0.02350119776879822,17
collusion,true,False,0.007235194308430337,0.00866382632246175,0.009324885625083823,0.0011185166330882623,0.009324885625084711,12
collusion,true,False,0.004565906123921033,0.0,0.004565906123920271,0.004565906123922048,0.004565906123920271,14
collusion,honest_fp,False,-2.175149630781066,0.0,-2.175149630781066,-2.175149630781064,-2.175149630781066,15
collusion,fabricated,False,-1.3147764824607582,1.420795367608812,-2.8494108762893884,0.0006244265352108869,-2.8494108762893884,13
collusion,fabricated,False,-1.645554596219608,0.9525488119990996,-2.1955089092435482,0.004308342852201719,-2.1955089092435482,16
collusion,fabricated,False,-0.855645851729926,1.3060502508490122,-2.850670563707146,-0.0006352608825466177,-2.850670563707146,20
collusion,fabricated,False,-1.2613469765432472,1.0886272137132553,-2.204125798869997,-0.004308546774247191,-2.204125798869997,21
collusion,true,True,0.26157357375715296,0.38754472511979293,0.9690659524742173,0.042274937842634586,0.9690659524742173,13
collusion,true,False,0.5596517979403823,2.977121654605605,2.7584018576939524,-3.4713899782744946,-3.4713899782744986,17
collusion,true,True,0.96062521014764,0.0,0.96062521014764,0.96062521014764,0.9606252101476402,18
collusion,true,False,0.5936930209396961,2.254233500568866,4.910221542253884,-0.5835420303278056,4.910221542253884,14
collusion,true,True,0.12490592651303355,0.34447472281605684,0.8949462312138614,-0.03783458762046976,-0.037834587620469984,18
collusion,true,False,0.01313831215901891,0.03695684764283758,0.052336968528312156,-0.021704937947021108,0.05233696852831193,17
collusion,true,True,1.995272510155531,3.650024149988857e-08,1.9952725101555302,1.9952725101555302,1.9952725101555302,17
collusion,true,False,-1.9153102507490607,2.197505429032678,2.479700607316296,-3.0140629652653956,-3.0140629652653996,15
collusion,honest_fp,False,0.0,0.0,0.0,0.0,0.0,17
collusion,honest_fp,False,0.0,0.0,0.0,0.0,0.0,20
collusion,true,True,0.21387944138559511,0.3808799322292228,0.9430553512837889,0.0011893535421734214,0.022443434691084452,14
collusion,true,False,0.001351195368279908,0.03693859283923309,0.03590408505676734,-0.03813782141856592,-0.038137821418564255,15
collusion,true,False,-0.038175915161959485,3.099282306288998,2.7652304110238433,-3.4645614249446055,2.765230411023845,20
collusion,honest_fp,False,0.0,0.0,0.0,0.0,0.0,15
collusion,fabricated,False,-1.2222222222222223,0.9749960430435691,-2.0,0.0,-2.0,18
collusion,fabricated,False,-1.3941764809947368,1.3135047256269476,-2.6325606124765883,-0.0009943330776529535,-2.63256061247659,17
collusion,fabricated,False,-2.1002143937498783,1.5676808587743722,-3.2686947161647915,0.003050186596965432,-3.268694716164793,14
collusion,fabricated,False,-2.410274886314861,1.9629206386249578,-4.012992876384606,-0.006197901210242662,-4.012992876384608,15
collusion,fabricated,False,-0.9680348465658721,1.1888728180867965,-2.424100733254541,0.0026757445599088214,-2.4241007332545412,15
collusion,fabricated,False,-1.1578947368421053,0.9874559494365117,-2.0,0.0,-2.0,19
collusion,fabricated,False,-1.3921968693767917,1.3135047256269476,-2.630581000858644,0.00098527854029129,-2.630581000858645,17
collusion,fabricated,False,-1.8434070058446226,1.6230418811157779,-3.2747954008028923,-0.0030504980411336646,-3.2747954008028928,16
collusion,fabricated,False,-1.8917604547085543,2.000620774558235,-4.000599915326644,0.006195059847726725,-4.000599915326642,19
collusion,fabricated,False,-1.0428050530176562,1.200942902339335,-2.4295344689116263,-0.002757991097176671,-2.4295344689116267,14
collusion,true,True,0.4542432052761972,0.7291374861214576,0.957373949587577,-0.9199715343645796,0.9573739495875784,11
collusion,true,False,0.005458149902693184,0.0,-0.013477708993821835,0.005458149902690224,-0.013477708993820836,12
collusion,true,False,2.10368901064401,1.2244884066898944,2.842083302485916,0.07310470807876257,0.07310470807876546,15
collusion,true,True,0.6363485049713561,0.909615436140372,1.922738991304989,-0.006846738195463331,-0.006846738195460389,18
collusion,true,True,0.9254402949572906,1.8250120749944284e-08,0.9254402949572906,0.9254402949572871,0.9254402949572909,18
collusion,true,False,1.1203291851355515,2.349229666009809,2.4070552659694506,-3.168757750977452,2.4070552659694515,13
collusion,honest_fp,False,-2.0,0.0,-2.0,-2.0000000000000018,-1.9999999999999998,10
collusion,true,True,-0.868337083441105,0.33567589037517204,-1.0,-1.0000000000000018,-1.0,15
collusion,true,True,0.9322829743874472,0.9619342129415825,1.9712906748876886,0.04170494538723801,1.9712906748876895,13
collusion,true,True,0.0,0.0,0.0,0.0,0.0,17
collusion,true,False,-0.23521339170943162,2.7840424643316677,2.405961195265414,-3.169851821681487,-3.169851821681485,19
collusion,honest_fp,False,0.0,0.0,0.0,0.0,0.0,14
collusion,true,True,0.5973536573503337,0.8157412073709427,0.8995180755696364,0.009644465809191871,0.009644465809193425,19
collusion,true,False,-0.025737141833570742,0.0,-0.04467300073008573,-0.025737141833573673,-0.04467300073008462,10
collusion,true,False,4.477511827568776,1.3775494575261247,5.723552195051992,2.9545736006448386,5.723552195051992,20
collusion,honest_fp,False,-2.0,0.0,-2.0,-2.0000000000000018,-1.9999999999999998,17
collusion,fabricated,False,-1.4043384995329218,1.0783651047203076,-2.227953452729553,0.0075728488041590936,-2.2279534527295537,19
collusion,fabricated,False,-1.8603267940159907,2.5267200877845135,-5.281521965837078,0.005779663340966579,-5.281521965837079,17
collusion,fabricated,False,-1.4979239713215067,1.0538372048902485,-2.2430994051660793,-0.007573103632363853,-2.2430994051660784,18
collusion,fabricated,False,-2.2717663151765346,2.616535730479449,-5.293081531849703,-0.005779902671658732,-5.293081531849704,14
collusion,true,True,0.3037987363598666,0.4001090254355623,0.948733968286227,0.03516709924358219,0.9487339682862266,18
collusion,true,False,1.7822281290824094,0.9186391858676326,2.2619717975170737,0.023168011488640783,2.2619717975170737,14
collusion,true,True,0.8989375846321894,0.03436030343996232,0.9475303917642393,0.8746411810661643,0.9475303917642393,18
collusion,true,False,0.024972065186868595,0.007120838916213233,0.034832708219330044,0.022472203906219512,0.011505647532282115,14
collusion,honest_fp,False,0.0,0.0,0.0,0.0,0.0,9
collusion,honest_fp,False,0.0,0.0,0.0,0.0,0.0,19
collusion,honest_fp,False,-1.0,0.0,-1.0,-1.0,-1.0,17
collusion,true,True,0.24687601013592925,0.4006334929131161,0.8927091445099338,-0.01470988588163813,-0.014709885881638574,18
collusion,true,True,-0.039248036529732744,0.03633662109583391,0.0,-0.07288921069807497,-0.07288921069807497,13
collusion,true,False,0.029617512483564347,0.015858190911706586,0.05955763786671309,0.016005283216417254,0.05955763786671264,17
collusion,honest_fp,False,0.0,0.0,0.0,0.0,0.0,19
collusion,honest_fp,False,0.0,0.0,0.0,0.0,0.0,17
collusion,true,True,0.24389256906887252,0.38823843537373404,0.9162511221659466,-0.005393133323438715,0.018057585333040915,20
collusion,true,False,1.1706005879886572,1.1181320095730742,2.2366976289545777,-0.002106157073854753,-0.002106157073855197,21
collusion,true,False,0.025847127592568242,0.0,0.025847127592568242,0.025847127592568242,0.025847127592568686,19
collusion,true,False,0.018572885903529388,0.0141920623459447,0.035285637850789975,0.007662254008839575,0.007662254008839575,13
collusion,true,False,-2.108129648479226,0.0,-2.108129648479224,-2.1081296484792276,-2.108129648479226,19
collusion,true,False,-2.5355921414219105,0.0,-2.535592141421912,-2.5355921414219127,-2.535592141421911,16
collusion,true,False,-0.05918813710663511,0.03387396623448817,-0.09498296188915845,-0.046585377868378686,-0.094982961889158,14
collusion,true,False,-4.717360743076362e-05,0.0062180619128797115,-0.008272896336571023,0.004653239380649765,0.004653239380650209,11
collusion,true,True,0.9763023950243184,1.0068323728131703,2.0375969017181212,0.02113733899989434,0.021137338999895228,19
collusion,true,False,5.842013143948507,1.1920928955078125e-07,5.84201314394851,5.842013143948506,5.84201314394851,21
collusion,honest_fp,False,0.0,0.0,0.0,0.0,0.0,20
collusion,true,True,1.9285712648031441,2.9802322387695312e-08,1.9285712648031446,1.9285712648031428,1.9285712648031437,10
collusion,true,False,-0.001444754682717953,0.026247308926327567,-0.03309644854134142,-0.0007047103822266365,-0.03309644854134142,17
collusion,true,True,0.4440226428253532,0.47955719273388436,0.9908019689100591,0.02342316122173216,0.9908019689100591,23
collusion,true,False,0.03214290497528508,0.01217214320795671,0.04252334358136345,0.017869801891928105,0.042523343581363005,19
collusion,true,False,0.04121023973983474,8.065490087349327e-10,0.04121023973983462,0.04121023973983462,0.041210239739835064,15
collusion,true,False,0.013349165849976188,0.038875583877437156,-0.030925044420134995,0.03776035528618671,-0.03092504442013544,14
collusion,true,False,0.02645282920815739,0.005597180951939941,0.016758227420240246,0.02968436313746281,0.01675822742024069,16
collusion,true,True,1.2505273375669692,0.9878594031230697,2.0571111626542606,0.04065159993603373,2.057111162654258,15
collusion,true,True,0.5885758434316344,0.46833025145635904,0.9513428963147561,-0.016035911373570855,-0.01603591137356908,16
collusion,true,False,0.019462664474178867,0.011781548205603698,0.028163914482215446,0.003510372792778327,0.003510372792780103,17
collusion,fabricated,False,-2.0249566407794943,1.0597990966856137,-2.5784186683844865,0.004404127105477329,-2.5784186683844874,14
collusion,fabricated,False,-1.6756660025033596,1.2342912695841008,-2.587250518558644,-0.00442772306867667,-2.587250518558643,17
collusion,true,False,-2.535918543340129,0.0,-2.535918543340129,-2.5359185433401272,-2.535918543340128,16
collusion,true,False,-0.01788810942072449,0.005694418991840839,-0.02534385401184025,-0.01353892507590615,-0.013538925075907038,19
collusion,true,False,-0.012712918694262351,0.006723001085362295,-0.0032051593794939492,-0.017466798351646773,-0.01746679835164633,12
collusion,true,False,0.08187689851626054,0.03031975136673873,0.11577541107472022,0.054758088469492705,0.11577541107472067,18
collusion,true,False,0.7056603903542061,0.9078465537030417,1.9236121451260555,0.014194280050428887,0.01075044519878876,14
collusion,true,True,0.7435451026150826,0.9079191080293125,1.9728733862705763,0.07300240243935896,1.9728733862705754,17
collusion,true,False,0.016119016789140888,0.005819908451566507,0.011200296399168863,0.023005225335101187,0.011200296399168863,12
collusion,true,True,1.353835695710585,0.9526002996688187,2.027425827366743,0.006655432398266825,0.006655432398267713,15
collusion,true,True,0.30348723488459867,0.4333074046384632,0.9747641796658506,0.023788507892410493,0.9747641796658502,17
collusion,true,False,0.4887556155514238,0.8154864248366529,1.947478612526334,0.018533716947906953,1.9474786125263348,21
collusion,honest_fp,False,0.0,0.0,0.0,0.0,0.0,17
collusion,honest_fp,False,0.0,0.0,0.0,0.0,0.0,18
collusion,true,True,0.6110079527695343,0.8956077706977409,1.8775886086570122,-0.02228237517420517,-0.022282375174204727,18
collusion,true,False,0.06412609737437343,9.313225746154785e-10,0.06412609737437336,0.06412609737437336,0.06412609737437336,13
collusion,true,False,0.04279809612966606,0.006175470824743171,0.053494325358780515,0.03923268638662769,0.05349432535878096,16
collusion,true,True,1.1660072300680855,1.0041288822374692,2.0641274056096304,0.04335701064115405,2.0641274056096304,18
collusion,true,False,0.04599511559019326,0.030508661302614034,0.07650377689280674,0.015486454287579221,0.015486454287579665,16
collusion,true,True,0.3165797061405885,0.46265371110965614,0.9017955041550128,-0.04918016761842736,-0.049180167618426474,13
collusion,true,False,-0.3848959883327839,0.8781442766290223,0.9175652258016331,-0.9856964651126958,-0.9856964651126963,16
collusion,honest_fp,False,0.0,0.0,0.0,0.0,0.0,18
collusion,fabricated,False,-0.7999999999999998,0.9797958971132711,-2.0,0.0,-2.0,20
collusion,fabricated,False,-0.5263157894736841,0.49930699897395464,-1.0,0.0,-1.0,19
collusion,fabricated,False,-1.4221486420433458,1.0767916034528682,-2.236126583922994,0.0023127562460381057,-2.236126583922994,11
collusion,fabricated,False,-1.1428571428571426,0.989743318610787,-2.0,0.0,-2.0,14
collusion,fabricated,False,-0.7142857142857142,0.4517539514526255,-1.0,0.0,-1.0,14
collusion,fabricated,False,-0.8728183879760845,1.091234749628932,-2.240753540301604,-0.002314200132570221,-2.240753540301604,18
collusion,true,False,-2.0923794276231393,2.9802322387695312e-08,-2.0923794276231416,-2.0923794276231433,-2.0923794276231407,17
collusion,true,False,-2.550897173117552,2.9802322387695312e-08,-2.550897173117553,-2.5508971731175514,-2.550897173117553,15
collusion,true,False,0.004457939242101916,0.007411120289678418,0.013784050249444846,0.0012556114340647184,-0.0028408596419464693,16
collusion,true,False,-0.0077454746531896365,0.005845255968553668,-0.014731891815687348,-0.0028549826394410616,-0.0028549826394410616,17
collusion,true,True,-1.7662844119905965,1.025504685514735,-2.164405270632603,-2.8618961647790684,-2.861896164779065,16
collusion,true,False,-2.4620269161501653,3.20525804583203,-0.09478696514036322,-6.801966826334802,-0.09478696514036322,17
collusion,true,False,0.6409575981668088,0.8065931314492653,1.680495004475592,0.011670665459103446,0.01167066545910389,16
collusion,honest_fp,False,0.0,0.0,0.0,0.0,0.0,15
collusion,true,False,2.4522712694717854,0.0,2.4522712694717868,2.4522712694717868,2.4522712694717868,13
collusion,true,False,0.01101159267764551,0.008959460146502023,0.019178535992654844,0.000714309726134843,0.0191785359926544,11
collusion,true,True,1.1928783623893067,1.6283727131475023,2.0674238302482895,-0.6593974216452594,2.0674238302482895,13
collusion,true,True,0.9683255541212642,1.0536712127723509e-08,0.9683255541212645,0.9683255541212645,0.9683255541212641,12
collusion,true,False,0.712581873467737,0.843464143002105,1.7446339921850402,-0.022662846714680995,1.7446339921850393,15
collusion,honest_fp,False,0.0,0.0,0.0,0.0,0.0,16
collusion,true,True,1.9415439674972406,3.650024149988857e-08,1.9415439674972426,1.941543967497239,1.9415439674972417,18
collusion,true,False,0.02217830199982179,3.2927225399135965e-10,0.02217830199982096,0.022178301999822736,0.022178301999821404,15
collusion,true,False,-0.002703821273935477,0.0077648155727014405,0.007512943064908129,-0.006209373633218718,-0.010305844709231238,17
collusion,true,False,0.03668083528173532,0.005938454588123265,0.030742380693611793,0.04261928986985808,0.03074238069361268,14
collusion,true,True,-0.2604908577028212,2.103685600633304,2.062750303135733,-2.77967255393569,0.033419945388646344,16
collusion,true,False,-2.9003580612921414,3.269736912323047,-0.29201033749430394,-6.999190198688744,-0.29201033749430394,18
collusion,true,False,0.5478651986184715,0.7385335691314437,1.6750533346617669,0.06477685618605378,0.027863165954101543,20
collusion,honest_fp,False,-1.9999999999999993,2.9802322387695312e-08,-2.0,-2.0,-2.0,12
collusion,fabricated,False,-0.6490909165580903,1.17201551616695,-2.7619719361477575,0.0010263202387292836,-2.7619719361477575,17
collusion,fabricated,False,-2.9395805907465062,3.1238728854335407,-6.252948142028773,0.00563501039328429,-6.252948142028772,17
collusion,fabricated,False,-0.5921963331871061,0.9539068773436877,-2.130324955790991,-0.0006084014163860729,-2.130324955790991,18
collusion,fabricated,False,-0.8512120860679213,1.275229964486072,-2.7640570327970284,-0.0010587764105451924,-2.7640570327970293,13
collusion,fabricated,False,-2.6408286574784885,3.090037584451139,-6.264218903617573,-0.005635751195519845,-6.264218903617572,19
collusion,fabricated,False,-0.9674473574878739,1.060448907202864,-2.1291109326012965,0.0006056217733103608,-2.1291109326012965,11
collusion,true,False,-0.05262926709987797,0.0007149154390355959,-0.052629267099878696,-0.05262926709987781,-0.05262926709987781,17
collusion,true,False,0.004779952471287002,0.006307436586180868,0.01357207585579534,-0.002694227246266223,-0.004549690422801733,17
collusion,true,False,-0.09532762307546765,0.3896142226918622,-0.02284684564093986,0.02805632558831128,-0.022846845640939417,20
collusion,honest_fp,False,-3.647344946499587,0.45415689720636937,-3.5261153691731177,-3.52819968794007,-3.526115369173118,15
collusion,true,True,1.1457129557243488,1.1994075721652595,1.9964937451050622,0.009254251116447065,1.9964937451050613,14
collusion,true,True,-2.218150972756571,0.48511560512764457,-2.0781103590131877,-2.0801946777801392,-2.0781103590131877,13
collusion,true,False,0.17149490548052518,0.46834316352001587,0.05716984166609684,0.022717345432839764,0.057169841666097065,14
collusion,true,True,1.4408421165819318,0.917870696649404,2.0725700699924463,0.06388747662536076,2.0725700699924463,13
collusion,true,True,0.3894905574534494,0.7620150925583594,0.9672320286271665,0.019563091688045375,0.9672320286271672,18
collusion,true,False,0.8502982864288945,0.9082846700325499,0.00909261069154077,1.829620589355521,0.009092610691541325,13
collusion,true,True,0.8272008888865399,1.1443446633992578,1.9765012534885562,-0.010738240500058893,-0.008653921733107861,19
collusion,true,True,2.0678997221308784,0.4169849184291597,1.9666434833847148,1.9645591646177643,1.9666434833847164,18
collusion,true,False,-0.0019565276560703873,0.6674393499359252,0.010580878428918972,-0.013795516433132704,-0.015650979609668214,15
collusion,true,False,-0.004966057295989122,0.02573987131674312,-0.025151767770733358,0.025751403458517785,-0.025151767770733024,21
collusion,true,True,0.773824250868972,1.1440472481348711,2.0314660044496247,0.022783411082539118,0.02486772984949115,19
collusion,true,False,-0.15930054254673334,0.44071358198021787,-0.04564781380316951,-0.04773213257012188,-0.04564781380316907,16
collusion,true,True,0.46648872577668676,0.834869544455473,0.9392810348627716,-0.008387902076350429,-0.006303583309398453,14
collusion,fabricated,False,-0.6315789473684209,0.7626027756024849,-1.0,-0.0020843187669523644,-1.0,19
collusion,fabricated,False,-1.7073633724554291,1.1202347477251244,-3.8175561735015666,0.0035452862167133503,-1.9949438760706335,17
collusion,fabricated,False,-0.5713293181539547,0.4949864528669158,-1.0,0.0,-1.0,21
collusion,fabricated,False,-1.2650654157595405,0.9681873033426185,-2.015019931309034,-0.01653076902168671,-2.015019931309033,16
collusion,true,False,0.016709230301884856,0.011783751294060016,0.031480944295495306,0.0073090486695885915,0.007309048669586815,18
collusion,true,False,0.01395172180759694,0.0015824136465331729,0.01570114591715921,0.012520374808863366,0.01570114591715921,20
collusion,true,True,0.9907677070811409,0.0,0.9907677070811385,0.9907677070811403,0.9907677070811403,14
collusion,true,False,0.0125454948352076,0.0006021973941493074,0.012023976593781072,0.013240852490442379,0.012023976593782848,14
collusion,true,True,0.41138641474719534,0.47406010479051613,0.9587838729729281,0.0008383210778948325,0.0008383210778948325,14
collusion,true,True,0.44241101129806015,0.47421254405196256,0.9725967534397082,0.01826241758474012,0.97259675343971,18
collusion,true,True,0.6412290468847798,1.2493522047639685,3.0335563828371193,-0.01122386292040467,-0.01122386292040467,14
collusion,true,False,0.057495699891498955,0.012085947812952615,0.06958164770445308,0.04540975207854636,0.0695816477044513,14
collusion,true,False,0.0056149317368395,0.0015240900897898922,0.006750921418372968,0.003570150310077125,0.003570150310078901,14
collusion,true,True,0.5793538474790179,0.45054733791035806,0.9355427928595805,0.009451534870114742,0.9355427928595823,13
collusion,true,False,-0.018465893387991865,0.0006070843583372589,-0.019033768806433926,-0.01781689290977262,-0.01781689290977262,15
collusion,true,True,0.4691063501626811,0.47755359423268634,0.9849231857984666,0.026977633903435105,0.9849231857984684,13
collusion,true,True,0.9319236132949192,1.3560287238203461,3.146309246573118,0.10152900081559402,3.146309246573118,11
collusion,true,True,0.46395557288893574,0.463045628994734,0.9270012018836677,0.0009099438942019589,0.0009099438942019589,16
collusion,true,True,0.9517709787984222,1.0536712127723509e-08,0.9517709787984217,0.9517709787984217,0.9517709787984234,15
collusion,true,True,0.5982747281756787,0.46428771547781605,0.9653263958122036,0.010992059957235512,0.010992059957235512,13
collusion,honest_fp,False,0.0,0.0,0.0,0.0,0.0,21
collusion,fabricated,False,-1.0666666666666667,0.9977753031397177,-2.0,0.0,-2.0,15
collusion,fabricated,False,-0.7815609756059594,0.5896552739528039,-1.2272984653593255,-0.0015203685375695386,-1.2272984653593255,11
collusion,fabricated,False,-0.9986305715530458,1.0015636980006781,-2.000194269553724,0.002933126447631551,-2.000194269553724,18
collusion,fabricated,False,-1.0,1.0,-2.0,0.0,-2.0,16
collusion,fabricated,False,-0.4275019656039717,0.5846588893982647,-1.224257728538113,0.0015203682836428811,-1.224257728538113,20
collusion,fabricated,False,-1.1296948401890239,0.9937081751624972,-2.0060630759396147,-0.00293567993826116,-2.0060630759396165,16
collusion,true,False,-0.048859780019499637,0.030558008393279348,-0.08370127022948992,-0.02205863370412331,-0.08370127022948903,23
collusion,true,True,0.9683380113519842,1.4901161193847656e-08,0.9683380113519853,0.9683380113519817,0.9683380113519835,20
collusion,true,False,-1.1173374637973292,1.2487726182706336,-2.513507695244094,-0.0004012786399165691,-2.513507695244095,18
collusion,true,True,0.3765111796937472,0.45483733567007917,0.9518399579337462,0.016930693293748078,0.9518399579337462,13
collusion,true,True,4.652637156383697,0.0,4.6526371563836975,4.652637156383694,4.6526371563836975,19
collusion,true,True,1.479235952028264,0.8500219998176305,1.9699963824400761,0.006954660792825251,0.006954660792825251,16
collusion,true,False,-0.08087336208862815,1.6130980174698654e-09,-0.08087336208862794,-0.08087336208862794,-0.08087336208862794,17
collusion,true,False,-0.10554779230188564,0.022972854263838535,-0.11582156505611252,-0.05417892853074591,-0.1158215650561134,12
collusion,true,True,0.4414183792571832,0.4529056720502415,0.8943240513074251,-0.011487292793059822,-0.011487292793058046,16
collusion,true,False,-1.3396839975877721,1.2537577583248016,-2.5124669920030556,0.0006394246011254268,-2.5124669920030556,15
collusion,true,True,3.1173296915406787,0.0,3.1173296915406805,3.1173296915406787,3.1173296915406787,12
collusion,honest_fp,False,0.0,0.0,0.0,0.0,0.0,16
collusion,true,True,0.43964381232070054,0.45212141921587207,0.9191909944915437,0.01337965039106237,0.9191909944915437,17
collusion,true,True,0.8966556989980778,0.0,0.8966556989980781,0.8966556989980781,0.8966556989980781,16
collusion,true,True,0.3434328093753824,0.454837335670079,0.9187615876153821,-0.01614767702461961,-0.016147677024616947,13
collusion,true,True,0.8891642305900085,1.0536712127723509e-08,0.8891642305900085,0.8891642305900085,0.8891642305900085,19
collusion,true,True,1.2468039315036885,0.9469249770321007,1.9700298289526756,0.006988107305424762,1.9700298289526756,19
collusion,fabricated,False,-2.8753246361933145,1.8222495828669398,-4.0278164656235695,0.005904937382322117,-4.027816465623568,14
collusion,fabricated,False,-1.7991776802167148,0.998657165147508,-2.3531330056857698,0.001177127557710378,-2.353133005685768,17
collusion,fabricated,False,-0.5,0.5,-1.0,0.0,-0.9999999999999991,16
collusion,fabricated,False,-0.004253260026481781,0.004941809067281155,-2.7498912723434685,-0.002441468566150462,-2.7498912723434685,17
collusion,fabricated,False,0.00749379262132237,0.003234478895320234,-2.729193426835611,0.004334484309971742,-2.7291934268356117,15
collusion,fabricated,False,-2.022766619145415,2.016860701502944,-4.039627320648357,-0.00590591764246895,-4.039627320648359,20
collusion,fabricated,False,-1.3319223009746473,1.16709850303743,-2.355535402384856,-0.0012252691413756622,-2.355535402384855,23
collusion,fabricated,False,-0.4444444444444444,0.49690399499995325,-1.0,0.0,-0.9999999999999991,18
collusion,fabricated,False,-0.007601722386032628,0.004096021301312537,-2.7548298058880647,-0.004153511694823919,-2.7548298058880647,16
collusion,fabricated,False,0.002785173122322515,0.004570004544214164,-2.7367899568405,0.0019456238870461107,-2.736789956840499,16
collusion,true,False,-0.06850057301790236,0.02102146133503664,-0.08566452432406457,-0.04275464605865942,-0.0856645243240639,20
collusion,true,True,0.5957149884670474,0.467928415274268,0.9581707803819413,-0.008377998057774505,-0.008377998057775393,16
collusion,true,False,-1.1437100159070732,1.327650122738486,-2.676748327412483,0.006068717721984029,-2.6767483274124837,14
collusion,true,True,0.1872916725394597,0.36275726494737653,0.9126978359561431,0.006006843740122392,-0.004958853389129603,10
collusion,true,True,1.4559765054520075,2.123285641547477,4.813185880662944,0.1130927553676333,4.813185880662944,14
collusion,true,True,1.9589599889314762,5.1619136559035694e-08,1.9589599889314773,1.9589599889314773,1.9589599889314773,21
collusion,honest_fp,False,0.0,0.0,0.0,0.0,0.0,14
collusion,honest_fp,False,-3.837288075564365,0.0,-3.8372880755643646,-3.8372880755643646,-3.8372880755643646,17
collusion,true,False,-0.023409069176055904,0.0,-0.023409069176056008,-0.023409069176056008,-0.023409069176056008,17
collusion,true,False,-0.07023437532384538,0.021021461335036268,-0.0873983266300069,-0.04448844836460353,-0.08739832663000713,20
collusion,true,True,0.6394757477086443,0.4679284152742677,1.0019315396235378,0.035382761183822,1.0019315396235378,16
collusion,true,True,-0.6470524336714433,0.4669057431754185,-1.0,-0.02939419259646847,-0.02939419259646825,11
collusion,true,False,-1.1547819871262952,1.327650122738486,-2.6878202986317046,-0.005003253497237736,-2.6878202986317046,14
collusion,true,True,0.16268157067159716,0.3393624862455346,0.9208280817042578,-0.005477836362715038,-0.01644353349196659,12
collusion,true,True,1.281193254498574,2.1232856415474783,4.638402629709512,-0.06169049558580042,-0.0616904955858002,14
collusion,honest_fp,False,0.0,0.0,0.0,0.0,0.0,16
collusion,honest_fp,False,0.0,0.0,0.0,0.0,0.0,16
collusion,honest_fp,False,0.0,0.0,0.0,0.0,0.0,13
collusion,true,True,1.477844873975479,0.4814965476496506,0.9318791073109924,1.902484914714524,0.9318791073109933,16
collusion,true,True,0.9199227996847448,1.8250120749944284e-08,0.9199227996847448,0.9199227996847448,0.9199227996847443,17
collusion,true,True,0.13484055457182775,0.3000176292143284,0.9558660002592649,0.01146181912309352,0.9558660002592649,17
collusion,true,True,0.8882937248233638,1.4901161193847656e-08,0.8882937248233649,0.8882937248233649,0.8882937248233642,11
collusion,true,True,-2.0,0.0,-2.0,-2.0,-1.9999999999999998,15
collusion,honest_fp,False,0.0,0.0,0.0,0.0,0.0,14
collusion,honest_fp,False,0.0,0.0,0.0,0.0,0.0,17
collusion,true,True,-0.21179035272128033,0.43077650042652366,-1.0733376719531336,0.0015293389613724173,-1.0733376719531345,10
collusion,true,False,-0.04589609406439363,0.003517498217884463,-0.04910711593092465,-0.042042867824555685,-0.04910711593092554,22
collusion,true,False,-0.07514884162033511,0.0,-0.07514884162033297,-0.07514884162033653,-0.07514884162033475,15
collusion,true,True,-0.14855203626667296,0.36805404370917255,-1.086885908189723,-0.0028597494903372933,-1.0868859081897222,15
collusion,true,False,-1.6037879257086212,1.4119601700839743,-2.8490197494321734,-0.002775580921195342,-2.8490197494321725,16
collusion,true,True,0.3971265740853642,0.4624751578631151,0.9311468878569329,-0.0033886612433136065,-0.00338866124331183,14
collusion,true,True,2.109909675594625,2.3813505052955364,4.7185484537480065,-0.06395597286652688,-0.0639559728665251,11
collusion,true,False,-0.019614183251982747,0.0032002240185127293,-0.023439182555186733,-0.016936683739739777,-0.016936683739738,17
collusion,honest_fp,False,0.0,0.0,0.0,0.0,0.0,14
collusion,true,True,-0.09329833269923653,0.30900370651813014,-1.0704367999494124,0.003453611462042261,-1.0704367999494124,22
collusion,true,False,-0.03295378404571678,0.00321879003170075,-0.03503150407700062,-0.02796725597063343,-0.035031504077002396,17
collusion,true,True,-0.13896976426856478,0.3583652322205619,-1.0870873830711272,-0.0024628414190388526,-1.0870873830711263,16
collusion,true,True,0.3526605305174221,0.449367509275634,0.9327914904345036,0.00458195456717192,0.9327914904345027,16
collusion,true,False,-1.9672351232224599,1.313651154697373,-2.843002559687374,0.0032416088236004725,-2.843002559687376,13
collusion,true,True,0.40765586317575436,0.46247515786311466,0.9416761769473236,0.007140627847075365,0.941676176947321,14
collusion,true,True,1.541344845776686,2.2167501308241873,4.829316639074177,0.046812212459641955,4.829316639074177,16
collusion,true,False,0.044255669632157595,0.003127999048394685,0.041891124608358865,0.04839362342380582,0.041891124608358865,11
collusion,true,True,0.39367359476922176,0.45934459319775384,0.9240790438362669,-0.004130492031062971,-0.004130492031061195,14
collusion,true,True,0.8871945468301552,1.0536712127723509e-08,0.8871945468301554,0.8871945468301554,0.8871945468301554,13
collusion,true,True,0.8751531980570764,0.0,0.8751531980570775,0.8751531980570739,0.8751531980570757,16
collusion,honest_fp,False,-1.0,1.4901161193847656e-08,-1.0,-1.0,-1.0,19
collusion,fabricated,False,-2.080410417726587,2.961913198622305,-6.269188233790125,0.013978490305184721,-6.269188233790128,18
collusion,fabricated,False,-0.9297911803192208,1.2050774395500758,-2.485539465075126,0.0036577905343229133,-2.485539465075127,16
collusion,fabricated,False,-3.939108555933861,3.227615785599584,-6.574445809424276,0.013897324301765934,-6.5744458094242795,20
collusion,fabricated,False,-3.155575618959503,3.141583362047654,-6.297158981007158,-0.013992256911848244,-6.2971589810071595,12
collusion,fabricated,False,-1.0704569595389717,1.23183317622188,-2.4928553913158,-0.003658135706348986,-2.4928553913158,14
collusion,fabricated,False,-4.174956717991634,3.1780611699623327,-6.602241030417019,-0.013897896690973965,-6.602241030417021,19
collusion,true,True,-2.0,0.0,-2.0,-2.0,-1.9999999999999996,15
collusion,true,True,0.4653959518359094,0.7964417967830353,1.9191559524658732,0.00699824810534011,1.9191559524658706,13
collusion,true,True,-2.0,0.0,-2.0,-2.0,-1.9999999999999996,18
collusion,true,True,0.4406721614310732,0.7962297900839104,1.89401807598124,-0.01674263702552281,-0.016742637025523255,13
collusion,true,True,0.9101928232070227,0.0,0.9101928232070229,0.9101928232070229,0.9101928232070233,17
collusion,true,True,0.49185235021373813,0.45378011039014027,0.9456324606038784,0.038072239823598863,0.9456324606038775,18
collusion,true,True,1.182796556006989,1.0608944376400742,2.1015580897368995,-0.04221882229956009,-0.04221882229955831,21
collusion,true,True,-1.337719647542501,0.0,-1.3377196475424995,-1.337719647542503,-1.3377196475425017,13
collusion,true,True,0.7144521128000522,0.9394790095506944,1.892151377301449,-0.034992873700836924,-0.03499287370083559,18
collusion,honest_fp,False,0.0,0.0,0.0,0.0,0.0,20
collusion,true,True,1.7063112460312562,0.0,1.706311246031257,1.7063112460312553,1.706311246031257,18
collusion,true,True,1.9263514326571347,0.0,1.9263514326571354,1.9263514326571354,1.9263514326571336,12
collusion,true,True,0.4648834581157868,0.7896814894660229,1.9066294492851785,0.03034241895637635,0.03613523074917868,13
collusion,true,True,2.8814286374958007,0.0,2.8814286374958034,2.881428637495798,2.8814286374958034,18
collusion,true,True,0.5716235739769469,0.4446118903518669,0.9346476622890592,0.02708744150877962,0.02708744150877873,15
collusion,true,True,1.4689938763476897,1.0105861279014245,2.1835861803598426,0.03980926832338483,2.1835861803598426,18
collusion,true,True,1.3971489029024904,0.8831284405316949,1.9752921782031763,0.04814792720089045,1.9752921782031745,10
collusion,honest_fp,False,-0.9999999999999999,0.0,-1.0,-1.0,-1.0000000000000004,16
collusion,fabricated,False,-2.3302838503250833,2.5784123891360125,-5.1808260001810815,0.0019779086480049557,-5.18082600018108,20
collusion,fabricated,False,-0.33333333333333315,0.4714045207910314,-1.0,0.0,-1.0000000000000004,18
collusion,fabricated,False,-1.7107292669019198,2.0278375895377527,-4.110099060276671,0.0031062997943287485,-4.110099060276671,12
collusion,fabricated,False,-2.593381095079835,2.591401954414543,-5.184783049494378,-0.001979140665291368,-5.18478304949438,18
collusion,fabricated,False,-0.39999999999999974,0.4898979485566353,-1.0,0.0,-1.0000000000000004,15
collusion,fabricated,False,-1.7169502078280547,2.027837589537753,-4.116320001202805,-0.0031146411318054845,-4.116320001202807,12
collusion,true,True,0.43676951968842015,0.4629594624439716,0.927812182651337,0.0002871526102694588,0.9278121826513352,17
collusion,honest_fp,False,0.0,0.0,0.0,0.0,0.0,14
collusion,honest_fp,False,0.0,0.0,0.0,0.0,0.0,13
collusion,true,True,0.5081984301681666,0.4673567064553262,0.9309384770505069,-0.008483849354696815,-0.008483849354695039,20
collusion,true,True,0.411936995439512,0.46089089288985646,0.9272286787956574,-0.00029635124540661195,-0.0002963512454048356,18
collusion,true,True,0.5971908822540626,0.4317298132752813,0.9024699608614135,-0.013367274960646824,-0.013367274960645048,12
collusion,true,True,-1.322815072346046,1.4901161193847656e-08,-1.322815072346046,-1.322815072346046,-1.322815072346046,13
collusion,true,True,-2.0,2.9802322387695312e-08,-2.0,-2.0,-2.0,23
collusion,honest_fp,False,0.0,0.0,0.0,0.0,0.0,14
collusion,true,True,0.6537993130206832,0.43543390223938483,0.9473687900223062,0.007946463617106048,0.9473687900223098,16
collusion,true,True,2.874990485638815,0.0,2.874990485638813,2.8749904856388113,2.874990485638813,18
collusion,true,True,0.40686548410150397,0.4521744636139921,0.9370870416826946,0.021249805860634297,0.9370870416826964,19
collusion,true,True,1.2703881747028145,2.9802322387695312e-08,1.2703881747028127,1.2703881747028163,1.2703881747028127,19
collusion,true,True,1.9049280590786934,0.0,1.9049280590786921,1.9049280590786921,1.904928059078694,20
collusion,fabricated,False,-0.9071759252107873,1.0450973986389394,-2.1139504540779264,-0.0020950285604328656,-2.1139504540779264,14
collusion,fabricated,False,-2.2776361258218927,2.5435864236061456,-5.12145220073635,-0.00258326589032265,-5.121452200736352,18
collusion,fabricated,False,-0.7898556733211441,1.0223976115783786,-2.109765314269577,0.0020901112479165818,-2.109765314269577,16
collusion,fabricated,False,-2.7274977104493447,2.5537405015992394,-5.116303213377492,0.0025657214685388396,-5.11630321337749,15
collusion,honest_fp,False,0.0,0.0,0.0,0.0,0.0,15
collusion,honest_fp,False,0.0,0.0,0.0,0.0,0.0,17
collusion,true,True,0.5574548265181609,0.46272633943963903,0.935269300575829,-0.009266884568340572,-0.009266884568340572,15
collusion,true,True,0.9491889728570698,1.0536712127723509e-08,0.9491889728570726,0.9491889728570708,0.9491889728570699,14
collusion,true,True,0.5691099134015225,0.41776793429683495,0.8804957467039856,0.00861541345708794,0.008615413457088827,14
collusion,true,False,0.11084895329325602,2.5741654601303017,2.212646250231895,-3.041846992114703,-3.041846992114703,15
collusion,true,True,1.891979234903238,0.0,1.8919792349032392,1.8919792349032374,1.8919792349032392,12
collusion,honest_fp,False,0.0,0.0,0.0,0.0,0.0,16
collusion,true,True,1.5978892631111796,2.9802322387695312e-08,1.5978892631111812,1.5978892631111794,1.5978892631111794,14
collusion,true,True,0.45773630546845073,0.4716135280266426,0.9548606134390667,0.010324428294897103,0.9548606134390676,19
collusion,true,True,1.9167248721470402,2.1073424255447017e-08,1.9167248721470411,1.9167248721470411,1.9167248721470393,15
collusion,true,True,0.5192759153390798,0.4351852913096944,0.929572542749387,0.05769220950248766,0.9295725427493844,17
collusion,true,False,0.04961774546492026,2.6066404471722264,2.348458538991558,-2.9060347033550418,2.348458538991558,16
collusion,true,True,1.1730105021848458,1.4901161193847656e-08,1.173010502184848,1.1730105021848463,1.1730105021848463,17
collusion,honest_fp,False,0.0,0.0,0.0,0.0,0.0,19
collusion,fabricated,False,-0.6332312618120067,0.9366667052519807,-2.0119673205181208,0.0031084575908142398,-2.01196732051812,19
collusion,fabricated,False,-1.1882545728532397,0.650569389657758,-1.5445861027911612,-0.0004828063935011784,-1.544586102791162,13
collusion,fabricated,False,-0.9331438701945689,1.0045525850435741,-2.018184673791687,-0.003108895682753854,-2.018184673791689,13
collusion,fabricated,False,-0.8573531232360229,0.7672710966725949,-1.5436212549683184,0.0004820414293433828,-1.5436212549683166,18
collusion,true,True,0.32975278433642835,0.44124035144730506,0.9792409957626038,0.0299889944474252,0.9792409957626047,19
collusion,honest_fp,False,-1.0,0.0,-1.0,-1.0,-1.0,14
collusion,honest_fp,False,-2.003666702954022,5.1619136559035694e-08,-2.003666702954021,-2.003666702954023,-2.003666702954023,18
collusion,true,True,0.5741241197672824,0.4651181965422046,0.9538915369712626,0.004472993961313065,0.9538915369712635,10
collusion,true,True,-2.0,2.9802322387695312e-08,-2.0,-2.0,-2.0,15
collusion,true,True,0.5518904650350479,0.46503660810758746,0.9315912655611207,-0.017660735754059687,-0.017660735754059687,10
collusion,true,True,0.3968347989438423,0.4603354456279485,0.8850942717799217,-0.03717362135489566,-0.03717362135489566,17
collusion,true,False,-0.09832581892821374,0.01191266028120565,-0.08500705983739465,-0.10898082620086846,-0.10898082620086846,18
collusion,true,True,0.5634759155490106,0.49870904301980046,0.9953706159011837,-0.012383684920553861,-0.01238368492055475,21
collusion,honest_fp,False,0.0,0.0,0.0,0.0,0.0,16
collusion,true,True,0.557544032448689,1.2704484322851182,1.4897983116298246,-1.173785343173419,-1.173785343173419,20
collusion,true,True,0.2811735777760355,0.4350782339537787,0.945766557883001,-0.0036519851269485315,-0.003651985126950308,20
collusion,true,True,1.9034444859001491,2.1073424255447017e-08,1.903444485900149,1.9034444859001507,1.903444485900149,11
collusion,true,True,1.876048810430329,1.1930276643988231,2.6159331589867847,-0.047650495816457195,2.6159331589867847,18
collusion,true,True,0.4650416512697079,0.46033544562794815,0.9533011241057885,0.031033230970971104,0.9533011241057885,17
collusion,true,False,0.019129919622205862,0.011960216000357937,0.030317677258492992,0.006343910895020954,0.03031767725849388,15
collusion,true,True,0.6990775393240292,0.4861168805718859,1.0703554396267734,0.06260113880503759,1.0703554396267743,19
collusion,true,True,1.9345273122076219,5.5755039852469285e-08,1.9345273122076225,1.9345273122076225,1.9345273122076243,19
collusion,true,False,-0.03357356326013323,0.020826710631562793,-0.05333151578962614,-0.011620282671806592,-0.05333151578962769,19
collusion,true,True,0.7959372100043363,0.9329129079452053,1.8898745614965602,0.00034640891908210847,0.0003464089190827746,19
collusion,true,True,1.033629690004326,0.950019140377737,1.9222912235470737,0.018016508812614518,1.9222912235470733,15
collusion,true,True,1.9344478471936808,0.0,1.934447847193681,1.934447847193681,1.934447847193681,15
collusion,true,False,0.4004747418153453,0.47468384277175285,0.9485924306238207,-0.010613524791010853,-0.010613524791010631,14
collusion,true,True,0.19267505427508852,0.3593511605040317,0.939927205857849,0.008822400419362886,0.008822400419362886,16
collusion,honest_fp,False,-2.0,2.9802322387695312e-08,-2.0,-2.0,-2.0,17
collusion,true,False,0.012753146678129755,0.020726478372620184,-0.005785179152011821,0.03592605396580861,-0.005785179152012931,18
collusion,true,False,-0.058306477017121515,0.0,-0.058306477017120883,-0.05830647701712177,-0.05830647701712133,12
collusion,true,False,2.8129417518318554,0.0,2.812941751831856,2.812941751831854,2.812941751831856,17
collusion,true,True,-2.0,2.9802322387695312e-08,-2.0,-2.0,-2.0,19
collusion,true,True,0.18282776057617256,0.346966734127167,0.9320407033927758,0.015987818242329865,0.013475531176199596,17
collusion,true,True,1.046757193937711,0.9426622626145118,1.9285369984738683,0.03900884589638931,1.9285369984738665,15
collusion,true,True,1.0083796029494358,0.9500191403777369,1.8970411364921844,-0.007233578242275662,-0.007233578242275218,15
collusion,true,False,0.5374219686117022,0.4776170355218163,0.9734246756184444,0.014218720203611923,0.9734246756184439,11
collusion,true,True,0.2547290106454955,0.4026597281416288,0.951917382124245,-0.005614016735967731,0.9519173821242437,12
collusion,honest_fp,False,0.0,0.0,0.0,0.0,0.0,16
collusion,honest_fp,False,0.0,0.0,0.0,0.0,0.0,18
collusion,honest_fp,False,-1.0,0.0,-1.0,-1.0,-1.0000000000000002,16
collusion,true,True,0.7910525923069487,0.941728076414283,1.8953266450773878,-0.012055809707915088,-0.012055809707915977,19
collusion,true,True,1.919109775457908,3.650024149988857e-08,1.9191097754579083,1.91910977545791,1.9191097754579083,13
collusion,true,True,1.9258381208525388,0.0,1.9258381208525392,1.9258381208525392,1.9258381208525375,19
collusion,true,True,1.5311318637914775,0.46761402029617744,0.8979794872194198,1.8764877055580556,0.8979794872194189,17
collusion,true,True,0.4848298606116193,0.4494324332274169,0.934262293839037,0.03539742738420237,0.9342622938390361,14
collusion,true,False,2.793530111303058,0.0,2.7935301113030597,2.7935301113030597,2.7935301113030597,15
collusion,true,False,-0.05531639583045362,6.585445079827193e-10,-0.05531639583045411,-0.055316395830452336,-0.05531639583045367,18
collusion,true,True,1.0405050776022011,0.9515695535133925,1.9306168898353437,0.023234435050040858,1.9306168898353437,15
collusion,true,True,-2.0,0.0,-2.0,-2.0,-2.0000000000000004,18
collusion,true,True,-0.4731109593561189,0.48780446417798184,-1.0,-0.021491781661362452,-0.02149178166136334,13
collusion,true,True,1.053082122505388,0.0,1.053082122505387,1.0530821225053906,1.0530821225053888,16
collusion,true,True,0.39383798323013364,0.44590741854239546,0.8994494706109784,0.000584604156145474,0.0005846041561441417,16
collusion,fabricated,False,-0.8212468939954171,0.9078706006682691,-1.8249356075324918,-4.7037465082055974e-05,-1.824935607532494,20
collusion,fabricated,False,-1.2999999999999998,0.9539392014169454,-2.0,0.0,-2.0000000000000004,20
collusion,fabricated,False,-0.28243936750655435,0.47344485994817503,-1.0746641456798791,0.0004980532696325923,-1.0746641456798778,19
collusion,fabricated,False,-1.173135660771594,0.8744089058642391,-1.8248815786528105,6.991414599255563e-06,-1.8248815786528128,14
collusion,fabricated,False,-1.2999999999999998,0.9539392014169454,-2.0,0.0,-2.0000000000000004,20
collusion,fabricated,False,-0.4484833010796862,0.5300621123965106,-1.0756612504669008,-0.000499051517390825,-1.0756612504669012,12
collusion,true,True,1.8805055987019936,0.0,1.880505598701994,1.8805055987019923,1.8805055987019923,13
collusion,true,True,0.942585424988863,0.9684517384281577,1.9110371634170207,-0.025866313439294686,-0.025866313439294908,22
collusion,true,True,0.9464358386491318,0.9495727966138098,1.8960086352629428,-0.0031369579646796097,-0.0031369579646791657,18
collusion,true,False,0.04256926055313721,6.585445079827193e-10,0.04256926055313848,0.0425692605531367,0.04256926055313737,14
collusion,true,True,0.9171202296381763,0.0,0.9171202296381775,0.9171202296381757,0.9171202296381762,15
collusion,true,True,1.3383043295610415,0.4995892997437789,0.8864088050538115,1.8906210817365459,0.8864088050538113,20
collusion,honest_fp,False,0.0,0.0,0.0,0.0,0.0,19
collusion,true,False,1.276038334582579,0.0,1.27603833458258,1.2760383345825783,1.2760383345825792,19
collusion,true,True,-0.6455721376413878,0.47989759424573214,-1.0,0.004212276682734384,0.004212276682734384,17
collusion,honest_fp,False,-3.478424329953974,0.0,-3.478424329953974,-3.478424329953974,-3.478424329953973,15
collusion,true,True,1.2720724448993845,0.9256163665913895,1.9556854367310272,0.018781959874710097,1.9556854367310272,17
collusion,true,True,1.3390270967816944,0.8765287353358255,1.923379587005579,0.024233993777956542,1.9233795870055772,13
collusion,fabricated,False,-0.9353586220180055,1.2666104329511712,-2.650357255519321,9.517807362158237e-05,-2.650357255519321,17
collusion,fabricated,False,-2.115840443945547,2.7773693465873377,-5.752270519255978,0.00541043331887181,-5.752270519255979,19
collusion,fabricated,False,-1.223409381930059,1.3212996119676876,-2.6505760769416433,-0.00012364334870085258,-2.6505760769416433,13
collusion,fabricated,False,-3.105738446062833,2.870310559830736,-5.763129654943532,-0.005448702368681779,-5.763129654943533,13
collusion,true,False,0.11084550478275951,1.720947444265342,2.2573556667294525,-0.011465987995698868,-0.01146598799569798,18
collusion,true,True,0.704104216622949,0.9141858028846962,1.9010543997581202,0.00588327646076614,0.005883276460765252,19
collusion,true,True,1.9077996736256257,0.0,1.9077996736256253,1.9077996736256253,1.9077996736256253,19
collusion,true,True,0.8410800494006432,0.9423060717029759,1.8946102653699626,-0.0017441233748147766,-0.0017441233748147766,18
collusion,true,False,-0.04668161636357995,0.0019733012813895673,-0.04865491764497065,-0.04470831508218964,-0.04470831508218964,18
collusion,true,True,0.8970251573709366,1.4901161193847656e-08,0.8970251573709334,0.8970251573709369,0.8970251573709369,15
collusion,true,False,1.4571996117961268,0.7789204851950925,1.8720995582631907,1.868982967586362,1.8720995582631925,18
collusion,honest_fp,False,-1.0,0.0,-1.0,-1.0,-1.0,17
collusion,honest_fp,False,0.0,0.0,0.0,0.0,0.0,16
collusion,true,False,-0.598098856512929,2.139021282508784,2.32161723334152,0.054571925622479256,2.32161723334152,20
collusion,true,False,-3.5767372041256107,1.0323827311807139e-07,-3.5767372041256102,-3.576737204125612,-3.576737204125611,21
collusion,true,False,0.07562427424115321,0.001963409984608849,0.07345364283162326,0.07740024539440427,0.07345364283162414,20
collusion,true,False,-0.29097868800667714,0.6742127288025519,0.0,-0.012841275853473277,-0.01284127585347239,13
collusion,honest_fp,False,0.0,0.0,0.0,0.0,0.0,19
collusion,true,False,0.8723800876391331,1.1592337808525965,2.294756124971993,3.0734281370553607,0.027042136727165378,17
collusion,true,True,1.0472256278804086,0.9447778945538852,1.9219199924791859,0.026748869181831836,1.9219199924791859,13
collusion,true,True,1.5385420717625047,0.7585417554979123,1.9178129495114575,0.02145856076668018,1.917812949511461,10
collusion,true,True,1.0769060166103572,0.0,1.0769060166103586,1.076906016610355,1.0769060166103568,18
collusion,true,False,0.43279986716249014,0.7866372789960021,0.0,1.868982967586362,0.009724685176642822,13
collusion,honest_fp,False,0.0,0.0,0.0,0.0,0.0,16
collusion,fabricated,False,-0.5789473684210524,0.4937279747182555,-1.0,0.0,-1.0,19
collusion,fabricated,False,-0.5789473684210524,0.4937279747182555,-1.0,0.0,-1.0,19
collusion,true,True,0.32695783098972553,0.4299196875397514,0.9597824763359704,0.03488491775299707,0.9597824763359708,19
collusion,true,True,-0.9392638279381615,0.9914406490566066,0.8708508651147264,-1.482298235854028,-1.482298235854028,13
collusion,honest_fp,False,0.0,0.0,0.0,0.0,0.0,15
collusion,honest_fp,False,0.0,0.0,0.0,0.0,0.0,16
collusion,honest_fp,False,-2.082413561265794,0.0,-2.0824135612657937,-2.082413561265793,-2.0824135612657932,18
collusion,true,True,0.577321823505117,0.45310541657483977,0.9472808469383063,0.022383288355332986,0.02238328835533271,10
collusion,true,True,0.520226354340221,0.4587994308744997,0.949393924235034,0.029749131603292067,0.949393924235034,15
collusion,true,True,1.9487138179668264,0.0,1.948713817966826,1.9487138179668264,1.948713817966826,12
collusion,honest_fp,False,0.0,0.0,0.0,0.0,0.0,17
collusion,true,False,-0.03218610269117692,0.0,-0.03218610269117672,-0.03218610269117672,-0.03218610269117689,14
collusion,true,True,0.5128716553484817,0.45510614450123477,0.9070051379049424,-0.01263965472679951,-0.012639654726799732,14
collusion,true,False,-0.026834123097439516,0.0,-0.02683412309743982,-0.026834123097439377,-0.026834123097439544,16
collusion,true,True,-0.9058471607570422,0.9914406490566067,0.9042675322958456,-1.4488815686729084,0.9042675322958458,13
collusion,honest_fp,False,0.0,0.0,0.0,0.0,0.0,18
collusion,true,True,0.47668263559588453,0.43117566718616185,0.8666957010834269,0.0,0.866695701083426,20
collusion,true,False,0.006687902236714511,0.005413580826027165,0.0012743214106878398,0.012101483062739504,0.0012743214106869516,18
collusion,true,True,-1.0,0.0,-1.0,-1.0,-1.0,17
collusion,true,False,-0.30473638061713615,0.0,-0.30473638061713615,-0.30473638061713615,-0.30473638061713615,12
collusion,honest_fp,False,-2.0000000000000004,0.0,-2.0,-2.0,-2.0,13
collusion,honest_fp,False,-2.913564577023993,7.300048299977713e-08,-2.913564577023994,-2.913564577023994,-2.913564577023995,16
collusion,true,True,-1.3900130654875418,0.4311756671861628,-1.0,-1.866695701083426,-1.866695701083426,20
collusion,true,True,1.2608278114538107,0.49067062097037273,0.869408063730666,1.8759159864473247,0.869408063730666,18
collusion,true,False,-0.01529335493286943,0.005371120713006003,-0.02003023815564209,-0.009203076503588647,-0.009203076503588647,16
collusion,true,True,-0.5207105129920662,0.502683054808854,-1.0,0.006507922716661341,0.006507922716661341,21
collusion,honest_fp,False,0.0,0.0,0.0,0.0,0.0,11
collusion,honest_fp,False,0.0,0.0,0.0,0.0,0.0,17
collusion,honest_fp,False,0.0,0.0,0.0,0.0,0.0,19
collusion,honest_fp,False,0.0,0.0,0.0,0.0,0.0,12
collusion,fabricated,False,-0.35136900608373134,0.8000794975624381,-2.140401150037219,0.006437422706966345,-2.140401150037219,12
collusion,fabricated,False,0.0,0.0,0.0,0.0,0.0,18
collusion,fabricated,False,-2.832415507568517,3.1418819906223394,-6.30589674039159,0.009523682923088472,-6.3058967403915895,20
collusion,fabricated,False,-0.3967730228377358,0.8280240615819613,-2.1532773096284323,-0.006438736884245344,-2.1532773096284323,11
collusion,fabricated,False,-1.0,0.0,-1.0,-1.0,-1.0,20
collusion,fabricated,False,-3.798799816133839,3.0939115096545415,-6.324967985459709,-0.00954756214503405,-6.3249679854597085,15
collusion,true,False,-0.5897665360316902,0.642967699337466,-0.07685574840171672,-1.3957692023073616,-0.07685574840171694,18
collusion,honest_fp,False,0.0,0.0,0.0,0.0,0.0,16
collusion,true,True,0.45185443885868654,0.45185443885868654,0.9037088777173725,0.0,0.9037088777173727,16
collusion,true,True,1.9174150411379336,2.1073424255447017e-08,1.9174150411379332,1.9174150411379358,1.9174150411379332,14
collusion,true,True,1.396276227905265,0.4711272061028678,0.9251490218023983,1.867403434008132,0.9251490218023979,12
collusion,true,True,-1.4518544388586863,0.45185443885868626,-1.0,-1.9037088777173707,-1.9037088777173727,16
collusion,true,False,-2.3250574464578317,0.6511844684254916,-1.7697254658659798,-3.0886389197716255,-1.7697254658659796,19
collusion,true,True,-0.4926322395815275,0.4697312705720062,-1.0,-0.05774558779426542,-0.05774558779426564,13
collusion,honest_fp,False,0.0,0.0,0.0,0.0,0.0,16
collusion,fabricated,False,-2.540314234164505,1.9567169154590949,-4.055980639527589,-0.014203558559362506,-4.055980639527589,16
collusion,fabricated,False,-3.007168354933509,2.850022726434991,-5.710937314566773,-0.0029806220076586953,-5.710937314566773,19
collusion,fabricated,False,-2.3633204566698267,1.9891725410633492,-4.0275816076567414,0.014195473311481521,-4.027581607656742,17
collusion,fabricated,False,-3.5645539136948305,2.7633526513943263,-5.7050376734044965,0.002919019154614233,-5.705037673404497,16
collusion,true,False,1.282024325976921,0.0,1.2820243259769208,1.28202432597692,1.2820243259769213,12
collusion,true,True,-0.9999999999999998,1.0536712127723509e-08,-1.0,-1.0,-1.0,19
collusion,true,True,-1.0,0.0,-1.0,-1.0,-1.0,22
collusion,true,True,1.907858561448939,0.0,1.907858561448938,1.9078585614489398,1.907858561448938,16
collusion,true,True,0.37128818634757793,0.4285867125699497,0.8835472867917575,0.012706816036653024,0.883547286791758,17
collusion,honest_fp,False,-1.0,0.0,-1.0,-1.0,-1.0,17
collusion,true,False,-3.0875699316828413,0.0,-3.0875699316828404,-3.0875699316828413,-3.0875699316828404,16
collusion,true,True,0.4345097210193383,0.43542023537755326,0.8699299563968914,-0.0009105143582139874,-0.0009105143582144315,14
collusion,fabricated,False,-1.8400660009978083,1.4646132938340186,-3.0084232277882252,-0.0040760731842972575,-3.0084232277882252,18
collusion,fabricated,False,-1.8319863727136605,1.464613293834018,-3.0003435995040766,0.004003555099851397,-3.0003435995040757,18
collusion,true,False,0.005161147928918197,0.0033021787424450566,0.009068338508589235,0.0023702975148651717,0.009068338508590124,12
collusion,true,False,0.02268631571827405,0.010985231815794813,0.03367154753406787,0.011701083902480036,0.03367154753406876,18
collusion,true,True,3.322505621047907,0.8789277786616297,1.9052771623059854,3.8675934897947997,1.9052771623059872,18
collusion,true,False,-0.007314209593891914,8.231806349783991e-11,-0.007314209593893395,-0.007314209593893395,-0.0073142095938916185,12
collusion,true,False,0.011540540810687176,0.017531675931024074,0.029927917650395486,-0.005175256316320542,-0.0051752563163214305,21
collusion,true,True,0.9471390337346988,0.0,0.9471390337346968,0.9471390337347003,0.9471390337346985,16
collusion,true,True,1.0052453787147346,0.0032556554624442744,1.001792234632651,1.0083148401210345,1.0017922346326529,17
collusion,true,False,-0.009736355494538475,0.003258625446361532,-0.005614484113785068,-0.012312525107510908,-0.012312525107509131,13
collusion,true,False,0.0017340207714465468,0.010970006261955616,0.013297422682809312,-0.008673040948782074,-0.008673040948780297,19
collusion,true,True,-0.8553154756315258,0.9674349960919043,-2.0,-0.037683672511189314,-0.03768367251118754,12
collusion,true,False,0.053193770281441725,0.017276130860249445,0.06764801838538403,0.03254484441866623,0.06764801838538403,17
collusion,true,True,0.003043882561242602,0.003254047334213076,0.0,0.006522605488378019,0.006522605488377131,15
collusion,true,True,-2.0,0.0,-2.0,-2.0,-2.0,19
collusion,honest_fp,False,-1.7677110584000564,0.0,-1.7677110584000566,-1.7677110584000566,-1.7677110584000557,14
collusion,true,True,1.882097979490901,0.0,1.8820979794909007,1.8820979794909007,1.8820979794909007,17
collusion,true,True,1.9721806946585687,5.1619136559035694e-08,1.972180694658567,1.9721806946585687,1.972180694658567,14
collusion,honest_fp,False,-2.0,0.0,-2.0,-2.0,-2.0,19
collusion,honest_fp,False,0.0,0.0,0.0,0.0,0.0,15
collusion,fabricated,False,-1.1111111111111107,0.9938079899999062,-2.0,0.0,-2.0,18
collusion,fabricated,False,-1.8975500081574819,1.3990126268758136,-2.924144614352972,0.008982831919855272,-2.924144614352973,20
collusion,fabricated,False,-0.5384615384615384,0.4985185152621431,-1.0,0.0,-1.0,13
collusion,fabricated,False,-1.1111111111111107,0.9938079899999062,-2.0,0.0,-2.0,18
collusion,fabricated,False,-2.2519926239827575,1.2441813417655803,-2.9421402583998955,-0.009012812127064507,-2.9421402583998946,17
collusion,fabricated,False,-0.4375,0.49607837082461076,-1.0,0.0,-1.0,16
collusion,true,False,0.005950130556062939,0.01031422009985315,0.025700358393992317,0.0005637047820830077,0.0005637047820830077,14
collusion,true,False,0.910378484919934,0.7490375619307681,1.5434307673371972,0.024105289535766516,1.543430767337199,12
collusion,true,False,0.03563764050313534,0.013818595442130984,0.043615810301471214,0.01170313110812593,0.0436158103014721,12
collusion,true,True,0.8925608984969537,1.0536712127723509e-08,0.8925608984969529,0.8925608984969546,0.8925608984969546,10
collusion,true,True,0.3284558437676157,0.47524096886179146,1.0646959869024943,0.021689117461416885,1.0646959869024926,17
collusion,true,False,0.020894723929684923,0.01151906178944591,0.03849038145802197,0.013353727846112662,0.03849038145802108,10
collusion,true,False,0.5758785217917036,0.7406681644758384,1.5043552026703573,-0.014970275131075184,-0.014970275131076072,18
collusion,true,False,0.0006287603589790377,0.015956339596673776,0.016585099955651827,-0.015327579237693456,-0.015327579237694344,18
collusion,true,False,0.045267026909546586,0.0,0.045267026909547425,0.045267026909547425,0.04526702690954565,19
collusion,true,True,0.3288105239088826,0.491678153470625,1.0241484368696003,-0.018858432571475348,-0.018858432571476236,15
collusion,true,True,1.9190900284313932,0.0,1.919090028431393,1.9190900284313948,1.919090028431393,15
collusion,true,True,-2.0,0.0,-1.9999999999999982,-2.0,-2.0,15
collusion,true,True,1.9902449245749294,0.0,1.9902449245749292,1.9902449245749292,1.9902449245749292,16
collusion,fabricated,False,-0.656352041104184,0.6553032149448204,-1.3116552560490025,-0.0010488261593639692,-1.3116552560490042,12
collusion,fabricated,False,-0.41282700171715164,0.6092085567714199,-1.3095577169047967,0.0010487129848399945,-1.3095577169048003,19
collusion,true,False,0.5339782296403922,0.623957458510103,1.2981669269171707,0.024519098122539162,1.2981669269171707,15
collusion,true,False,-0.0024158345710393546,0.01375532250513327,-0.029926479581305898,0.004461826681527725,-0.029926479581305898,15
collusion,true,True,1.9704777247494563,0.0,1.9704777247494558,1.970477724749454,1.9704777247494558,17
collusion,true,False,0.010475487824362806,0.00538448928728996,0.005090998537072622,0.015859977111652768,0.005090998537072622,16
collusion,true,False,0.2733571695874295,0.3962282502406226,0.959259138006658,0.032090561471243007,0.9592591380066562,16
collusion,true,True,0.41207099933828484,0.4658671999793972,0.9500081059677292,0.0086181693662013,0.9500081059677283,14
collusion,true,True,0.765498335560103,0.5125593044278854,1.1279324954813195,0.040630015717667334,1.1279324954813212,18
collusion,true,True,-1.9999999999999998,0.0,-2.0,-2.0,-2.0,22
collusion,true,False,0.577447395594241,0.6349370245775522,1.2632577649451964,-0.010390063849435194,-0.010390063849436082,13
collusion,true,False,-0.027100691208561577,0.015758701647076566,-0.05117250559254671,-0.01678419932971309,-0.051172505592545825,10
collusion,true,True,-1.9999999999999996,2.1073424255447017e-08,-2.0,-2.0,-2.0,16
collusion,true,False,-0.02767726833862061,0.005384489287289634,-0.03306175762590868,-0.022292779051330314,-0.022292779051331202,16
collusion,true,False,0.23362758265733313,0.3993820324882277,0.8958886430522792,-0.010691946816862696,-0.010691946816861808,15
collusion,true,True,0.3665572107381893,0.4611849987329497,0.9313911726991062,-0.009998763902423491,-0.009998763902421715,15
collusion,true,True,0.6363684528784537,0.5244890438768562,1.0369535770019045,-0.05034890276174764,-0.050348902761748526,19
collusion,true,True,-1.2307692307692304,0.9730085108210395,-2.0,0.0,-2.0,13
collusion,true,True,-2.4125684198003805,4.2146848510894035e-08,-2.4125684198003796,-2.412568419800383,-2.4125684198003814,14
collusion,true,True,-2.0,0.0,-2.0,-2.0,-2.0,15
collusion,true,False,0.22782966662842247,0.39190431407960297,0.9340426082155151,-0.004433400250508868,0.005747507499088478,17
collusion,true,True,1.926143877409693,0.0,1.926143877409693,1.926143877409693,1.926143877409693,16
collusion,true,True,-0.9999999999999997,0.9999999999999997,-2.0,0.0,-2.0,16
collusion,fabricated,False,-1.8178069361092255,1.6944518922830973,-3.402821545932756,-0.006361667739472665,-3.4028215459327598,15
collusion,fabricated,False,-1.6918756860622959,1.6982299390966427,-3.390105625158938,0.006354253034345447,-3.39010562515894,16
collusion,true,True,3.44413172962801,1.207234527764049,2.30594010154201,4.7245973112247555,2.30594010154201,17
collusion,true,False,-0.008791719084178798,0.008083910052086725,-0.021573503166443686,-0.003679005451274975,-0.02157350316644191,14
collusion,true,False,-0.0023493653581075098,0.001529051989859095,-0.0034305683889250815,-0.00018695929647449816,-0.003430568388923305,15
collusion,true,False,0.018797894027679025,3.2927225399135965e-10,0.01879789402767784,0.018797894027681394,0.018797894027679618,15
collusion,true,True,0.4103869985986692,0.4628824357667153,0.9531647665150818,0.015639531023094122,0.9531647665150835,19
collusion,true,True,0.5411392035956044,0.5533472023929195,1.0944864059885209,-0.012207998797315156,-0.012207998797315156,16
collusion,true,True,-1.9999999999999991,3.650024149988857e-08,-2.0000000000000036,-2.0,-2.0,18
collusion,honest_fp,False,-1.1898257216236512,2.1073424255447017e-08,-1.1898257216236523,-1.1898257216236523,-1.1898257216236523,14
collusion,true,False,-0.07746993955787573,9.313225746154785e-10,-0.07746993955787573,-0.07746993955787573,-0.07746993955787573,19
collusion,true,False,-0.010044029312762959,0.007157799086066772,-0.024359627484898283,-0.006465129769729572,-0.024359627484896507,20
collusion,true,True,-2.0,0.0,-2.0000000000000036,-2.0,-2.0,19
collusion,true,False,-0.009084459712283176,0.001621804546224586,-0.01070626425850918,-0.007462655166058596,-0.010706264258507403,20
collusion,true,True,0.5265198543598226,0.46395466892860004,0.9283163838563873,-0.009208851635598592,-0.009208851635600368,14
collusion,true,True,0.6403214957818086,0.5476716964403625,1.114619097832879,0.007924693047044684,1.1146190978328825,14
collusion,true,True,-1.5888818133741143,1.1589175575258381,-2.4526879596893814,-0.03403075000663591,-0.03403075000663591,14
collusion,true,True,1.9257075609023957,3.650024149988857e-08,1.9257075609023921,1.9257075609023957,1.9257075609023957,17
collusion,honest_fp,False,-2.0,2.9802322387695312e-08,-2.0000000000000036,-2.0,-2.0,18
collusion,honest_fp,False,0.0,0.0,0.0,0.0,0.0,13
collusion,honest_fp,False,0.0,0.0,0.0,0.0,0.0,16
collusion,honest_fp,False,0.0,0.0,0.0,0.0,0.0,18
collusion,fabricated,False,-2.1314473835652605,2.532173228566359,-5.157973270138413,-0.012879262964055727,-5.157973270138411,17
collusion,fabricated,False,-0.17343723813672252,0.6601919286340989,-2.6436442235141158,0.002939768657853392,-2.643644223514114,15
collusion,fabricated,False,-0.2241871274107249,0.7323284075924225,-2.653034454067761,0.00024572556416657676,-2.653034454067761,12
collusion,fabricated,False,-1.5527111483712512,1.5489078873779072,-3.1016190357491595,-0.0038032609933438266,-3.1016190357491578,14
collusion,fabricated,False,-2.5596767916822585,2.5725470035871782,-5.132223795269439,0.012870211904921547,-5.132223795269438,14
collusion,fabricated,False,-0.14527428624974664,0.6062789237984605,-2.6450144547305854,0.002578224371308835,-2.645014454730582,18
collusion,fabricated,False,-0.1308512546586447,0.5541509840668062,-2.6702540442266915,-0.0061844332376601585,-2.6702540442266898,22
collusion,fabricated,False,-1.4418469916701793,1.5454620368639918,-3.0940154048732786,0.0038003698825335164,-3.0940154048732786,15
collusion,true,False,-3.8394593325783815,0.0,-3.8394593325783823,-3.8394593325783815,-3.8394593325783823,14
collusion,true,False,3.1196799979190097,7.300048299977713e-08,3.11967999791901,3.119679997919011,3.11967999791901,15
collusion,true,True,0.10717913280994457,0.2694421595990151,0.9587705209609325,0.017086661540465897,0.9587705209609316,11
collusion,honest_fp,False,-1.6972125987433042,0.0,-1.6972125987433042,-1.6972125987433024,-1.697212598743306,19
collusion,true,False,-0.2023855691131716,0.0,-0.2023855691131704,-0.20238556911317218,-0.20238556911317218,20
collusion,true,True,0.0745480397783373,0.2678809289553602,0.921505142629087,-0.01168252707427797,-0.01168252707427797,11
collusion,true,True,0.38267708544283885,0.4700811619935502,0.9254800562787366,-0.024425142684084022,-0.024425142684083134,14
collusion,true,True,0.07566328477572355,0.24447126449530904,0.9568225701155164,0.0007397427537618739,0.008097493013424995,14
collusion,true,True,0.4778341745736982,0.47354532942673483,0.9893215893998324,0.03941639043701173,0.9893215893998324,13
collusion,honest_fp,False,-1.2093840592708103,0.0,-1.2093840592708105,-1.2093840592708087,-1.2093840592708105,22
collusion,true,False,0.13537355463060344,1.862645149230957e-09,0.1353735546306032,0.13537355463060052,0.1353735546306032,14
collusion,true,True,0.1689094860551928,0.3426074751295714,0.9600153363260286,0.012433719511445673,0.020229397261646298,19
collusion,honest_fp,False,0.0,0.0,0.0,0.0,0.0,14
collusion,true,False,-5.968993188121503,8.429369702178807e-08,-5.968993188121503,-5.968993188121502,-5.968993188121503,20
collusion,true,True,0.1698160916679471,0.3635728400934072,0.9266283077230346,-0.008763350995302233,-0.008763350995299568,16
collusion,true,True,0.1952288216414951,0.3566582250746769,0.9655806519961905,0.02276528350531848,0.9655806519961905,17
collusion,true,True,-0.9999999999999998,0.0,-1.0,-1.0,-1.0,16
collusion,fabricated,False,-1.1470150890053925,1.3590190475542616,-2.755028111422006,0.0015656412921885021,-2.755028111422005,12
collusion,fabricated,False,-0.9999999999999998,0.9999999999999999,-2.000000000000001,0.0,-2.0,20
collusion,fabricated,False,-1.7910560770560697,2.0290025066390047,-4.091728666524708,-0.0016440630249050514,-4.091728666524708,16
collusion,fabricated,False,-3.06389684106495,2.8431228065001233,-5.69611708144451,0.007026772711206775,-5.69611708144451,13
collusion,fabricated,False,-1.0618551458944858,1.3410945911335093,-2.758220532180144,-0.001626779465947692,-2.758220532180143,13
collusion,fabricated,False,-1.538461538461538,0.8426500884694864,-2.000000000000001,0.0,-2.0,13
collusion,fabricated,False,-2.04340388726596,2.0450423017498993,-4.088446189015863,0.0016384144839420856,-4.088446189015863,14
collusion,fabricated,False,-2.0031465186263615,2.720226246899634,-5.710190023827578,-0.007046169671859559,-5.710190023827578,20
collusion,true,False,-3.3471155953824736,0.0,-3.3471155953824745,-3.347115595382471,-3.3471155953824754,10
collusion,true,True,-1.0000000000000002,0.0,-1.0,-0.9999999999999982,-1.0000000000000009,11
collusion,true,True,0.2630842478439761,0.379638945197654,0.9206381894581703,0.04389960063924647,0.9206381894581694,16
collusion,honest_fp,False,-0.9999999999999999,0.0,-1.0,-0.9999999999999982,-1.0000000000000009,14
collusion,honest_fp,False,-2.211209214534281,0.0,-2.211209214534282,-2.2112092145342785,-2.211209214534283,10
collusion,true,False,-0.07341948113219446,0.0,-0.07341948113219487,-0.0734194811321931,-0.07341948113219576,17
collusion,true,True,0.47603149940403994,0.4727418731873654,0.9217368117795299,-0.025386977018385437,-0.025386977018385437,17
collusion,true,True,0.5036484592636802,0.47356189439895735,0.9772103536626382,0.030086564864724608,0.9772103536626382,18
collusion,true,True,0.2656543214685102,0.404648579454888,0.8726271906508423,-0.0041113981680815925,-0.004111398168082481,13
collusion,honest_fp,False,0.0,0.0,0.0,0.0,0.0,15
collusion,fabricated,False,-0.4999999999999999,0.49999999999999994,-1.0,0.0,-1.0000000000000009,20
collusion,fabricated,False,-0.7142857142857142,0.4517539514526255,-1.0,0.0,-1.0000000000000009,14
collusion,true,False,-0.08573228536019709,0.0,-0.08573228536019606,-0.08573228536019428,-0.08573228536019606,19
collusion,true,False,-6.916841115122228,1.4600096599955427e-07,-6.916841115122228,-6.916841115122228,-6.916841115122228,18
collusion,true,False,-5.9569888614636906,1.4600096599955427e-07,-5.9569888614636906,-5.956988861463692,-5.9569888614636906,15
collusion,true,True,0.2752084924259742,0.4463996399277434,0.9448079523175892,-0.02239126752585463,-0.02239126752585463,13
collusion,true,False,-3.8387642980237464,0.0,-3.8387642980237455,-3.8387642980237473,-3.8387642980237455,18
collusion,true,False,-6.052476985085619,1.1920928955078125e-07,-6.052476985085619,-6.052476985085619,-6.052476985085619,21
collusion,true,True,0.3269099143141276,0.4463996399277433,0.9965093742057416,0.029310154362299556,0.9965093742057416,13
collusion,true,True,0.9192760280232556,0.0,0.9192760280232566,0.9192760280232548,0.9192760280232566,13
collusion,honest_fp,False,-1.0000000000000004,0.0,-1.0,-1.0,-1.0,21
collusion,honest_fp,False,0.0,0.0,0.0,0.0,0.0,17
collusion,fabricated,False,-1.4262952070087154,2.1262739618338586,-4.615706149759504,-0.008779232452809538,-4.615706149759504,13
collusion,fabricated,False,-0.6666666666666666,0.9428090415820634,-2.0,0.0,-2.0,15
collusion,fabricated,False,-1.3075026305605253,2.081197438946763,-4.598164714351022,0.008762202955672649,-4.598164714351022,14
collusion,fabricated,False,-0.7692307692307693,0.9730085108210398,-2.0,0.0,-2.0,13
collusion,true,False,-0.07807963549189716,1.6130980174698654e-09,-0.078079635491898,-0.07807963549189711,-0.07807963549189711,19
collusion,true,True,0.498836607855698,0.4547563628125935,0.8793130784330216,-0.04470120725476523,-0.04470120725476434,17
collusion,true,True,-0.43366705381807064,0.4624089142242713,-1.0,-0.05611175636345056,-0.05611175636345056,15
collusion,honest_fp,False,0.0,0.0,0.0,0.0,0.0,19
collusion,true,True,0.5667740313595204,0.45914638999528945,0.9774470472207586,0.05343276153297172,0.9774470472207586,18
collusion,true,True,0.95996381484851,1.0536712127723509e-08,0.9599638148485088,0.9599638148485097,0.9599638148485097,12
collusion,true,False,0.9655830186816342,1.8250120749944284e-08,0.9655830186816328,0.9655830186816337,0.9655830186816337,15
collusion,true,True,0.9818110449587035,0.0,0.9818110449587021,0.981811044958703,0.9818110449587039,14
collusion,true,True,1.5162259185457454,0.46710354132727366,0.9768612078962882,1.9207494515328376,0.9768612078962899,14
collusion,true,True,0.9927576462404957,1.0536712127723509e-08,0.992757646240495,0.9927576462404959,0.992757646240495,15
collusion,honest_fp,False,-1.0,1.4901161193847656e-08,-1.0,-1.0,-1.0,14
collusion,fabricated,False,-0.5,0.5000000000000001,-1.0,0.0,-1.0,18
collusion,fabricated,False,-0.5625,0.49607837082461087,-1.0,0.0,-1.0,16
collusion,true,True,-1.4657279763744118,0.4657279763744117,-1.0,-1.9314559527488235,-1.9314559527488235,18
collusion,true,False,-1.0,0.0,-1.0,-1.0,-1.0,16
collusion,honest_fp,False,0.0,0.0,0.0,0.0,0.0,17
collusion,honest_fp,False,-1.0,0.0,-1.0,-1.0,-1.0,15
collusion,honest_fp,False,0.0,0.0,0.0,0.0,0.0,15
collusion,true,True,1.5024821572991955,0.4786903180156663,0.8757294096565467,1.8680879267574078,0.8757294096565476,19
collusion,true,True,0.5685442124081372,0.44482572131039017,0.8970697799804555,-0.03375266147444833,-0.03375266147444744,17
collusion,true,True,-0.4707421242128741,0.4950754101117956,-1.0,-0.007641482899138907,-0.007641482899139795,15
collusion,true,True,1.9597385841451957,2.9802322387695312e-08,1.9597385841451942,1.959738584145196,1.9597385841451942,16
collusion,true,True,0.5774844307626191,0.45957307884183146,0.9694096692699468,0.03858722781504298,0.9694096692699476,19
collusion,true,False,-0.028106233994226196,0.0,-0.02810623399422596,-0.02810623399422596,-0.028106233994226404,15
collusion,true,True,0.9444247062014249,1.8250120749944284e-08,0.9444247062014242,0.9444247062014242,0.944424706201425,18
collusion,true,True,0.44121597761786385,0.46508247644344086,0.9314559527488226,0.0,0.9314559527488235,19
collusion,honest_fp,False,-1.9999999999999998,0.0,-2.0,-2.0,-2.0,12
collusion,fabricated,False,-1.5402703761633851,1.4557537726810819,-2.9127681953643094,0.0037896704376549906,-2.9127681953643094,17
collusion,fabricated,False,-1.6532052037964484,1.3095357732937778,-2.688484134066007,0.003241084634847624,-2.688484134066007,13
collusion,fabricated,False,-3.640995670524316,2.355554753966154,-5.161499726056087,0.008214062751935813,-5.161499726056087,17
collusion,fabricated,False,-1.6242732537409592,1.540220538856492,-3.0854547542684756,-0.000738253154828783,-3.0854547542684756,19
collusion,fabricated,False,-2.2004132392460796,2.386586925405015,-4.778221742206142,0.009136906148260238,-4.778221742206141,13
collusion,fabricated,False,-1.5478497880774973,1.4557537726810819,-2.920347607278421,-0.0037897414764564985,-2.920347607278421,17
collusion,fabricated,False,-1.2699556775682221,1.343532109577093,-2.6949866757039693,-0.0032614570031128665,-2.6949866757039684,17
collusion,fabricated,False,-3.4547179249077944,2.4370264512398325,-5.1779558545104685,-0.008242065702443568,-5.177955854510468,18
collusion,fabricated,False,-1.8138162105936533,1.518152346865789,-3.083993593405154,0.0007229077084929258,-3.083993593405154,17
collusion,fabricated,False,-2.2186874302421993,2.3865869254050156,-4.796495933202262,-0.009137284847859917,-4.796495933202261,13
collusion,true,False,-0.07292436416586966,9.313225746154785e-10,-0.07292436416586945,-0.07292436416586945,-0.07292436416586945,17
collusion,true,True,0.27990047270345736,0.4116231583883438,0.8973352102859717,0.005485033777894444,0.8973352102859726,13
collusion,true,False,-0.0910829083509078,0.0,-0.09108290835090749,-0.09108290835090749,-0.09108290835090749,17
collusion,true,False,-0.4423337350323723,0.4665770720449741,-1.0,-0.05196734955503324,-0.05196734955503235,17
collusion,true,False,0.9198138268622005,0.0,0.9198138268621996,0.9198138268622014,0.9198138268622014,17
collusion,honest_fp,False,-2.0,0.0,-2.0,-2.0,-2.0,21
collusion,true,True,-1.5026355342785294,0.44328287460168964,-1.0,-1.8935742831618292,-1.89357428316183,16
collusion,true,True,0.1625053168569025,0.34321533759349226,0.967416631087719,0.01615780517857246,0.9674166310877199,13
collusion,true,True,0.4170013321421872,0.4457931756298252,0.8935742831618292,0.0,0.8935742831618301,15
collusion,true,True,1.9533804492949045,3.650024149988857e-08,1.9533804492949045,1.9533804492949045,1.9533804492949045,16
collusion,true,True,0.9712285239407243,1.0536712127723509e-08,0.9712285239407255,0.9712285239407255,0.9712285239407246,13
collusion,true,True,0.2390444012531198,0.39439098729193744,0.8930678640257099,0.0012176875176326263,0.0012176875176326263,15
collusion,true,True,0.12818402805337215,0.3545132331549157,0.9208997163109949,-0.03035910959815169,-0.03035910959815169,12
collusion,true,False,0.5138488467355468,0.4729617825920383,0.008231433164896274,0.9562640836098648,0.008231433164897162,15
collusion,honest_fp,False,0.0,0.0,0.0,0.0,0.0,16
collusion,honest_fp,False,0.0,0.0,0.0,0.0,0.0,19
collusion,fabricated,False,-0.6372233834718282,0.5314862283361818,-1.0818966653740745,-0.0019758378971932444,-1.0818966653740736,17
collusion,fabricated,False,-0.3418011707806669,0.978618025731496,-3.1097509395251954,0.004192550312398069,-3.1097509395251954,9
collusion,fabricated,False,-1.2626420791415731,1.0292144265444314,-2.1029921394565925,-0.0021169886690461936,-2.1029921394565925,15
collusion,fabricated,False,-0.6729766625079704,0.5228144225050619,-1.0779469728118016,0.0019738546650795996,-1.0779469728118007,16
collusion,fabricated,False,-0.1988148265112093,0.7537657048232508,-3.118136848233954,-0.00419335839636048,-3.118136848233954,16
collusion,fabricated,False,-1.348451633681355,1.0066499248716583,-2.0987641875340515,0.002110963253494802,-2.0987641875340506,14
collusion,true,False,0.0,0.0,0.0,0.0,0.0,15
collusion,true,False,-0.04636272024448959,0.0,-0.04636272024448829,-0.04636272024449184,-0.046362720244489175,15
collusion,true,True,-0.4811208950664786,0.48536695895429033,-1.0,-0.027101678249650263,-0.0271016782496476,15
collusion,true,True,0.48537989384245106,0.4511947131575341,0.8935008677339713,-0.013434629802741682,-0.013434629802739018,20
collusion,true,True,0.5820070204067818,0.4567302670851612,0.964134977785168,0.036109938437657974,0.964134977785168,17
collusion,honest_fp,False,0.0,0.0,0.0,0.0,0.0,18
collusion,honest_fp,False,0.0,0.0,0.0,0.0,0.0,10
collusion,true,True,1.3824558452546554,0.48644916087517504,0.8960066843794809,1.868905006129829,0.8960066843794801,14
collusion,true,True,1.9247840486068413,5.5755039852469285e-08,1.924784048606842,1.924784048606842,1.924784048606842,19
collusion,true,True,0.5708061348616841,0.44777942639889357,0.9526737127718796,0.04573821523516486,0.9526737127718778,19
collusion,true,True,0.4794950247542127,0.46113934951176566,0.8919505977975497,-0.03607444154996031,-0.036074441549958536,18
collusion,true,True,0.9649433693630728,1.0536712127723509e-08,0.9649433693630733,0.9649433693630698,0.9649433693630733,14
collusion,fabricated,False,-1.2763934885786514,1.2773832797252223,-2.553776768303875,0.0009897911465692744,-2.553776768303874,16
collusion,fabricated,False,-2.5467687021713457,3.1959776793037555,-6.553138747712856,0.0027395086277977043,-6.553138747712855,18
collusion,fabricated,False,-0.47368421052631576,0.49930699897395464,-1.0,0.0,-1.0,19
collusion,fabricated,False,-1.111111111111111,0.9938079899999063,-2.0,0.0,-2.0,18
collusion,fabricated,False,-1.278373292169989,1.2773832797252223,-2.5557565718952144,-0.000990012444766819,-2.5557565718952135,16
collusion,fabricated,False,-3.2807159151466934,3.2779391281703267,-6.558655043317023,-0.0027767869763657416,-6.55865504331702,14
collusion,fabricated,False,-0.5625,0.49607837082461076,-1.0,0.0,-1.0,16
collusion,fabricated,False,-1.176470588235294,0.9843059135695004,-2.0,0.0,-2.0,17
collusion,true,True,-0.00895513910270529,0.003886627565411407,-0.012632693601160483,-0.0050419041385190155,-0.01183077222703477,16
collusion,true,False,1.7042434154110875,1.9461224342172327,3.9109388361921402,-0.012075245196398132,-0.01207524519639791,16
collusion,true,False,0.002136159445636529,0.0,0.0021361594456372757,0.0021361594456368316,0.0021361594456366095,22
collusion,true,False,1.56442581863982,1.0996661850858582,2.3713601897367615,0.06583341517407204,2.371360189736761,20
collusion,true,True,2.2352366585898262,0.0,2.2352366585898267,2.2352366585898262,2.235236658589826,18
collusion,true,False,-0.0022221178678562686,0.004051253255289572,-0.004649795497616793,-0.0003920110181616643,-0.00718087910667764,16
collusion,true,False,1.5649520189223418,1.9124616030790134,3.9623495131042263,0.039335431715687985,3.9623495131042263,18
collusion,true,False,1.6234805006644415,1.0716769023080968,2.35154158736845,0.046014812805760474,0.046014812805760696,19
collusion,true,False,0.008860311421937283,0.0016272757453563494,0.009859404714745779,0.006503425702079735,0.00985940471474489,17
collusion,fabricated,False,-1.1795001258978233,1.1130369723928262,-2.2288814470849054,0.0010538604376444383,-2.2288814470849054,17
collusion,fabricated,False,-1.5448572161486078,1.029200911164253,-2.2309911569247767,-0.001055849402227249,-2.230991156924777,13
collusion,true,False,0.005940431964245858,0.009653186011887504,0.036498896473867504,-0.00037485540390669314,-0.00037485540390669314,14
collusion,true,True,1.3873734281459242,1.058553773669303,2.1875648665796184,-0.012961589113039018,-0.01296158911303924,11
collusion,true,True,0.004010326705076511,0.005162555200810539,0.026848461078503583,0.00220654598328629,0.0023220166440403034,21
collusion,true,False,-0.034040060827841626,0.0,-0.0340400608278415,-0.0340400608278415,-0.03404006082784172,7
collusion,true,False,0.02583215791947329,0.013501246302450897,0.03933340422192444,0.012330911617023155,0.03933340422192422,14
collusion,true,False,0.02077416650268584,0.009699989722881927,0.05229373919902258,0.011561440523058408,0.052293739199022804,15
collusion,true,False,0.6835712275527077,0.6518686498472652,1.2933385147795513,-0.0133056721351128,-0.013305672135113689,15
collusion,true,False,-0.01914420998930786,0.009347147519350396,-0.0076963390028428336,-0.026776123980283728,-0.026776123980284172,20
collusion,true,True,0.7955359329910378,1.0495842249201572,2.2258781291912655,0.025351673498608562,2.2258781291912655,20
collusion,honest_fp,False,0.0,0.0,0.0,0.0,0.0,17
collusion,honest_fp,False,-1.4899447117269922,3.650024149988857e-08,-1.4899447117269933,-1.4899447117269915,-1.4899447117269928,20
collusion,true,False,0.0018113992123692728,0.013471210122191917,0.01621272860165046,-0.010789764003250824,-0.010789764003251268,15
collusion,true,False,0.009939436945698222,0.008111341967854799,0.03976612673264768,0.002423974317444788,0.005495260014161563,19
collusion,true,False,0.8653168277040355,0.635687957241403,1.367872284209676,0.061228097295011885,1.3678722842096758,13
collusion,true,False,0.04799414885097648,0.00928239658384279,0.05533252768845376,0.036252742711012864,0.05533252768845398,13
collusion,fabricated,False,-1.0784865806182258,1.2788032490786054,-2.6069488096267515,-0.008563020312257308,-2.6069488096267515,17
collusion,fabricated,False,-1.4,0.9165151389911681,-2.0,0.0,-2.0,10
collusion,fabricated,False,-1.2040226818823387,1.2963025843036018,-2.589828436183402,0.008557353131092071,-2.589828436183402,15
collusion,fabricated,False,-1.0,0.9999999999999999,-2.0,0.0,-2.0,14
collusion,true,False,0.018169741447900793,0.011342281367078577,0.03206114238211111,0.008908807491760484,0.03206114238211066,15
collusion,true,False,0.21386029731106246,1.013005811941092,1.9336147836536313,0.002453426339254605,0.002630561857827729,19
collusion,true,True,0.512281786276839,0.9195239932140662,2.1569136243546954,-0.014644004623619367,-0.01464400462361981,21
collusion,true,True,0.5161555673873628,0.4780968866769565,0.9587870386419359,-0.0010035609653904487,-0.0010035609653913369,13
collusion,honest_fp,False,-2.9542501835680604,0.0,-2.9542501835680604,-2.9542501835680604,-2.9542501835680604,17
collusion,honest_fp,False,-1.0,0.0,-1.0,-1.0,-1.0,17
collusion,true,False,-0.019039382219189778,0.008993440974970705,-0.0068622055741078825,-0.02568147857105174,-0.02568147857105263,17
collusion,true,False,0.8229565456397009,0.948162062655075,1.9448288391038568,0.016161613726135116,0.021320229868588392,12
collusion,true,False,-0.01576074833053524,0.002136790430660554,-0.01828903286404504,-0.01395483080659865,-0.013954830806599539,12
collusion,true,True,0.8095557683974673,1.0334029984578974,2.1959510843881738,0.035200498183186824,0.03130691675155273,14
collusion,honest_fp,False,-2.235547768660132,0.0,-2.2355477686601297,-2.2355477686601315,-2.2355477686601315,12
collusion,honest_fp,False,0.0,0.0,0.0,0.0,0.0,16
collusion,true,False,0.021444707307948896,0.008993440974970669,0.033621883953030895,0.014802610956087037,0.03362188395303001,17
collusion,true,False,0.018433319916978417,0.011457434383981582,0.031663225568607345,0.00851089067825761,0.008510890678257166,14
collusion,true,False,0.2228965753564947,1.0146841140849021,1.9461368981467313,0.00989047833845369,1.9461368981467304,19
collusion,true,False,0.007117170840035889,0.0019085545307301114,0.003923548271391297,0.008257750328837687,0.003923548271390853,19
collusion,true,False,0.03535754677731552,4.656612873077393e-10,0.03535754677731617,0.03535754677731617,0.03535754677731573,15
collusion,true,True,0.6797863706964578,0.9928801384880273,2.2177959367954294,0.015947137534709555,2.2177959367954294,17
collusion,honest_fp,False,-2.0,0.0,-2.0,-2.0,-2.0,20
collusion,true,True,0.6029456731781356,0.8683275095094549,0.9735671677843856,0.017113577004696623,0.0038821103621704545,16
collusion,true,True,0.3258543139254334,0.771632572716426,2.2157207943543336,0.007899409381304068,0.007899409381303846,14
collusion,honest_fp,False,0.0,0.0,0.0,0.0,0.0,9
collusion,honest_fp,False,0.0,0.0,0.0,0.0,0.0,15
collusion,honest_fp,False,0.0,0.0,0.0,0.0,0.0,14
collusion,honest_fp,False,-1.2160375339360114,4.2146848510894035e-08,-1.2160375339360128,-1.2160375339360119,-1.2160375339360117,20
collusion,true,False,-0.07311174142983101,0.016316831830970494,-0.08750183449956772,-0.05461019319731086,-0.08750183449956794,16
collusion,true,False,0.8743330605257658,0.9785307910393772,1.9838826848012667,0.011350019422598834,1.9838826848012667,16
collusion,true,True,0.6385365720722135,0.88004799801002,0.9631937178087489,0.012572580122178323,0.002432685653015021,15
collusion,true,False,0.05677277294167476,6.585445079827193e-10,0.05677277294167471,0.0567727729416756,0.05677277294167449,18
collusion,true,False,0.0429707432108118,0.005055416572392021,0.03820445075739709,0.04833282222090318,0.038204450757396424,17
collusion,true,True,0.27000429802226883,0.7089406120649893,2.21145919776779,0.014549433698228142,0.004256377686375323,17
collusion,honest_fp,False,0.0,0.0,0.0,0.0,0.0,11
collusion,true,False,-0.0036919102267505863,0.016423026709957496,-0.02100330038583298,0.01188834091642299,-0.02100330038583298,19
collusion,true,False,0.9817088217185068,0.9862663326893351,1.9679751544078412,-0.004557510970826684,-0.004557510970827572,14
collusion,true,True,0.6931407725772998,0.894241665876928,0.9849995360375337,0.018232924325500832,0.9849995360375328,14
collusion,true,False,0.0170269677889823,0.005024466014722707,0.012595805273698524,0.022724176737204616,0.022724176737204616,16
collusion,true,True,0.2674453793381079,0.69667487463337,2.2378368980103343,0.014386706305106856,2.2378368980103343,18
collusion,honest_fp,False,-3.0494356607254467,0.0,-3.049435660725446,-3.0494356607254467,-3.0494356607254467,12
collusion,fabricated,False,0.31943378518674065,0.44292755285593777,0.9458279375843341,0.0062367089879433735,0.9458279375843337,15
collusion,fabricated,False,-2.2052327717174127,2.2199471069660492,-4.425179878683463,0.014714335248637411,-4.425179878683463,10
collusion,fabricated,False,-0.8169871937916353,0.9758865354995382,-1.983394700484907,-0.0005019391063445511,-1.9833947004849077,17
collusion,fabricated,False,-0.5714285714285714,0.9035079029052513,-1.9999999999999991,0.0,-1.9999999999999998,14
collusion,fabricated,False,-0.03602441145614644,0.018578071768584014,-0.9999999999999991,-0.024892167897334616,-0.04230008974195676,11
collusion,fabricated,False,-0.4090909090909091,0.4916660830178167,-0.9999999999999991,0.0,-0.9999999999999998,22
collusion,fabricated,False,0.3552067281353185,0.4571151310585418,0.9334167149638661,-0.00617451363252286,-0.006174513632523748,13
collusion,fabricated,False,-1.7224447354475863,2.160027428650512,-4.454687328636569,-0.014793114704470867,-4.45468732863657,13
collusion,fabricated,False,-0.8670140575308852,0.9836702105845915,-1.9823912358063263,0.000501525572236261,-1.9823912358063265,16
collusion,fabricated,False,-0.6666666666666666,0.9428090415820634,-1.9999999999999991,0.0,-1.9999999999999998,12
collusion,fabricated,False,-0.0328235570390886,0.014027545590049149,-0.9999999999999991,-0.02376036711577889,-0.04116828896040081,16
collusion,fabricated,False,-0.8181818181818182,0.38569460791993493,-0.9999999999999991,0.0,-0.9999999999999998,11
